ID,Original Assumption,Assumption,Proposition,is phrase B contain any Contrary to phrase A? by maya,is phrase B contain any Contrary to phrase A? by Watanee,is phrase B contain any Contrary to phrase A? by YY,is phrase B contain any Contrary to phrase A? by Nonraphan,is phrase B contain any Contrary to phrase A? by Phanphum,is phrase B contain any Contrary to phrase A? by Nimmida,Vote
1,no_evident_not_helpful_staff,helpful_staff,staff_not_speak_English_properly,Yes,No,No,Yes,Yes,,Yes
2,no_evident_not_helpful_staff,helpful_staff,staff_clean_after_complaint,Yes,Yes,No,No,No,,No
3,no_evident_not_helpful_staff,helpful_staff,staff_should_learn_better_English,No,No,No,No,No,,No
4,no_evident_not_helpful_staff,helpful_staff,staff_need_improve_organization,Yes,Yes,Yes,Yes,Yes,,Yes
5,no_evident_not_helpful_staff,helpful_staff,staff_need_improve_collaboration,Yes,Yes,Yes,Yes,Yes,,Yes
6,no_evident_not_helpful_staff,helpful_staff,staff_need_keep_update,Yes,Yes,Yes,Yes,Yes,,Yes
7,no_evident_not_helpful_staff,helpful_staff,not_kind_staff,Yes,No,No,No,No,,No
8,no_evident_not_helpful_staff,helpful_staff,no_empathy_staff,Yes,Yes,Yes,Yes,Yes,,Yes
9,no_evident_not_helpful_staff,helpful_staff,staff_fail_to_communicate_with_taxi,No,Yes,Yes,Yes,Yes,,Yes
10,no_evident_not_helpful_staff,helpful_staff,staff_fail_to_guest_request,No,Yes,Yes,Yes,Yes,,Yes
11,no_evident_not_helpful_staff,helpful_staff,staff_cannot_provide_double_bed,Yes,Yes,Yes,Yes,Yes,,Yes
12,no_evident_not_helpful_staff,helpful_staff,offended_staff,Yes,Yes,Yes,Yes,Yes,,Yes
13,no_evident_not_helpful_staff,helpful_staff,staff_not_justify_booking_issue,Yes,Yes,Yes,Yes,Yes,,Yes
14,no_evident_not_helpful_staff,helpful_staff,staff_charge_for_cancellation_while_no_cancellation_charge_in_Booking.com,Yes,Yes,Yes,Yes,Yes,,Yes
15,no_evident_not_helpful_staff,helpful_staff,staff_enforce_cancellation_charge,Yes,Yes,Yes,Yes,No,,Yes
16,no_evident_not_helpful_staff,helpful_staff,staff_mistakenly_throw_valuable_item_during_cleaning_service,Yes,Yes,Yes,Yes,Yes,,Yes
17,no_evident_not_helpful_staff,helpful_staff,staff_not_provide_good_solution,Yes,Yes,Yes,Yes,Yes,,Yes
18,no_evident_not_helpful_staff,helpful_staff,staff_has_unaceptable_manner,Yes,No,No,No,No,,No
19,no_evident_not_helpful_staff,helpful_staff,staff_not_speak_Cypriot_language,No,No,No,Yes,Yes,,No
20,no_evident_not_helpful_staff,helpful_staff,no_staff_at_night,No,No,No,No,No,,No
21,no_evident_not_helpful_staff,helpful_staff,staff_not_understand_English_well,Yes,No,No,Yes,Yes,,Yes
22,no_evident_not_helpful_staff,helpful_staff,staff_cannot_give_bus_to_airport_information,Yes,Yes,Yes,Yes,Yes,,Yes
23,no_evident_not_helpful_staff,helpful_staff,only_one_staff_wear_mask,Yes,No,No,No,No,,No
24,no_evident_not_easy_to_communicate_with,easy_to_communicate_with,staff_not_speak_English_properly,Yes,,Yes,Yes,Yes,,Yes
25,no_evident_not_easy_to_communicate_with,easy_to_communicate_with,staff_clean_after_complaint,No,,No,No,No,,No
26,no_evident_not_easy_to_communicate_with,easy_to_communicate_with,staff_should_learn_better_English,No,,Yes,Yes,Yes,,Yes
27,no_evident_not_easy_to_communicate_with,easy_to_communicate_with,staff_need_improve_organization,No,,No,No,No,,No
28,no_evident_not_easy_to_communicate_with,easy_to_communicate_with,staff_need_improve_collaboration,No,,No,No,No,,No
29,no_evident_not_easy_to_communicate_with,easy_to_communicate_with,staff_need_keep_update,No,,No,No,No,,No
30,no_evident_not_easy_to_communicate_with,easy_to_communicate_with,not_kind_staff,Yes,,Yes,No,No,Yes,Yes
31,no_evident_not_easy_to_communicate_with,easy_to_communicate_with,no_empathy_staff,Yes,,Yes,No,No,Yes,Yes
32,no_evident_not_easy_to_communicate_with,easy_to_communicate_with,staff_fail_to_communicate_with_taxi,Yes,,No,Yes,Yes,,Yes
33,no_evident_not_easy_to_communicate_with,easy_to_communicate_with,staff_fail_to_guest_request,Yes,,Yes,Yes,Yes,,Yes
34,no_evident_not_easy_to_communicate_with,easy_to_communicate_with,staff_cannot_provide_double_bed,Yes,,Yes,No,No,Yes,Yes
35,no_evident_not_easy_to_communicate_with,easy_to_communicate_with,offended_staff,Yes,,No,No,No,,No
36,no_evident_not_easy_to_communicate_with,easy_to_communicate_with,staff_not_justify_booking_issue,Yes,,No,Yes,Yes,,Yes
37,no_evident_not_easy_to_communicate_with,easy_to_communicate_with,staff_charge_for_cancellation_while_no_cancellation_charge_in_Booking.com,Yes,,Yes,No,No,Yes,Yes
38,no_evident_not_easy_to_communicate_with,easy_to_communicate_with,staff_enforce_cancellation_charge,Yes,,Yes,No,No,Yes,Yes
39,no_evident_not_easy_to_communicate_with,easy_to_communicate_with,staff_mistakenly_throw_valuable_item_during_cleaning_service,Yes,,No,No,Yes,Yes,Yes
40,no_evident_not_easy_to_communicate_with,easy_to_communicate_with,staff_not_provide_good_solution,Yes,,No,Yes,Yes,,Yes
41,no_evident_not_easy_to_communicate_with,easy_to_communicate_with,staff_has_unaceptable_manner,Yes,,Yes,Yes,No,,Yes
42,no_evident_not_easy_to_communicate_with,easy_to_communicate_with,staff_not_speak_Cypriot_language,No,,No,Yes,Yes,Yes,Yes
43,no_evident_not_easy_to_communicate_with,easy_to_communicate_with,no_staff_at_night,Yes,,Yes,Yes,No,,Yes
44,no_evident_not_easy_to_communicate_with,easy_to_communicate_with,staff_not_understand_English_well,Yes,,Yes,Yes,Yes,,Yes
45,no_evident_not_easy_to_communicate_with,easy_to_communicate_with,staff_cannot_give_bus_to_airport_information,Yes,,No,No,Yes,Yes,Yes
46,no_evident_not_easy_to_communicate_with,easy_to_communicate_with,only_one_staff_wear_mask,Yes,,No,No,No,,No
47,no_evident_not_nice_staff,nice_staff,staff_not_speak_English_properly,Yes,,No,No,No,,No
48,no_evident_not_nice_staff,nice_staff,staff_clean_after_complaint,Yes,,No,No,No,,No
49,no_evident_not_nice_staff,nice_staff,staff_should_learn_better_English,No,,No,No,No,,No
50,no_evident_not_nice_staff,nice_staff,staff_need_improve_organization,Yes,,No,Yes,No,Yes,Yes
51,no_evident_not_nice_staff,nice_staff,staff_need_improve_collaboration,Yes,,No,Yes,No,Yes,Yes
52,no_evident_not_nice_staff,nice_staff,staff_need_keep_update,Yes,,No,No,No,,No
53,no_evident_not_nice_staff,nice_staff,not_kind_staff,Yes,,Yes,Yes,Yes,,Yes
54,no_evident_not_nice_staff,nice_staff,no_empathy_staff,Yes,,Yes,Yes,Yes,,Yes
55,no_evident_not_nice_staff,nice_staff,staff_fail_to_communicate_with_taxi,No,,No,No,No,,No
56,no_evident_not_nice_staff,nice_staff,staff_fail_to_guest_request,No,,No,Yes,No,,No
57,no_evident_not_nice_staff,nice_staff,staff_cannot_provide_double_bed,Yes,,No,No,No,,No
58,no_evident_not_nice_staff,nice_staff,offended_staff,Yes,,Yes,Yes,Yes,,Yes
59,no_evident_not_nice_staff,nice_staff,staff_not_justify_booking_issue,Yes,,Yes,Yes,Yes,,Yes
60,no_evident_not_nice_staff,nice_staff,staff_charge_for_cancellation_while_no_cancellation_charge_in_Booking.com,Yes,,Yes,Yes,Yes,,Yes
61,no_evident_not_nice_staff,nice_staff,staff_enforce_cancellation_charge,Yes,,Yes,Yes,No,,Yes
62,no_evident_not_nice_staff,nice_staff,staff_mistakenly_throw_valuable_item_during_cleaning_service,Yes,,Yes,Yes,Yes,,Yes
63,no_evident_not_nice_staff,nice_staff,staff_not_provide_good_solution,Yes,,Yes,Yes,No,,Yes
64,no_evident_not_nice_staff,nice_staff,staff_has_unaceptable_manner,Yes,,Yes,Yes,Yes,,Yes
65,no_evident_not_nice_staff,nice_staff,staff_not_speak_Cypriot_language,No,,No,Yes,No,,No
66,no_evident_not_nice_staff,nice_staff,no_staff_at_night,No,,No,No,No,,No
67,no_evident_not_nice_staff,nice_staff,staff_not_understand_English_well,Yes,,No,Yes,No,No,No
68,no_evident_not_nice_staff,nice_staff,staff_cannot_give_bus_to_airport_information,Yes,,Yes,Yes,No,,Yes
69,no_evident_not_nice_staff,nice_staff,only_one_staff_wear_mask,Yes,,No,Yes,No,No,No
70,no_evident_not_great_staff,great_staff,staff_not_speak_English_properly,Yes,,Yes,Yes,Yes,,Yes
71,no_evident_not_great_staff,great_staff,staff_clean_after_complaint,Yes,,No,No,No,,No
72,no_evident_not_great_staff,great_staff,staff_should_learn_better_English,No,,Yes,Yes,Yes,,Yes
73,no_evident_not_great_staff,great_staff,staff_need_improve_organization,No,,Yes,Yes,Yes,,Yes
74,no_evident_not_great_staff,great_staff,staff_need_improve_collaboration,No,,Yes,Yes,Yes,,Yes
75,no_evident_not_great_staff,great_staff,staff_need_keep_update,No,,Yes,Yes,Yes,,Yes
76,no_evident_not_great_staff,great_staff,not_kind_staff,Yes,,Yes,Yes,No,,Yes
77,no_evident_not_great_staff,great_staff,no_empathy_staff,Yes,,Yes,Yes,No,,Yes
78,no_evident_not_great_staff,great_staff,staff_fail_to_communicate_with_taxi,Yes,,Yes,Yes,Yes,,Yes
79,no_evident_not_great_staff,great_staff,staff_fail_to_guest_request,Yes,,Yes,Yes,Yes,,Yes
80,no_evident_not_great_staff,great_staff,staff_cannot_provide_double_bed,Yes,,Yes,Yes,No,,Yes
81,no_evident_not_great_staff,great_staff,offended_staff,Yes,,Yes,Yes,Yes,,Yes
82,no_evident_not_great_staff,great_staff,staff_not_justify_booking_issue,Yes,,Yes,Yes,Yes,,Yes
83,no_evident_not_great_staff,great_staff,staff_charge_for_cancellation_while_no_cancellation_charge_in_Booking.com,Yes,,Yes,Yes,Yes,,Yes
84,no_evident_not_great_staff,great_staff,staff_enforce_cancellation_charge,Yes,,Yes,Yes,No,,Yes
85,no_evident_not_great_staff,great_staff,staff_mistakenly_throw_valuable_item_during_cleaning_service,Yes,,Yes,Yes,Yes,,Yes
86,no_evident_not_great_staff,great_staff,staff_not_provide_good_solution,Yes,,Yes,Yes,Yes,,Yes
87,no_evident_not_great_staff,great_staff,staff_has_unaceptable_manner,Yes,,Yes,Yes,Yes,,Yes
88,no_evident_not_great_staff,great_staff,staff_not_speak_Cypriot_language,Yes,,No,Yes,Yes,,Yes
89,no_evident_not_great_staff,great_staff,no_staff_at_night,Yes,,No,No,No,,No
90,no_evident_not_great_staff,great_staff,staff_not_understand_English_well,Yes,,Yes,Yes,Yes,,Yes
91,no_evident_not_great_staff,great_staff,staff_cannot_give_bus_to_airport_information,Yes,,Yes,Yes,Yes,,Yes
92,no_evident_not_great_staff,great_staff,only_one_staff_wear_mask,Yes,,No,No,No,,No
93,no_evident_not_lovely_staff,lovely_staff,staff_not_speak_English_properly,No,,No,No,No,,No
94,no_evident_not_lovely_staff,lovely_staff,staff_clean_after_complaint,Yes,,No,No,No,,No
95,no_evident_not_lovely_staff,lovely_staff,staff_should_learn_better_English,No,,No,No,No,,No
96,no_evident_not_lovely_staff,lovely_staff,staff_need_improve_organization,No,,No,No,No,,No
97,no_evident_not_lovely_staff,lovely_staff,staff_need_improve_collaboration,Yes,,No,No,No,,No
98,no_evident_not_lovely_staff,lovely_staff,staff_need_keep_update,Yes,,No,No,No,,No
99,no_evident_not_lovely_staff,lovely_staff,not_kind_staff,Yes,,Yes,Yes,Yes,,Yes
100,no_evident_not_lovely_staff,lovely_staff,no_empathy_staff,Yes,,Yes,Yes,Yes,,Yes
101,no_evident_not_lovely_staff,lovely_staff,staff_fail_to_communicate_with_taxi,Yes,,No,No,No,,No
102,no_evident_not_lovely_staff,lovely_staff,staff_fail_to_guest_request,No,,No,Yes,No,,No
103,no_evident_not_lovely_staff,lovely_staff,staff_cannot_provide_double_bed,No,,No,Yes,No,,No
104,no_evident_not_lovely_staff,lovely_staff,offended_staff,Yes,,Yes,Yes,Yes,,Yes
105,no_evident_not_lovely_staff,lovely_staff,staff_not_justify_booking_issue,Yes,,Yes,Yes,No,,Yes
106,no_evident_not_lovely_staff,lovely_staff,staff_charge_for_cancellation_while_no_cancellation_charge_in_Booking.com,Yes,,No,Yes,No,Yes,Yes
107,no_evident_not_lovely_staff,lovely_staff,staff_enforce_cancellation_charge,Yes,,Yes,Yes,No,,Yes
108,no_evident_not_lovely_staff,lovely_staff,staff_mistakenly_throw_valuable_item_during_cleaning_service,Yes,,No,No,No,,No
109,no_evident_not_lovely_staff,lovely_staff,staff_not_provide_good_solution,Yes,,Yes,Yes,No,,Yes
110,no_evident_not_lovely_staff,lovely_staff,staff_has_unaceptable_manner,Yes,,Yes,Yes,Yes,,Yes
111,no_evident_not_lovely_staff,lovely_staff,staff_not_speak_Cypriot_language,No,,No,No,No,,No
112,no_evident_not_lovely_staff,lovely_staff,no_staff_at_night,No,,No,No,No,,No
113,no_evident_not_lovely_staff,lovely_staff,staff_not_understand_English_well,No,,No,No,No,,No
114,no_evident_not_lovely_staff,lovely_staff,staff_cannot_give_bus_to_airport_information,No,,No,No,No,,No
115,no_evident_not_lovely_staff,lovely_staff,only_one_staff_wear_mask,Yes,,No,Yes,No,No,No
116,no_evident_not_staff_show_how_nearby_bus_take_to_town_center,staff_show_how_nearby_bus_take_to_town_center,staff_not_speak_English_properly,Yes,,No,Yes,No,No,No
117,no_evident_not_staff_show_how_nearby_bus_take_to_town_center,staff_show_how_nearby_bus_take_to_town_center,staff_clean_after_complaint,No,,No,No,No,,No
118,no_evident_not_staff_show_how_nearby_bus_take_to_town_center,staff_show_how_nearby_bus_take_to_town_center,staff_should_learn_better_English,No,,No,No,No,,No
119,no_evident_not_staff_show_how_nearby_bus_take_to_town_center,staff_show_how_nearby_bus_take_to_town_center,staff_need_improve_organization,No,,No,No,No,,No
120,no_evident_not_staff_show_how_nearby_bus_take_to_town_center,staff_show_how_nearby_bus_take_to_town_center,staff_need_improve_collaboration,No,,No,No,No,,No
121,no_evident_not_staff_show_how_nearby_bus_take_to_town_center,staff_show_how_nearby_bus_take_to_town_center,staff_need_keep_update,No,,No,No,No,,No
122,no_evident_not_staff_show_how_nearby_bus_take_to_town_center,staff_show_how_nearby_bus_take_to_town_center,not_kind_staff,Yes,,Yes,Yes,Yes,,Yes
123,no_evident_not_staff_show_how_nearby_bus_take_to_town_center,staff_show_how_nearby_bus_take_to_town_center,no_empathy_staff,No,,Yes,Yes,No,Yes,Yes
124,no_evident_not_staff_show_how_nearby_bus_take_to_town_center,staff_show_how_nearby_bus_take_to_town_center,staff_fail_to_communicate_with_taxi,Yes,,No,No,No,,No
125,no_evident_not_staff_show_how_nearby_bus_take_to_town_center,staff_show_how_nearby_bus_take_to_town_center,staff_fail_to_guest_request,No,,No,No,No,,No
126,no_evident_not_staff_show_how_nearby_bus_take_to_town_center,staff_show_how_nearby_bus_take_to_town_center,staff_cannot_provide_double_bed,No,,No,No,No,,No
127,no_evident_not_staff_show_how_nearby_bus_take_to_town_center,staff_show_how_nearby_bus_take_to_town_center,offended_staff,No,,Yes,Yes,No,Yes,Yes
128,no_evident_not_staff_show_how_nearby_bus_take_to_town_center,staff_show_how_nearby_bus_take_to_town_center,staff_not_justify_booking_issue,No,,No,No,No,,No
129,no_evident_not_staff_show_how_nearby_bus_take_to_town_center,staff_show_how_nearby_bus_take_to_town_center,staff_charge_for_cancellation_while_no_cancellation_charge_in_Booking.com,No,,No,No,No,,No
130,no_evident_not_staff_show_how_nearby_bus_take_to_town_center,staff_show_how_nearby_bus_take_to_town_center,staff_enforce_cancellation_charge,No,,No,No,No,,No
131,no_evident_not_staff_show_how_nearby_bus_take_to_town_center,staff_show_how_nearby_bus_take_to_town_center,staff_mistakenly_throw_valuable_item_during_cleaning_service,No,,No,No,No,,No
132,no_evident_not_staff_show_how_nearby_bus_take_to_town_center,staff_show_how_nearby_bus_take_to_town_center,staff_not_provide_good_solution,Yes,,Yes,Yes,No,,Yes
133,no_evident_not_staff_show_how_nearby_bus_take_to_town_center,staff_show_how_nearby_bus_take_to_town_center,staff_has_unaceptable_manner,Yes,,Yes,Yes,No,,Yes
134,no_evident_not_staff_show_how_nearby_bus_take_to_town_center,staff_show_how_nearby_bus_take_to_town_center,staff_not_speak_Cypriot_language,No,,No,Yes,No,,No
135,no_evident_not_staff_show_how_nearby_bus_take_to_town_center,staff_show_how_nearby_bus_take_to_town_center,no_staff_at_night,Yes,,No,Yes,Yes,,Yes
136,no_evident_not_staff_show_how_nearby_bus_take_to_town_center,staff_show_how_nearby_bus_take_to_town_center,staff_not_understand_English_well,Yes,,No,Yes,No,No,No
137,no_evident_not_staff_show_how_nearby_bus_take_to_town_center,staff_show_how_nearby_bus_take_to_town_center,staff_cannot_give_bus_to_airport_information,Yes,,No,No,No,,No
138,no_evident_not_staff_show_how_nearby_bus_take_to_town_center,staff_show_how_nearby_bus_take_to_town_center,only_one_staff_wear_mask,Yes,,No,No,No,,No
139,no_evident_not_staff_show_how_nearby_bus_take_to_airport,staff_show_how_nearby_bus_take_to_airport,staff_not_speak_English_properly,Yes,,No,Yes,No,No,No
140,no_evident_not_staff_show_how_nearby_bus_take_to_airport,staff_show_how_nearby_bus_take_to_airport,staff_clean_after_complaint,No,,No,No,No,,No
141,no_evident_not_staff_show_how_nearby_bus_take_to_airport,staff_show_how_nearby_bus_take_to_airport,staff_should_learn_better_English,No,,No,Yes,No,,No
142,no_evident_not_staff_show_how_nearby_bus_take_to_airport,staff_show_how_nearby_bus_take_to_airport,staff_need_improve_organization,No,,No,No,No,,No
143,no_evident_not_staff_show_how_nearby_bus_take_to_airport,staff_show_how_nearby_bus_take_to_airport,staff_need_improve_collaboration,No,,No,No,No,,No
144,no_evident_not_staff_show_how_nearby_bus_take_to_airport,staff_show_how_nearby_bus_take_to_airport,staff_need_keep_update,No,,No,No,No,,No
145,no_evident_not_staff_show_how_nearby_bus_take_to_airport,staff_show_how_nearby_bus_take_to_airport,not_kind_staff,Yes,,Yes,Yes,Yes,,Yes
146,no_evident_not_staff_show_how_nearby_bus_take_to_airport,staff_show_how_nearby_bus_take_to_airport,no_empathy_staff,No,,Yes,Yes,No,Yes,Yes
147,no_evident_not_staff_show_how_nearby_bus_take_to_airport,staff_show_how_nearby_bus_take_to_airport,staff_fail_to_communicate_with_taxi,Yes,,No,No,No,,No
148,no_evident_not_staff_show_how_nearby_bus_take_to_airport,staff_show_how_nearby_bus_take_to_airport,staff_fail_to_guest_request,No,,No,Yes,No,,No
149,no_evident_not_staff_show_how_nearby_bus_take_to_airport,staff_show_how_nearby_bus_take_to_airport,staff_cannot_provide_double_bed,No,,No,No,No,,No
150,no_evident_not_staff_show_how_nearby_bus_take_to_airport,staff_show_how_nearby_bus_take_to_airport,offended_staff,No,,Yes,Yes,No,Yes,Yes
151,no_evident_not_staff_show_how_nearby_bus_take_to_airport,staff_show_how_nearby_bus_take_to_airport,staff_not_justify_booking_issue,No,,No,No,No,,No
152,no_evident_not_staff_show_how_nearby_bus_take_to_airport,staff_show_how_nearby_bus_take_to_airport,staff_charge_for_cancellation_while_no_cancellation_charge_in_Booking.com,No,,No,No,No,,No
153,no_evident_not_staff_show_how_nearby_bus_take_to_airport,staff_show_how_nearby_bus_take_to_airport,staff_enforce_cancellation_charge,No,,No,No,No,,No
154,no_evident_not_staff_show_how_nearby_bus_take_to_airport,staff_show_how_nearby_bus_take_to_airport,staff_mistakenly_throw_valuable_item_during_cleaning_service,No,,No,No,No,,No
155,no_evident_not_staff_show_how_nearby_bus_take_to_airport,staff_show_how_nearby_bus_take_to_airport,staff_not_provide_good_solution,Yes,,Yes,Yes,No,,Yes
156,no_evident_not_staff_show_how_nearby_bus_take_to_airport,staff_show_how_nearby_bus_take_to_airport,staff_has_unaceptable_manner,Yes,,Yes,Yes,No,,Yes
157,no_evident_not_staff_show_how_nearby_bus_take_to_airport,staff_show_how_nearby_bus_take_to_airport,staff_not_speak_Cypriot_language,No,,No,Yes,No,,No
158,no_evident_not_staff_show_how_nearby_bus_take_to_airport,staff_show_how_nearby_bus_take_to_airport,no_staff_at_night,Yes,,No,Yes,Yes,,Yes
159,no_evident_not_staff_show_how_nearby_bus_take_to_airport,staff_show_how_nearby_bus_take_to_airport,staff_not_understand_English_well,Yes,,No,Yes,No,No,No
160,no_evident_not_staff_show_how_nearby_bus_take_to_airport,staff_show_how_nearby_bus_take_to_airport,staff_cannot_give_bus_to_airport_information,Yes,,Yes,Yes,Yes,,Yes
161,no_evident_not_staff_show_how_nearby_bus_take_to_airport,staff_show_how_nearby_bus_take_to_airport,only_one_staff_wear_mask,Yes,,No,No,No,,No
162,no_evident_not_amazing_staff,amazing_staff,staff_not_speak_English_properly,Yes,,Yes,Yes,Yes,,Yes
163,no_evident_not_amazing_staff,amazing_staff,staff_clean_after_complaint,Yes,,No,No,No,,No
164,no_evident_not_amazing_staff,amazing_staff,staff_should_learn_better_English,No,,Yes,Yes,Yes,,Yes
165,no_evident_not_amazing_staff,amazing_staff,staff_need_improve_organization,No,,Yes,Yes,Yes,,Yes
166,no_evident_not_amazing_staff,amazing_staff,staff_need_improve_collaboration,No,,Yes,Yes,Yes,,Yes
167,no_evident_not_amazing_staff,amazing_staff,staff_need_keep_update,No,,Yes,Yes,Yes,,Yes
168,no_evident_not_amazing_staff,amazing_staff,not_kind_staff,Yes,,Yes,Yes,Yes,,Yes
169,no_evident_not_amazing_staff,amazing_staff,no_empathy_staff,Yes,,Yes,Yes,Yes,,Yes
170,no_evident_not_amazing_staff,amazing_staff,staff_fail_to_communicate_with_taxi,Yes,,Yes,Yes,Yes,,Yes
171,no_evident_not_amazing_staff,amazing_staff,staff_fail_to_guest_request,Yes,,Yes,Yes,Yes,,Yes
172,no_evident_not_amazing_staff,amazing_staff,staff_cannot_provide_double_bed,Yes,,Yes,Yes,Yes,,Yes
173,no_evident_not_amazing_staff,amazing_staff,offended_staff,Yes,,Yes,Yes,Yes,,Yes
174,no_evident_not_amazing_staff,amazing_staff,staff_not_justify_booking_issue,Yes,,Yes,Yes,Yes,,Yes
175,no_evident_not_amazing_staff,amazing_staff,staff_charge_for_cancellation_while_no_cancellation_charge_in_Booking.com,Yes,,Yes,Yes,Yes,,Yes
176,no_evident_not_amazing_staff,amazing_staff,staff_enforce_cancellation_charge,Yes,,Yes,Yes,No,,Yes
177,no_evident_not_amazing_staff,amazing_staff,staff_mistakenly_throw_valuable_item_during_cleaning_service,Yes,,No,Yes,Yes,,Yes
178,no_evident_not_amazing_staff,amazing_staff,staff_not_provide_good_solution,Yes,,Yes,Yes,Yes,,Yes
179,no_evident_not_amazing_staff,amazing_staff,staff_has_unaceptable_manner,Yes,,Yes,Yes,Yes,,Yes
180,no_evident_not_amazing_staff,amazing_staff,staff_not_speak_Cypriot_language,Yes,,No,Yes,Yes,,Yes
181,no_evident_not_amazing_staff,amazing_staff,no_staff_at_night,Yes,,No,Yes,No,Yes,Yes
182,no_evident_not_amazing_staff,amazing_staff,staff_not_understand_English_well,Yes,,Yes,Yes,Yes,,Yes
183,no_evident_not_amazing_staff,amazing_staff,staff_cannot_give_bus_to_airport_information,Yes,,Yes,Yes,Yes,,Yes
184,no_evident_not_amazing_staff,amazing_staff,only_one_staff_wear_mask,Yes,,No,No,No,,No
185,no_evident_not_beyond_expectation,beyond_expectation,staff_not_speak_English_properly,Yes,,Yes,Yes,Yes,,Yes
186,no_evident_not_beyond_expectation,beyond_expectation,staff_clean_after_complaint,Yes,,No,No,No,,No
187,no_evident_not_beyond_expectation,beyond_expectation,staff_should_learn_better_English,Yes,,Yes,Yes,Yes,,Yes
188,no_evident_not_beyond_expectation,beyond_expectation,staff_need_improve_organization,No,,Yes,Yes,Yes,,Yes
189,no_evident_not_beyond_expectation,beyond_expectation,staff_need_improve_collaboration,No,,Yes,Yes,Yes,,Yes
190,no_evident_not_beyond_expectation,beyond_expectation,staff_need_keep_update,Yes,,Yes,Yes,Yes,,Yes
191,no_evident_not_beyond_expectation,beyond_expectation,not_kind_staff,Yes,,Yes,Yes,Yes,,Yes
192,no_evident_not_beyond_expectation,beyond_expectation,no_empathy_staff,Yes,,Yes,Yes,Yes,,Yes
193,no_evident_not_beyond_expectation,beyond_expectation,staff_fail_to_communicate_with_taxi,Yes,,Yes,Yes,Yes,,Yes
194,no_evident_not_beyond_expectation,beyond_expectation,staff_fail_to_guest_request,Yes,,Yes,Yes,Yes,,Yes
195,no_evident_not_beyond_expectation,beyond_expectation,staff_cannot_provide_double_bed,Yes,,Yes,Yes,Yes,,Yes
196,no_evident_not_beyond_expectation,beyond_expectation,offended_staff,Yes,,Yes,Yes,Yes,,Yes
197,no_evident_not_beyond_expectation,beyond_expectation,staff_not_justify_booking_issue,Yes,,Yes,Yes,Yes,,Yes
198,no_evident_not_beyond_expectation,beyond_expectation,staff_charge_for_cancellation_while_no_cancellation_charge_in_Booking.com,Yes,,Yes,Yes,Yes,,Yes
199,no_evident_not_beyond_expectation,beyond_expectation,staff_enforce_cancellation_charge,Yes,,Yes,Yes,No,,Yes
200,no_evident_not_beyond_expectation,beyond_expectation,staff_mistakenly_throw_valuable_item_during_cleaning_service,Yes,,Yes,Yes,Yes,,Yes
201,no_evident_not_beyond_expectation,beyond_expectation,staff_not_provide_good_solution,Yes,,Yes,Yes,Yes,,Yes
202,no_evident_not_beyond_expectation,beyond_expectation,staff_has_unaceptable_manner,Yes,,Yes,Yes,Yes,,Yes
203,no_evident_not_beyond_expectation,beyond_expectation,staff_not_speak_Cypriot_language,Yes,,Yes,Yes,Yes,,Yes
204,no_evident_not_beyond_expectation,beyond_expectation,no_staff_at_night,Yes,,Yes,Yes,No,,Yes
205,no_evident_not_beyond_expectation,beyond_expectation,staff_not_understand_English_well,Yes,,Yes,Yes,Yes,,Yes
206,no_evident_not_beyond_expectation,beyond_expectation,staff_cannot_give_bus_to_airport_information,Yes,,Yes,Yes,Yes,,Yes
207,no_evident_not_beyond_expectation,beyond_expectation,only_one_staff_wear_mask,Yes,,Yes,Yes,No,,Yes
208,no_evident_not_staff_take_time_to_explain,staff_take_time_to_explain,staff_not_speak_English_properly,Yes,,No,Yes,No,No,No
209,no_evident_not_staff_take_time_to_explain,staff_take_time_to_explain,staff_clean_after_complaint,Yes,,No,No,No,,No
210,no_evident_not_staff_take_time_to_explain,staff_take_time_to_explain,staff_should_learn_better_English,No,,No,No,No,,No
211,no_evident_not_staff_take_time_to_explain,staff_take_time_to_explain,staff_need_improve_organization,Yes,,,Yes,No,,Yes
212,no_evident_not_staff_take_time_to_explain,staff_take_time_to_explain,staff_need_improve_collaboration,Yes,,,Yes,No,,Yes
213,no_evident_not_staff_take_time_to_explain,staff_take_time_to_explain,staff_need_keep_update,Yes,,,Yes,No,,Yes
214,no_evident_not_staff_take_time_to_explain,staff_take_time_to_explain,not_kind_staff,Yes,,No,Yes,No,Yes,Yes
215,no_evident_not_staff_take_time_to_explain,staff_take_time_to_explain,no_empathy_staff,Yes,,No,Yes,No,Yes,Yes
216,no_evident_not_staff_take_time_to_explain,staff_take_time_to_explain,staff_fail_to_communicate_with_taxi,No,,,No,No,,No
217,no_evident_not_staff_take_time_to_explain,staff_take_time_to_explain,staff_fail_to_guest_request,No,,,No,No,,No
218,no_evident_not_staff_take_time_to_explain,staff_take_time_to_explain,staff_cannot_provide_double_bed,Yes,,,No,No,,No
219,no_evident_not_staff_take_time_to_explain,staff_take_time_to_explain,offended_staff,Yes,,,Yes,No,,Yes
220,no_evident_not_staff_take_time_to_explain,staff_take_time_to_explain,staff_not_justify_booking_issue,Yes,,,No,No,,No
221,no_evident_not_staff_take_time_to_explain,staff_take_time_to_explain,staff_charge_for_cancellation_while_no_cancellation_charge_in_Booking.com,Yes,,,No,No,,No
222,no_evident_not_staff_take_time_to_explain,staff_take_time_to_explain,staff_enforce_cancellation_charge,Yes,,,Yes,No,,Yes
223,no_evident_not_staff_take_time_to_explain,staff_take_time_to_explain,staff_mistakenly_throw_valuable_item_during_cleaning_service,Yes,,,No,No,,No
224,no_evident_not_staff_take_time_to_explain,staff_take_time_to_explain,staff_not_provide_good_solution,Yes,,,Yes,No,,Yes
225,no_evident_not_staff_take_time_to_explain,staff_take_time_to_explain,staff_has_unaceptable_manner,Yes,,,Yes,No,,Yes
226,no_evident_not_staff_take_time_to_explain,staff_take_time_to_explain,staff_not_speak_Cypriot_language,No,,,Yes,No,,No
227,no_evident_not_staff_take_time_to_explain,staff_take_time_to_explain,no_staff_at_night,No,,,No,No,,No
228,no_evident_not_staff_take_time_to_explain,staff_take_time_to_explain,staff_not_understand_English_well,Yes,,,Yes,No,,Yes
229,no_evident_not_staff_take_time_to_explain,staff_take_time_to_explain,staff_cannot_give_bus_to_airport_information,Yes,,,No,No,,No
230,no_evident_not_staff_take_time_to_explain,staff_take_time_to_explain,only_one_staff_wear_mask,Yes,,,No,No,,No
231,no_evident_not_friendliest_staff,friendliest_staff,staff_not_speak_English_properly,No,,,No,No,,No
232,no_evident_not_friendliest_staff,friendliest_staff,staff_clean_after_complaint,Yes,,,No,No,,No
233,no_evident_not_friendliest_staff,friendliest_staff,staff_should_learn_better_English,No,,,No,No,,No
234,no_evident_not_friendliest_staff,friendliest_staff,staff_need_improve_organization,No,,,No,No,,No
235,no_evident_not_friendliest_staff,friendliest_staff,staff_need_improve_collaboration,Yes,,,No,No,,No
236,no_evident_not_friendliest_staff,friendliest_staff,staff_need_keep_update,Yes,,,No,No,,No
237,no_evident_not_friendliest_staff,friendliest_staff,not_kind_staff,Yes,,,Yes,Yes,,Yes
238,no_evident_not_friendliest_staff,friendliest_staff,no_empathy_staff,Yes,,,Yes,Yes,,Yes
239,no_evident_not_friendliest_staff,friendliest_staff,staff_fail_to_communicate_with_taxi,Yes,,,No,No,,No
240,no_evident_not_friendliest_staff,friendliest_staff,staff_fail_to_guest_request,No,,,No,No,,No
241,no_evident_not_friendliest_staff,friendliest_staff,staff_cannot_provide_double_bed,No,,,No,No,,No
242,no_evident_not_friendliest_staff,friendliest_staff,offended_staff,Yes,,,Yes,Yes,,Yes
243,no_evident_not_friendliest_staff,friendliest_staff,staff_not_justify_booking_issue,Yes,,,Yes,No,,Yes
244,no_evident_not_friendliest_staff,friendliest_staff,staff_charge_for_cancellation_while_no_cancellation_charge_in_Booking.com,Yes,,,Yes,No,,Yes
245,no_evident_not_friendliest_staff,friendliest_staff,staff_enforce_cancellation_charge,Yes,,,Yes,No,,Yes
246,no_evident_not_friendliest_staff,friendliest_staff,staff_mistakenly_throw_valuable_item_during_cleaning_service,Yes,,,No,No,,No
247,no_evident_not_friendliest_staff,friendliest_staff,staff_not_provide_good_solution,Yes,,,Yes,No,,Yes
248,no_evident_not_friendliest_staff,friendliest_staff,staff_has_unaceptable_manner,Yes,,,Yes,Yes,,Yes
249,no_evident_not_friendliest_staff,friendliest_staff,staff_not_speak_Cypriot_language,No,,,No,No,,No
250,no_evident_not_friendliest_staff,friendliest_staff,no_staff_at_night,No,,,No,No,,No
251,no_evident_not_friendliest_staff,friendliest_staff,staff_not_understand_English_well,No,,,No,No,,No
252,no_evident_not_friendliest_staff,friendliest_staff,staff_cannot_give_bus_to_airport_information,No,,,No,No,,No
253,no_evident_not_friendliest_staff,friendliest_staff,only_one_staff_wear_mask,Yes,,,No,No,,No
254,no_evident_not_friendly_staff,friendly_staff,staff_not_speak_English_properly,Yes,,,No,No,,No
255,no_evident_not_friendly_staff,friendly_staff,staff_clean_after_complaint,Yes,,,No,No,,No
256,no_evident_not_friendly_staff,friendly_staff,staff_should_learn_better_English,No,,,No,No,,No
257,no_evident_not_friendly_staff,friendly_staff,staff_need_improve_organization,Yes,,,No,No,,No
258,no_evident_not_friendly_staff,friendly_staff,staff_need_improve_collaboration,Yes,,,No,No,,No
259,no_evident_not_friendly_staff,friendly_staff,staff_need_keep_update,Yes,,,No,No,,No
260,no_evident_not_friendly_staff,friendly_staff,not_kind_staff,Yes,,,Yes,Yes,,Yes
261,no_evident_not_friendly_staff,friendly_staff,no_empathy_staff,Yes,,,Yes,Yes,,Yes
262,no_evident_not_friendly_staff,friendly_staff,staff_fail_to_communicate_with_taxi,No,,,No,No,,No
263,no_evident_not_friendly_staff,friendly_staff,staff_fail_to_guest_request,No,,,No,No,,No
264,no_evident_not_friendly_staff,friendly_staff,staff_cannot_provide_double_bed,Yes,,,No,No,,No
265,no_evident_not_friendly_staff,friendly_staff,offended_staff,Yes,,,Yes,Yes,,Yes
266,no_evident_not_friendly_staff,friendly_staff,staff_not_justify_booking_issue,Yes,,,Yes,No,,Yes
267,no_evident_not_friendly_staff,friendly_staff,staff_charge_for_cancellation_while_no_cancellation_charge_in_Booking.com,Yes,,,Yes,No,,Yes
268,no_evident_not_friendly_staff,friendly_staff,staff_enforce_cancellation_charge,Yes,,,Yes,No,,Yes
269,no_evident_not_friendly_staff,friendly_staff,staff_mistakenly_throw_valuable_item_during_cleaning_service,Yes,,,No,No,,No
270,no_evident_not_friendly_staff,friendly_staff,staff_not_provide_good_solution,Yes,,,Yes,No,,Yes
271,no_evident_not_friendly_staff,friendly_staff,staff_has_unaceptable_manner,Yes,,,Yes,Yes,,Yes
272,no_evident_not_friendly_staff,friendly_staff,staff_not_speak_Cypriot_language,No,,,No,No,,No
273,no_evident_not_friendly_staff,friendly_staff,no_staff_at_night,No,,,No,No,,No
274,no_evident_not_friendly_staff,friendly_staff,staff_not_understand_English_well,Yes,,,No,No,,No
275,no_evident_not_friendly_staff,friendly_staff,staff_cannot_give_bus_to_airport_information,Yes,,,No,No,,No
276,no_evident_not_friendly_staff,friendly_staff,only_one_staff_wear_mask,Yes,,,No,No,,No
277,no_evident_not_nice_to_talk_to,nice_to_talk_to,staff_not_speak_English_properly,No,,,No,Yes,,No
278,no_evident_not_nice_to_talk_to,nice_to_talk_to,staff_clean_after_complaint,Yes,,,No,No,,No
279,no_evident_not_nice_to_talk_to,nice_to_talk_to,staff_should_learn_better_English,No,,,No,Yes,,No
280,no_evident_not_nice_to_talk_to,nice_to_talk_to,staff_need_improve_organization,No,,,No,No,,No
281,no_evident_not_nice_to_talk_to,nice_to_talk_to,staff_need_improve_collaboration,Yes,,,No,No,,No
282,no_evident_not_nice_to_talk_to,nice_to_talk_to,staff_need_keep_update,Yes,,,No,No,,No
283,no_evident_not_nice_to_talk_to,nice_to_talk_to,not_kind_staff,Yes,,,Yes,Yes,,Yes
284,no_evident_not_nice_to_talk_to,nice_to_talk_to,no_empathy_staff,Yes,,,Yes,Yes,,Yes
285,no_evident_not_nice_to_talk_to,nice_to_talk_to,staff_fail_to_communicate_with_taxi,Yes,,,No,No,,No
286,no_evident_not_nice_to_talk_to,nice_to_talk_to,staff_fail_to_guest_request,No,,,No,No,,No
287,no_evident_not_nice_to_talk_to,nice_to_talk_to,staff_cannot_provide_double_bed,No,,,No,No,,No
288,no_evident_not_nice_to_talk_to,nice_to_talk_to,offended_staff,Yes,,,Yes,Yes,,Yes
289,no_evident_not_nice_to_talk_to,nice_to_talk_to,staff_not_justify_booking_issue,Yes,,,Yes,Yes,,Yes
290,no_evident_not_nice_to_talk_to,nice_to_talk_to,staff_charge_for_cancellation_while_no_cancellation_charge_in_Booking.com,Yes,,,Yes,No,,Yes
291,no_evident_not_nice_to_talk_to,nice_to_talk_to,staff_enforce_cancellation_charge,Yes,,,Yes,No,,Yes
292,no_evident_not_nice_to_talk_to,nice_to_talk_to,staff_mistakenly_throw_valuable_item_during_cleaning_service,Yes,,,Yes,No,,Yes
293,no_evident_not_nice_to_talk_to,nice_to_talk_to,staff_not_provide_good_solution,Yes,,,Yes,Yes,,Yes
294,no_evident_not_nice_to_talk_to,nice_to_talk_to,staff_has_unaceptable_manner,Yes,,,Yes,Yes,,Yes
295,no_evident_not_nice_to_talk_to,nice_to_talk_to,staff_not_speak_Cypriot_language,No,,,No,Yes,,No
296,no_evident_not_nice_to_talk_to,nice_to_talk_to,no_staff_at_night,No,,,No,No,,No
297,no_evident_not_nice_to_talk_to,nice_to_talk_to,staff_not_understand_English_well,No,,,No,Yes,,No
298,no_evident_not_nice_to_talk_to,nice_to_talk_to,staff_cannot_give_bus_to_airport_information,No,,,No,No,,No
299,no_evident_not_nice_to_talk_to,nice_to_talk_to,only_one_staff_wear_mask,Yes,,,Yes,No,,Yes
300,no_evident_not_exceptional_staff,exceptional_staff,staff_not_speak_English_properly,Yes,,,Yes,Yes,,Yes
301,no_evident_not_exceptional_staff,exceptional_staff,staff_clean_after_complaint,Yes,,,No,No,,No
302,no_evident_not_exceptional_staff,exceptional_staff,staff_should_learn_better_English,No,,,Yes,Yes,,Yes
303,no_evident_not_exceptional_staff,exceptional_staff,staff_need_improve_organization,No,,,Yes,Yes,,Yes
304,no_evident_not_exceptional_staff,exceptional_staff,staff_need_improve_collaboration,No,,,Yes,Yes,,Yes
305,no_evident_not_exceptional_staff,exceptional_staff,staff_need_keep_update,No,,,Yes,Yes,,Yes
306,no_evident_not_exceptional_staff,exceptional_staff,not_kind_staff,Yes,,,Yes,Yes,,Yes
307,no_evident_not_exceptional_staff,exceptional_staff,no_empathy_staff,Yes,,,Yes,Yes,,Yes
308,no_evident_not_exceptional_staff,exceptional_staff,staff_fail_to_communicate_with_taxi,Yes,,,Yes,Yes,,Yes
309,no_evident_not_exceptional_staff,exceptional_staff,staff_fail_to_guest_request,Yes,,,Yes,Yes,,Yes
310,no_evident_not_exceptional_staff,exceptional_staff,staff_cannot_provide_double_bed,Yes,,,Yes,Yes,,Yes
311,no_evident_not_exceptional_staff,exceptional_staff,offended_staff,Yes,,,Yes,Yes,,Yes
312,no_evident_not_exceptional_staff,exceptional_staff,staff_not_justify_booking_issue,Yes,,,Yes,Yes,,Yes
313,no_evident_not_exceptional_staff,exceptional_staff,staff_charge_for_cancellation_while_no_cancellation_charge_in_Booking.com,Yes,,,Yes,Yes,,Yes
314,no_evident_not_exceptional_staff,exceptional_staff,staff_enforce_cancellation_charge,Yes,,,Yes,No,,Yes
315,no_evident_not_exceptional_staff,exceptional_staff,staff_mistakenly_throw_valuable_item_during_cleaning_service,Yes,,,Yes,Yes,,Yes
316,no_evident_not_exceptional_staff,exceptional_staff,staff_not_provide_good_solution,Yes,,,Yes,Yes,,Yes
317,no_evident_not_exceptional_staff,exceptional_staff,staff_has_unaceptable_manner,Yes,,,Yes,Yes,,Yes
318,no_evident_not_exceptional_staff,exceptional_staff,staff_not_speak_Cypriot_language,Yes,,,Yes,Yes,,Yes
319,no_evident_not_exceptional_staff,exceptional_staff,no_staff_at_night,Yes,,,Yes,No,,Yes
320,no_evident_not_exceptional_staff,exceptional_staff,staff_not_understand_English_well,Yes,,,Yes,Yes,,Yes
321,no_evident_not_exceptional_staff,exceptional_staff,staff_cannot_give_bus_to_airport_information,Yes,,,Yes,Yes,,Yes
322,no_evident_not_exceptional_staff,exceptional_staff,only_one_staff_wear_mask,Yes,,,Yes,Yes,,Yes
323,no_evident_not_staff_go_out_of_their_way_for_us,staff_go_out_of_their_way_for_us,staff_not_speak_English_properly,Yes,,,Yes,Yes,,Yes
324,no_evident_not_staff_go_out_of_their_way_for_us,staff_go_out_of_their_way_for_us,staff_clean_after_complaint,Yes,,,No,No,,No
325,no_evident_not_staff_go_out_of_their_way_for_us,staff_go_out_of_their_way_for_us,staff_should_learn_better_English,No,,,Yes,Yes,,Yes
326,no_evident_not_staff_go_out_of_their_way_for_us,staff_go_out_of_their_way_for_us,staff_need_improve_organization,Yes,,,No,Yes,,Yes
327,no_evident_not_staff_go_out_of_their_way_for_us,staff_go_out_of_their_way_for_us,staff_need_improve_collaboration,Yes,,,No,No,,No
328,no_evident_not_staff_go_out_of_their_way_for_us,staff_go_out_of_their_way_for_us,staff_need_keep_update,Yes,,,No,Yes,,Yes
329,no_evident_not_staff_go_out_of_their_way_for_us,staff_go_out_of_their_way_for_us,not_kind_staff,Yes,,,Yes,Yes,,Yes
330,no_evident_not_staff_go_out_of_their_way_for_us,staff_go_out_of_their_way_for_us,no_empathy_staff,Yes,,,Yes,Yes,,Yes
331,no_evident_not_staff_go_out_of_their_way_for_us,staff_go_out_of_their_way_for_us,staff_fail_to_communicate_with_taxi,No,,,Yes,Yes,,Yes
332,no_evident_not_staff_go_out_of_their_way_for_us,staff_go_out_of_their_way_for_us,staff_fail_to_guest_request,No,,,Yes,Yes,,Yes
333,no_evident_not_staff_go_out_of_their_way_for_us,staff_go_out_of_their_way_for_us,staff_cannot_provide_double_bed,Yes,,,Yes,Yes,,Yes
334,no_evident_not_staff_go_out_of_their_way_for_us,staff_go_out_of_their_way_for_us,offended_staff,Yes,,,Yes,No,,Yes
335,no_evident_not_staff_go_out_of_their_way_for_us,staff_go_out_of_their_way_for_us,staff_not_justify_booking_issue,Yes,,,Yes,Yes,,Yes
336,no_evident_not_staff_go_out_of_their_way_for_us,staff_go_out_of_their_way_for_us,staff_charge_for_cancellation_while_no_cancellation_charge_in_Booking.com,Yes,,,Yes,No,,Yes
337,no_evident_not_staff_go_out_of_their_way_for_us,staff_go_out_of_their_way_for_us,staff_enforce_cancellation_charge,Yes,,,Yes,No,,Yes
338,no_evident_not_staff_go_out_of_their_way_for_us,staff_go_out_of_their_way_for_us,staff_mistakenly_throw_valuable_item_during_cleaning_service,Yes,,,No,No,,No
339,no_evident_not_staff_go_out_of_their_way_for_us,staff_go_out_of_their_way_for_us,staff_not_provide_good_solution,Yes,,,Yes,Yes,,Yes
340,no_evident_not_staff_go_out_of_their_way_for_us,staff_go_out_of_their_way_for_us,staff_has_unaceptable_manner,Yes,,,Yes,Yes,,Yes
341,no_evident_not_staff_go_out_of_their_way_for_us,staff_go_out_of_their_way_for_us,staff_not_speak_Cypriot_language,No,,,Yes,Yes,,Yes
342,no_evident_not_staff_go_out_of_their_way_for_us,staff_go_out_of_their_way_for_us,no_staff_at_night,No,,,Yes,Yes,,Yes
343,no_evident_not_staff_go_out_of_their_way_for_us,staff_go_out_of_their_way_for_us,staff_not_understand_English_well,Yes,,,Yes,Yes,,Yes
344,no_evident_not_staff_go_out_of_their_way_for_us,staff_go_out_of_their_way_for_us,staff_cannot_give_bus_to_airport_information,Yes,,,Yes,Yes,,Yes
345,no_evident_not_staff_go_out_of_their_way_for_us,staff_go_out_of_their_way_for_us,only_one_staff_wear_mask,Yes,,,No,Yes,,Yes
346,no_evident_not_welcoming_staff,welcoming_staff,staff_not_speak_English_properly,Yes,,,No,No,,No
347,no_evident_not_welcoming_staff,welcoming_staff,staff_clean_after_complaint,Yes,,,No,No,,No
348,no_evident_not_welcoming_staff,welcoming_staff,staff_should_learn_better_English,No,,,No,No,,No
349,no_evident_not_welcoming_staff,welcoming_staff,staff_need_improve_organization,No,,,No,No,,No
350,no_evident_not_welcoming_staff,welcoming_staff,staff_need_improve_collaboration,No,,,No,No,,No
351,no_evident_not_welcoming_staff,welcoming_staff,staff_need_keep_update,No,,,No,No,,No
352,no_evident_not_welcoming_staff,welcoming_staff,not_kind_staff,Yes,,,Yes,Yes,,Yes
353,no_evident_not_welcoming_staff,welcoming_staff,no_empathy_staff,Yes,,,Yes,Yes,,Yes
354,no_evident_not_welcoming_staff,welcoming_staff,staff_fail_to_communicate_with_taxi,Yes,,,No,No,,No
355,no_evident_not_welcoming_staff,welcoming_staff,staff_fail_to_guest_request,Yes,,,No,No,,No
356,no_evident_not_welcoming_staff,welcoming_staff,staff_cannot_provide_double_bed,No,,,No,No,,No
357,no_evident_not_welcoming_staff,welcoming_staff,offended_staff,Yes,,,Yes,Yes,,Yes
358,no_evident_not_welcoming_staff,welcoming_staff,staff_not_justify_booking_issue,No,,,No,No,,No
359,no_evident_not_welcoming_staff,welcoming_staff,staff_charge_for_cancellation_while_no_cancellation_charge_in_Booking.com,No,,,No,No,,No
360,no_evident_not_welcoming_staff,welcoming_staff,staff_enforce_cancellation_charge,No,,,No,No,,No
361,no_evident_not_welcoming_staff,welcoming_staff,staff_mistakenly_throw_valuable_item_during_cleaning_service,Yes,,,No,No,,No
362,no_evident_not_welcoming_staff,welcoming_staff,staff_not_provide_good_solution,Yes,,,No,No,,No
363,no_evident_not_welcoming_staff,welcoming_staff,staff_has_unaceptable_manner,Yes,,,Yes,Yes,,Yes
364,no_evident_not_welcoming_staff,welcoming_staff,staff_not_speak_Cypriot_language,No,,,No,No,,No
365,no_evident_not_welcoming_staff,welcoming_staff,no_staff_at_night,No,,,Yes,Yes,,Yes
366,no_evident_not_welcoming_staff,welcoming_staff,staff_not_understand_English_well,Yes,,,No,No,,No
367,no_evident_not_welcoming_staff,welcoming_staff,staff_cannot_give_bus_to_airport_information,Yes,,,No,No,,No
368,no_evident_not_welcoming_staff,welcoming_staff,only_one_staff_wear_mask,No,,,No,No,,No
369,no_evident_not_staff_make_like_staying_with_family,staff_make_like_staying_with_family,staff_not_speak_English_properly,No,,,No,No,,No
370,no_evident_not_staff_make_like_staying_with_family,staff_make_like_staying_with_family,staff_clean_after_complaint,No,,,No,No,,No
371,no_evident_not_staff_make_like_staying_with_family,staff_make_like_staying_with_family,staff_should_learn_better_English,No,,,No,No,,No
372,no_evident_not_staff_make_like_staying_with_family,staff_make_like_staying_with_family,staff_need_improve_organization,No,,,No,No,,No
373,no_evident_not_staff_make_like_staying_with_family,staff_make_like_staying_with_family,staff_need_improve_collaboration,No,,,No,No,,No
374,no_evident_not_staff_make_like_staying_with_family,staff_make_like_staying_with_family,staff_need_keep_update,No,,,No,No,,No
375,no_evident_not_staff_make_like_staying_with_family,staff_make_like_staying_with_family,not_kind_staff,Yes,,,Yes,Yes,,Yes
376,no_evident_not_staff_make_like_staying_with_family,staff_make_like_staying_with_family,no_empathy_staff,Yes,,,Yes,Yes,,Yes
377,no_evident_not_staff_make_like_staying_with_family,staff_make_like_staying_with_family,staff_fail_to_communicate_with_taxi,No,,,No,No,,No
378,no_evident_not_staff_make_like_staying_with_family,staff_make_like_staying_with_family,staff_fail_to_guest_request,No,,,No,Yes,,No
379,no_evident_not_staff_make_like_staying_with_family,staff_make_like_staying_with_family,staff_cannot_provide_double_bed,Yes,,,No,No,,No
380,no_evident_not_staff_make_like_staying_with_family,staff_make_like_staying_with_family,offended_staff,Yes,,,Yes,Yes,,Yes
381,no_evident_not_staff_make_like_staying_with_family,staff_make_like_staying_with_family,staff_not_justify_booking_issue,No,,,No,Yes,,No
382,no_evident_not_staff_make_like_staying_with_family,staff_make_like_staying_with_family,staff_charge_for_cancellation_while_no_cancellation_charge_in_Booking.com,No,,,No,Yes,,No
383,no_evident_not_staff_make_like_staying_with_family,staff_make_like_staying_with_family,staff_enforce_cancellation_charge,Yes,,,No,No,,No
384,no_evident_not_staff_make_like_staying_with_family,staff_make_like_staying_with_family,staff_mistakenly_throw_valuable_item_during_cleaning_service,Yes,,,No,Yes,,Yes
385,no_evident_not_staff_make_like_staying_with_family,staff_make_like_staying_with_family,staff_not_provide_good_solution,Yes,,,Yes,No,,Yes
386,no_evident_not_staff_make_like_staying_with_family,staff_make_like_staying_with_family,staff_has_unaceptable_manner,Yes,,,Yes,Yes,,Yes
387,no_evident_not_staff_make_like_staying_with_family,staff_make_like_staying_with_family,staff_not_speak_Cypriot_language,No,,,No,No,,No
388,no_evident_not_staff_make_like_staying_with_family,staff_make_like_staying_with_family,no_staff_at_night,No,,,No,Yes,,No
389,no_evident_not_staff_make_like_staying_with_family,staff_make_like_staying_with_family,staff_not_understand_English_well,No,,,No,No,,No
390,no_evident_not_staff_make_like_staying_with_family,staff_make_like_staying_with_family,staff_cannot_give_bus_to_airport_information,Yes,,,No,No,,No
391,no_evident_not_staff_make_like_staying_with_family,staff_make_like_staying_with_family,only_one_staff_wear_mask,Yes,,,No,No,,No
392,no_evident_not_staff_make_it,staff_make_it,staff_not_speak_English_properly,Yes,,,Yes,Yes,,Yes
393,no_evident_not_staff_make_it,staff_make_it,staff_clean_after_complaint,No,,,No,No,,No
394,no_evident_not_staff_make_it,staff_make_it,staff_should_learn_better_English,Yes,,,No,Yes,,Yes
395,no_evident_not_staff_make_it,staff_make_it,staff_need_improve_organization,Yes,,,No,Yes,,Yes
396,no_evident_not_staff_make_it,staff_make_it,staff_need_improve_collaboration,Yes,,,No,Yes,,Yes
397,no_evident_not_staff_make_it,staff_make_it,staff_need_keep_update,No,,,No,Yes,,No
398,no_evident_not_staff_make_it,staff_make_it,not_kind_staff,Yes,,,Yes,No,,Yes
399,no_evident_not_staff_make_it,staff_make_it,no_empathy_staff,Yes,,,Yes,No,,Yes
400,no_evident_not_staff_make_it,staff_make_it,staff_fail_to_communicate_with_taxi,Yes,,,Yes,Yes,,Yes
401,no_evident_not_staff_make_it,staff_make_it,staff_fail_to_guest_request,Yes,,,Yes,Yes,,Yes
402,no_evident_not_staff_make_it,staff_make_it,staff_cannot_provide_double_bed,No,,,Yes,Yes,,Yes
403,no_evident_not_staff_make_it,staff_make_it,offended_staff,Yes,,,Yes,No,,Yes
404,no_evident_not_staff_make_it,staff_make_it,staff_not_justify_booking_issue,No,,,Yes,Yes,,Yes
405,no_evident_not_staff_make_it,staff_make_it,staff_charge_for_cancellation_while_no_cancellation_charge_in_Booking.com,No,,,No,Yes,,No
406,no_evident_not_staff_make_it,staff_make_it,staff_enforce_cancellation_charge,No,,,No,No,,No
407,no_evident_not_staff_make_it,staff_make_it,staff_mistakenly_throw_valuable_item_during_cleaning_service,Yes,,,No,No,,No
408,no_evident_not_staff_make_it,staff_make_it,staff_not_provide_good_solution,Yes,,,Yes,Yes,,Yes
409,no_evident_not_staff_make_it,staff_make_it,staff_has_unaceptable_manner,Yes,,,Yes,No,,Yes
410,no_evident_not_staff_make_it,staff_make_it,staff_not_speak_Cypriot_language,No,,,Yes,Yes,,Yes
411,no_evident_not_staff_make_it,staff_make_it,no_staff_at_night,No,,,Yes,Yes,,Yes
412,no_evident_not_staff_make_it,staff_make_it,staff_not_understand_English_well,Yes,,,Yes,Yes,,Yes
413,no_evident_not_staff_make_it,staff_make_it,staff_cannot_give_bus_to_airport_information,No,,,Yes,Yes,,Yes
414,no_evident_not_staff_make_it,staff_make_it,only_one_staff_wear_mask,Yes,,,No,Yes,,Yes
415,no_evident_not_supportive_staff,supportive_staff,staff_not_speak_English_properly,Yes,,,No,No,,No
416,no_evident_not_supportive_staff,supportive_staff,staff_clean_after_complaint,No,,,No,No,,No
417,no_evident_not_supportive_staff,supportive_staff,staff_should_learn_better_English,No,,,No,No,,No
418,no_evident_not_supportive_staff,supportive_staff,staff_need_improve_organization,No,,,No,No,,No
419,no_evident_not_supportive_staff,supportive_staff,staff_need_improve_collaboration,No,,,No,No,,No
420,no_evident_not_supportive_staff,supportive_staff,staff_need_keep_update,No,,,No,No,,No
421,no_evident_not_supportive_staff,supportive_staff,not_kind_staff,Yes,,,Yes,Yes,,Yes
422,no_evident_not_supportive_staff,supportive_staff,no_empathy_staff,Yes,,,Yes,Yes,,Yes
423,no_evident_not_supportive_staff,supportive_staff,staff_fail_to_communicate_with_taxi,Yes,,,Yes,Yes,,Yes
424,no_evident_not_supportive_staff,supportive_staff,staff_fail_to_guest_request,Yes,,,Yes,Yes,,Yes
425,no_evident_not_supportive_staff,supportive_staff,staff_cannot_provide_double_bed,No,,,Yes,No,,No
426,no_evident_not_supportive_staff,supportive_staff,offended_staff,No,,,Yes,Yes,,Yes
427,no_evident_not_supportive_staff,supportive_staff,staff_not_justify_booking_issue,Yes,,,Yes,Yes,,Yes
428,no_evident_not_supportive_staff,supportive_staff,staff_charge_for_cancellation_while_no_cancellation_charge_in_Booking.com,Yes,,,Yes,Yes,,Yes
429,no_evident_not_supportive_staff,supportive_staff,staff_enforce_cancellation_charge,Yes,,,Yes,No,,Yes
430,no_evident_not_supportive_staff,supportive_staff,staff_mistakenly_throw_valuable_item_during_cleaning_service,Yes,,,No,No,,No
431,no_evident_not_supportive_staff,supportive_staff,staff_not_provide_good_solution,Yes,,,Yes,Yes,,Yes
432,no_evident_not_supportive_staff,supportive_staff,staff_has_unaceptable_manner,Yes,,,Yes,Yes,,Yes
433,no_evident_not_supportive_staff,supportive_staff,staff_not_speak_Cypriot_language,No,,,No,No,,No
434,no_evident_not_supportive_staff,supportive_staff,no_staff_at_night,No,,,No,No,,No
435,no_evident_not_supportive_staff,supportive_staff,staff_not_understand_English_well,Yes,,,No,No,,No
436,no_evident_not_supportive_staff,supportive_staff,staff_cannot_give_bus_to_airport_information,Yes,,,Yes,Yes,,Yes
437,no_evident_not_supportive_staff,supportive_staff,only_one_staff_wear_mask,No,,,No,No,,No
438,no_evident_not_staff_help_with_all_our_wish,staff_help_with_all_our_wish,staff_not_speak_English_properly,No,,,No,No,,No
439,no_evident_not_staff_help_with_all_our_wish,staff_help_with_all_our_wish,staff_clean_after_complaint,No,,,No,No,,No
440,no_evident_not_staff_help_with_all_our_wish,staff_help_with_all_our_wish,staff_should_learn_better_English,No,,,No,No,,No
441,no_evident_not_staff_help_with_all_our_wish,staff_help_with_all_our_wish,staff_need_improve_organization,No,,,No,No,,No
442,no_evident_not_staff_help_with_all_our_wish,staff_help_with_all_our_wish,staff_need_improve_collaboration,No,,,No,No,,No
443,no_evident_not_staff_help_with_all_our_wish,staff_help_with_all_our_wish,staff_need_keep_update,Yes,,,No,No,,No
444,no_evident_not_staff_help_with_all_our_wish,staff_help_with_all_our_wish,not_kind_staff,Yes,,,Yes,No,,Yes
445,no_evident_not_staff_help_with_all_our_wish,staff_help_with_all_our_wish,no_empathy_staff,Yes,,,Yes,No,,Yes
446,no_evident_not_staff_help_with_all_our_wish,staff_help_with_all_our_wish,staff_fail_to_communicate_with_taxi,No,,,Yes,Yes,,Yes
447,no_evident_not_staff_help_with_all_our_wish,staff_help_with_all_our_wish,staff_fail_to_guest_request,No,,,Yes,Yes,,Yes
448,no_evident_not_staff_help_with_all_our_wish,staff_help_with_all_our_wish,staff_cannot_provide_double_bed,No,,,No,Yes,,No
449,no_evident_not_staff_help_with_all_our_wish,staff_help_with_all_our_wish,offended_staff,No,,,Yes,No,,No
450,no_evident_not_staff_help_with_all_our_wish,staff_help_with_all_our_wish,staff_not_justify_booking_issue,No,,,Yes,Yes,,Yes
451,no_evident_not_staff_help_with_all_our_wish,staff_help_with_all_our_wish,staff_charge_for_cancellation_while_no_cancellation_charge_in_Booking.com,No,,,No,Yes,,No
452,no_evident_not_staff_help_with_all_our_wish,staff_help_with_all_our_wish,staff_enforce_cancellation_charge,No,,,No,No,,No
453,no_evident_not_staff_help_with_all_our_wish,staff_help_with_all_our_wish,staff_mistakenly_throw_valuable_item_during_cleaning_service,Yes,,,No,No,,No
454,no_evident_not_staff_help_with_all_our_wish,staff_help_with_all_our_wish,staff_not_provide_good_solution,Yes,,,Yes,Yes,,Yes
455,no_evident_not_staff_help_with_all_our_wish,staff_help_with_all_our_wish,staff_has_unaceptable_manner,Yes,,,Yes,No,,Yes
456,no_evident_not_staff_help_with_all_our_wish,staff_help_with_all_our_wish,staff_not_speak_Cypriot_language,No,,,No,No,,No
457,no_evident_not_staff_help_with_all_our_wish,staff_help_with_all_our_wish,no_staff_at_night,No,,,No,Yes,,No
458,no_evident_not_staff_help_with_all_our_wish,staff_help_with_all_our_wish,staff_not_understand_English_well,No,,,No,Yes,,No
459,no_evident_not_staff_help_with_all_our_wish,staff_help_with_all_our_wish,staff_cannot_give_bus_to_airport_information,No,,,Yes,Yes,,Yes
460,no_evident_not_staff_help_with_all_our_wish,staff_help_with_all_our_wish,only_one_staff_wear_mask,Yes,,,No,No,,No
461,no_evident_not_staff_bring_back,staff_bring_back,staff_not_speak_English_properly,Yes,,,Yes,No,,Yes
462,no_evident_not_staff_bring_back,staff_bring_back,staff_clean_after_complaint,Yes,,,No,No,,No
463,no_evident_not_staff_bring_back,staff_bring_back,staff_should_learn_better_English,No,,,Yes,No,,No
464,no_evident_not_staff_bring_back,staff_bring_back,staff_need_improve_organization,Yes,,,Yes,No,,Yes
465,no_evident_not_staff_bring_back,staff_bring_back,staff_need_improve_collaboration,Yes,,,Yes,No,,Yes
466,no_evident_not_staff_bring_back,staff_bring_back,staff_need_keep_update,Yes,,,Yes,No,,Yes
467,no_evident_not_staff_bring_back,staff_bring_back,not_kind_staff,Yes,,,Yes,No,,Yes
468,no_evident_not_staff_bring_back,staff_bring_back,no_empathy_staff,Yes,,,Yes,No,,Yes
469,no_evident_not_staff_bring_back,staff_bring_back,staff_fail_to_communicate_with_taxi,No,,,No,No,,No
470,no_evident_not_staff_bring_back,staff_bring_back,staff_fail_to_guest_request,No,,,Yes,No,,No
471,no_evident_not_staff_bring_back,staff_bring_back,staff_cannot_provide_double_bed,Yes,,,No,No,,No
472,no_evident_not_staff_bring_back,staff_bring_back,offended_staff,Yes,,,Yes,No,,Yes
473,no_evident_not_staff_bring_back,staff_bring_back,staff_not_justify_booking_issue,Yes,,,Yes,No,,Yes
474,no_evident_not_staff_bring_back,staff_bring_back,staff_charge_for_cancellation_while_no_cancellation_charge_in_Booking.com,Yes,,,Yes,No,,Yes
475,no_evident_not_staff_bring_back,staff_bring_back,staff_enforce_cancellation_charge,Yes,,,Yes,No,,Yes
476,no_evident_not_staff_bring_back,staff_bring_back,staff_mistakenly_throw_valuable_item_during_cleaning_service,Yes,,,Yes,No,,Yes
477,no_evident_not_staff_bring_back,staff_bring_back,staff_not_provide_good_solution,Yes,,,Yes,No,,Yes
478,no_evident_not_staff_bring_back,staff_bring_back,staff_has_unaceptable_manner,Yes,,,Yes,No,,Yes
479,no_evident_not_staff_bring_back,staff_bring_back,staff_not_speak_Cypriot_language,No,,,Yes,No,,No
480,no_evident_not_staff_bring_back,staff_bring_back,no_staff_at_night,No,,,Yes,Yes,,Yes
481,no_evident_not_staff_bring_back,staff_bring_back,staff_not_understand_English_well,Yes,,,Yes,No,,Yes
482,no_evident_not_staff_bring_back,staff_bring_back,staff_cannot_give_bus_to_airport_information,Yes,,,Yes,No,,Yes
483,no_evident_not_staff_bring_back,staff_bring_back,only_one_staff_wear_mask,Yes,,,No,No,,No
484,no_evident_not_staff_buy_fresh_food,staff_buy_fresh_food,staff_not_speak_English_properly,Yes,,,No,No,,No
485,no_evident_not_staff_buy_fresh_food,staff_buy_fresh_food,staff_clean_after_complaint,Yes,,,No,No,,No
486,no_evident_not_staff_buy_fresh_food,staff_buy_fresh_food,staff_should_learn_better_English,No,,,No,No,,No
487,no_evident_not_staff_buy_fresh_food,staff_buy_fresh_food,staff_need_improve_organization,Yes,,,No,No,,No
488,no_evident_not_staff_buy_fresh_food,staff_buy_fresh_food,staff_need_improve_collaboration,Yes,,,No,No,,No
489,no_evident_not_staff_buy_fresh_food,staff_buy_fresh_food,staff_need_keep_update,No,,,No,No,,No
490,no_evident_not_staff_buy_fresh_food,staff_buy_fresh_food,not_kind_staff,Yes,,,No,No,,No
491,no_evident_not_staff_buy_fresh_food,staff_buy_fresh_food,no_empathy_staff,Yes,,,Yes,No,,Yes
492,no_evident_not_staff_buy_fresh_food,staff_buy_fresh_food,staff_fail_to_communicate_with_taxi,Yes,,,No,No,,No
493,no_evident_not_staff_buy_fresh_food,staff_buy_fresh_food,staff_fail_to_guest_request,Yes,,,No,No,,No
494,no_evident_not_staff_buy_fresh_food,staff_buy_fresh_food,staff_cannot_provide_double_bed,Yes,,,No,No,,No
495,no_evident_not_staff_buy_fresh_food,staff_buy_fresh_food,offended_staff,Yes,,,No,No,,No
496,no_evident_not_staff_buy_fresh_food,staff_buy_fresh_food,staff_not_justify_booking_issue,Yes,,,No,No,,No
497,no_evident_not_staff_buy_fresh_food,staff_buy_fresh_food,staff_charge_for_cancellation_while_no_cancellation_charge_in_Booking.com,Yes,,,No,No,,No
498,no_evident_not_staff_buy_fresh_food,staff_buy_fresh_food,staff_enforce_cancellation_charge,Yes,,,No,No,,No
499,no_evident_not_staff_buy_fresh_food,staff_buy_fresh_food,staff_mistakenly_throw_valuable_item_during_cleaning_service,Yes,,,No,No,,No
500,no_evident_not_staff_buy_fresh_food,staff_buy_fresh_food,staff_not_provide_good_solution,Yes,,,No,No,,No
501,no_evident_not_staff_buy_fresh_food,staff_buy_fresh_food,staff_has_unaceptable_manner,Yes,,,No,No,,No
502,no_evident_not_staff_buy_fresh_food,staff_buy_fresh_food,staff_not_speak_Cypriot_language,Yes,,,No,No,,No
503,no_evident_not_staff_buy_fresh_food,staff_buy_fresh_food,no_staff_at_night,No,,,No,Yes,,No
504,no_evident_not_staff_buy_fresh_food,staff_buy_fresh_food,staff_not_understand_English_well,Yes,,,No,No,,No
505,no_evident_not_staff_buy_fresh_food,staff_buy_fresh_food,staff_cannot_give_bus_to_airport_information,Yes,,,No,No,,No
506,no_evident_not_staff_buy_fresh_food,staff_buy_fresh_food,only_one_staff_wear_mask,Yes,,,No,No,,No
507,no_evident_not_kind_staff,kind_staff,staff_not_speak_English_properly,No,,,No,No,,No
508,no_evident_not_kind_staff,kind_staff,staff_clean_after_complaint,No,,,No,No,,No
509,no_evident_not_kind_staff,kind_staff,staff_should_learn_better_English,Yes,,,No,No,,No
510,no_evident_not_kind_staff,kind_staff,staff_need_improve_organization,No,,,No,No,,No
511,no_evident_not_kind_staff,kind_staff,staff_need_improve_collaboration,No,,,No,No,,No
512,no_evident_not_kind_staff,kind_staff,staff_need_keep_update,No,,,No,No,,No
513,no_evident_not_kind_staff,kind_staff,not_kind_staff,Yes,,,Yes,Yes,,Yes
514,no_evident_not_kind_staff,kind_staff,no_empathy_staff,Yes,,,Yes,Yes,,Yes
515,no_evident_not_kind_staff,kind_staff,staff_fail_to_communicate_with_taxi,No,,,No,No,,No
516,no_evident_not_kind_staff,kind_staff,staff_fail_to_guest_request,No,,,No,No,,No
517,no_evident_not_kind_staff,kind_staff,staff_cannot_provide_double_bed,No,,,No,No,,No
518,no_evident_not_kind_staff,kind_staff,offended_staff,No,,,Yes,Yes,,Yes
519,no_evident_not_kind_staff,kind_staff,staff_not_justify_booking_issue,Yes,,,No,No,,No
520,no_evident_not_kind_staff,kind_staff,staff_charge_for_cancellation_while_no_cancellation_charge_in_Booking.com,Yes,,,No,No,,No
521,no_evident_not_kind_staff,kind_staff,staff_enforce_cancellation_charge,Yes,,,No,No,,No
522,no_evident_not_kind_staff,kind_staff,staff_mistakenly_throw_valuable_item_during_cleaning_service,Yes,,,No,No,,No
523,no_evident_not_kind_staff,kind_staff,staff_not_provide_good_solution,Yes,,,Yes,No,,Yes
524,no_evident_not_kind_staff,kind_staff,staff_has_unaceptable_manner,Yes,,,Yes,No,,Yes
525,no_evident_not_kind_staff,kind_staff,staff_not_speak_Cypriot_language,Yes,,,No,No,,No
526,no_evident_not_kind_staff,kind_staff,no_staff_at_night,No,,,No,No,,No
527,no_evident_not_kind_staff,kind_staff,staff_not_understand_English_well,No,,,No,No,,No
528,no_evident_not_kind_staff,kind_staff,staff_cannot_give_bus_to_airport_information,No,,,No,No,,No
529,no_evident_not_kind_staff,kind_staff,only_one_staff_wear_mask,Yes,,,No,No,,No
530,no_evident_not_accommodating_staff,accommodating_staff,staff_not_speak_English_properly,Yes,,,No,Yes,,Yes
531,no_evident_not_accommodating_staff,accommodating_staff,staff_clean_after_complaint,Yes,,,No,No,,No
532,no_evident_not_accommodating_staff,accommodating_staff,staff_should_learn_better_English,No,,,No,Yes,,No
533,no_evident_not_accommodating_staff,accommodating_staff,staff_need_improve_organization,Yes,,,No,Yes,,Yes
534,no_evident_not_accommodating_staff,accommodating_staff,staff_need_improve_collaboration,Yes,,,No,Yes,,Yes
535,no_evident_not_accommodating_staff,accommodating_staff,staff_need_keep_update,Yes,,,No,Yes,,Yes
536,no_evident_not_accommodating_staff,accommodating_staff,not_kind_staff,Yes,,,Yes,No,,Yes
537,no_evident_not_accommodating_staff,accommodating_staff,no_empathy_staff,Yes,,,Yes,No,,Yes
538,no_evident_not_accommodating_staff,accommodating_staff,staff_fail_to_communicate_with_taxi,No,,,No,Yes,,No
539,no_evident_not_accommodating_staff,accommodating_staff,staff_fail_to_guest_request,No,,,Yes,Yes,,Yes
540,no_evident_not_accommodating_staff,accommodating_staff,staff_cannot_provide_double_bed,Yes,,,Yes,Yes,,Yes
541,no_evident_not_accommodating_staff,accommodating_staff,offended_staff,Yes,,,Yes,No,,Yes
542,no_evident_not_accommodating_staff,accommodating_staff,staff_not_justify_booking_issue,Yes,,,Yes,Yes,,Yes
543,no_evident_not_accommodating_staff,accommodating_staff,staff_charge_for_cancellation_while_no_cancellation_charge_in_Booking.com,Yes,,,Yes,Yes,,Yes
544,no_evident_not_accommodating_staff,accommodating_staff,staff_enforce_cancellation_charge,Yes,,,Yes,No,,Yes
545,no_evident_not_accommodating_staff,accommodating_staff,staff_mistakenly_throw_valuable_item_during_cleaning_service,Yes,,,Yes,No,,Yes
546,no_evident_not_accommodating_staff,accommodating_staff,staff_not_provide_good_solution,Yes,,,Yes,Yes,,Yes
547,no_evident_not_accommodating_staff,accommodating_staff,staff_has_unaceptable_manner,Yes,,,Yes,No,,Yes
548,no_evident_not_accommodating_staff,accommodating_staff,staff_not_speak_Cypriot_language,No,,,No,Yes,,No
549,no_evident_not_accommodating_staff,accommodating_staff,no_staff_at_night,No,,,No,No,,No
550,no_evident_not_accommodating_staff,accommodating_staff,staff_not_understand_English_well,Yes,,,Yes,Yes,,Yes
551,no_evident_not_accommodating_staff,accommodating_staff,staff_cannot_give_bus_to_airport_information,Yes,,,Yes,Yes,,Yes
552,no_evident_not_accommodating_staff,accommodating_staff,only_one_staff_wear_mask,Yes,,,No,No,,No
553,no_evident_not_wonderful_staff,wonderful_staff,staff_not_speak_English_properly,Yes,,,Yes,Yes,,Yes
554,no_evident_not_wonderful_staff,wonderful_staff,staff_clean_after_complaint,Yes,,,No,No,,No
555,no_evident_not_wonderful_staff,wonderful_staff,staff_should_learn_better_English,No,,,Yes,Yes,,Yes
556,no_evident_not_wonderful_staff,wonderful_staff,staff_need_improve_organization,No,,,Yes,Yes,,Yes
557,no_evident_not_wonderful_staff,wonderful_staff,staff_need_improve_collaboration,No,,,Yes,Yes,,Yes
558,no_evident_not_wonderful_staff,wonderful_staff,staff_need_keep_update,No,,,Yes,Yes,,Yes
559,no_evident_not_wonderful_staff,wonderful_staff,not_kind_staff,Yes,,,Yes,Yes,,Yes
560,no_evident_not_wonderful_staff,wonderful_staff,no_empathy_staff,Yes,,,Yes,Yes,,Yes
561,no_evident_not_wonderful_staff,wonderful_staff,staff_fail_to_communicate_with_taxi,Yes,,,Yes,Yes,,Yes
562,no_evident_not_wonderful_staff,wonderful_staff,staff_fail_to_guest_request,Yes,,,Yes,Yes,,Yes
563,no_evident_not_wonderful_staff,wonderful_staff,staff_cannot_provide_double_bed,Yes,,,Yes,Yes,,Yes
564,no_evident_not_wonderful_staff,wonderful_staff,offended_staff,Yes,,,Yes,Yes,,Yes
565,no_evident_not_wonderful_staff,wonderful_staff,staff_not_justify_booking_issue,Yes,,,Yes,Yes,,Yes
566,no_evident_not_wonderful_staff,wonderful_staff,staff_charge_for_cancellation_while_no_cancellation_charge_in_Booking.com,Yes,,,Yes,Yes,,Yes
567,no_evident_not_wonderful_staff,wonderful_staff,staff_enforce_cancellation_charge,Yes,,,Yes,No,,Yes
568,no_evident_not_wonderful_staff,wonderful_staff,staff_mistakenly_throw_valuable_item_during_cleaning_service,Yes,,,Yes,Yes,,Yes
569,no_evident_not_wonderful_staff,wonderful_staff,staff_not_provide_good_solution,Yes,,,Yes,Yes,,Yes
570,no_evident_not_wonderful_staff,wonderful_staff,staff_has_unaceptable_manner,Yes,,,Yes,Yes,,Yes
571,no_evident_not_wonderful_staff,wonderful_staff,staff_not_speak_Cypriot_language,Yes,,,Yes,Yes,,Yes
572,no_evident_not_wonderful_staff,wonderful_staff,no_staff_at_night,Yes,,,Yes,No,,Yes
573,no_evident_not_wonderful_staff,wonderful_staff,staff_not_understand_English_well,Yes,,,Yes,Yes,,Yes
574,no_evident_not_wonderful_staff,wonderful_staff,staff_cannot_give_bus_to_airport_information,Yes,,,Yes,Yes,,Yes
575,no_evident_not_wonderful_staff,wonderful_staff,only_one_staff_wear_mask,Yes,,,Yes,Yes,,Yes
576,no_evident_not_polite_staff,polite_staff,staff_not_speak_English_properly,No,,,No,No,,No
577,no_evident_not_polite_staff,polite_staff,staff_clean_after_complaint,No,,,No,No,,No
578,no_evident_not_polite_staff,polite_staff,staff_should_learn_better_English,Yes,,,No,No,,No
579,no_evident_not_polite_staff,polite_staff,staff_need_improve_organization,No,,,No,No,,No
580,no_evident_not_polite_staff,polite_staff,staff_need_improve_collaboration,No,,,No,No,,No
581,no_evident_not_polite_staff,polite_staff,staff_need_keep_update,No,,,No,No,,No
582,no_evident_not_polite_staff,polite_staff,not_kind_staff,Yes,,,Yes,No,,Yes
583,no_evident_not_polite_staff,polite_staff,no_empathy_staff,Yes,,,Yes,No,,Yes
584,no_evident_not_polite_staff,polite_staff,staff_fail_to_communicate_with_taxi,No,,,No,No,,No
585,no_evident_not_polite_staff,polite_staff,staff_fail_to_guest_request,No,,,No,No,,No
586,no_evident_not_polite_staff,polite_staff,staff_cannot_provide_double_bed,No,,,No,No,,No
587,no_evident_not_polite_staff,polite_staff,offended_staff,No,,,Yes,Yes,,Yes
588,no_evident_not_polite_staff,polite_staff,staff_not_justify_booking_issue,Yes,,,No,No,,No
589,no_evident_not_polite_staff,polite_staff,staff_charge_for_cancellation_while_no_cancellation_charge_in_Booking.com,Yes,,,No,No,,No
590,no_evident_not_polite_staff,polite_staff,staff_enforce_cancellation_charge,Yes,,,No,No,,No
591,no_evident_not_polite_staff,polite_staff,staff_mistakenly_throw_valuable_item_during_cleaning_service,Yes,,,No,No,,No
592,no_evident_not_polite_staff,polite_staff,staff_not_provide_good_solution,Yes,,,No,No,,No
593,no_evident_not_polite_staff,polite_staff,staff_has_unaceptable_manner,Yes,,,Yes,Yes,,Yes
594,no_evident_not_polite_staff,polite_staff,staff_not_speak_Cypriot_language,Yes,,,No,No,,No
595,no_evident_not_polite_staff,polite_staff,no_staff_at_night,No,,,No,No,,No
596,no_evident_not_polite_staff,polite_staff,staff_not_understand_English_well,No,,,No,No,,No
597,no_evident_not_polite_staff,polite_staff,staff_cannot_give_bus_to_airport_information,No,,,No,No,,No
598,no_evident_not_polite_staff,polite_staff,only_one_staff_wear_mask,Yes,,,No,No,,No
599,no_evident_not_caring_staff,caring_staff,staff_not_speak_English_properly,No,,,No,No,,No
600,no_evident_not_caring_staff,caring_staff,staff_clean_after_complaint,Yes,,,No,No,,No
601,no_evident_not_caring_staff,caring_staff,staff_should_learn_better_English,No,,,No,No,,No
602,no_evident_not_caring_staff,caring_staff,staff_need_improve_organization,No,,,No,No,,No
603,no_evident_not_caring_staff,caring_staff,staff_need_improve_collaboration,Yes,,,No,No,,No
604,no_evident_not_caring_staff,caring_staff,staff_need_keep_update,Yes,,,No,No,,No
605,no_evident_not_caring_staff,caring_staff,not_kind_staff,Yes,,,Yes,Yes,,Yes
606,no_evident_not_caring_staff,caring_staff,no_empathy_staff,Yes,,,Yes,Yes,,Yes
607,no_evident_not_caring_staff,caring_staff,staff_fail_to_communicate_with_taxi,Yes,,,No,No,,No
608,no_evident_not_caring_staff,caring_staff,staff_fail_to_guest_request,No,,,No,No,,No
609,no_evident_not_caring_staff,caring_staff,staff_cannot_provide_double_bed,No,,,No,No,,No
610,no_evident_not_caring_staff,caring_staff,offended_staff,Yes,,,Yes,Yes,,Yes
611,no_evident_not_caring_staff,caring_staff,staff_not_justify_booking_issue,Yes,,,Yes,Yes,,Yes
612,no_evident_not_caring_staff,caring_staff,staff_charge_for_cancellation_while_no_cancellation_charge_in_Booking.com,Yes,,,Yes,Yes,,Yes
613,no_evident_not_caring_staff,caring_staff,staff_enforce_cancellation_charge,Yes,,,Yes,No,,Yes
614,no_evident_not_caring_staff,caring_staff,staff_mistakenly_throw_valuable_item_during_cleaning_service,Yes,,,Yes,Yes,,Yes
615,no_evident_not_caring_staff,caring_staff,staff_not_provide_good_solution,Yes,,,Yes,No,,Yes
616,no_evident_not_caring_staff,caring_staff,staff_has_unaceptable_manner,Yes,,,Yes,Yes,,Yes
617,no_evident_not_caring_staff,caring_staff,staff_not_speak_Cypriot_language,No,,,No,No,,No
618,no_evident_not_caring_staff,caring_staff,no_staff_at_night,No,,,Yes,No,,No
619,no_evident_not_caring_staff,caring_staff,staff_not_understand_English_well,No,,,No,No,,No
620,no_evident_not_caring_staff,caring_staff,staff_cannot_give_bus_to_airport_information,No,,,No,No,,No
621,no_evident_not_caring_staff,caring_staff,only_one_staff_wear_mask,Yes,,,Yes,No,,Yes
622,no_evident_not_great_service,great_service,staff_not_speak_English_properly,Yes,,,Yes,No,,Yes
623,no_evident_not_great_service,great_service,staff_clean_after_complaint,Yes,,,No,No,,No
624,no_evident_not_great_service,great_service,staff_should_learn_better_English,No,,,Yes,Yes,,Yes
625,no_evident_not_great_service,great_service,staff_need_improve_organization,No,,,Yes,Yes,,Yes
626,no_evident_not_great_service,great_service,staff_need_improve_collaboration,No,,,Yes,Yes,,Yes
627,no_evident_not_great_service,great_service,staff_need_keep_update,No,,,Yes,Yes,,Yes
628,no_evident_not_great_service,great_service,not_kind_staff,Yes,,,Yes,Yes,,Yes
629,no_evident_not_great_service,great_service,no_empathy_staff,Yes,,,Yes,Yes,,Yes
630,no_evident_not_great_service,great_service,staff_fail_to_communicate_with_taxi,Yes,,,Yes,Yes,,Yes
631,no_evident_not_great_service,great_service,staff_fail_to_guest_request,Yes,,,Yes,Yes,,Yes
632,no_evident_not_great_service,great_service,staff_cannot_provide_double_bed,Yes,,,Yes,Yes,,Yes
633,no_evident_not_great_service,great_service,offended_staff,Yes,,,Yes,Yes,,Yes
634,no_evident_not_great_service,great_service,staff_not_justify_booking_issue,Yes,,,Yes,Yes,,Yes
635,no_evident_not_great_service,great_service,staff_charge_for_cancellation_while_no_cancellation_charge_in_Booking.com,Yes,,,Yes,Yes,,Yes
636,no_evident_not_great_service,great_service,staff_enforce_cancellation_charge,Yes,,,Yes,No,,Yes
637,no_evident_not_great_service,great_service,staff_mistakenly_throw_valuable_item_during_cleaning_service,Yes,,,Yes,Yes,,Yes
638,no_evident_not_great_service,great_service,staff_not_provide_good_solution,Yes,,,Yes,Yes,,Yes
639,no_evident_not_great_service,great_service,staff_has_unaceptable_manner,Yes,,,Yes,Yes,,Yes
640,no_evident_not_great_service,great_service,staff_not_speak_Cypriot_language,Yes,,,Yes,Yes,,Yes
641,no_evident_not_great_service,great_service,no_staff_at_night,Yes,,,Yes,Yes,,Yes
642,no_evident_not_great_service,great_service,staff_not_understand_English_well,Yes,,,Yes,Yes,,Yes
643,no_evident_not_great_service,great_service,staff_cannot_give_bus_to_airport_information,Yes,,,Yes,Yes,,Yes
644,no_evident_not_great_service,great_service,only_one_staff_wear_mask,Yes,,,No,No,,No
645,no_evident_not_staff_explain_information_clearly,staff_explain_information_clearly,staff_not_speak_English_properly,Yes,,,Yes,Yes,,Yes
646,no_evident_not_staff_explain_information_clearly,staff_explain_information_clearly,staff_clean_after_complaint,Yes,,,No,No,,No
647,no_evident_not_staff_explain_information_clearly,staff_explain_information_clearly,staff_should_learn_better_English,Yes,,,Yes,Yes,,Yes
648,no_evident_not_staff_explain_information_clearly,staff_explain_information_clearly,staff_need_improve_organization,Yes,,,No,No,,No
649,no_evident_not_staff_explain_information_clearly,staff_explain_information_clearly,staff_need_improve_collaboration,Yes,,,No,No,,No
650,no_evident_not_staff_explain_information_clearly,staff_explain_information_clearly,staff_need_keep_update,No,,,Yes,No,,No
651,no_evident_not_staff_explain_information_clearly,staff_explain_information_clearly,not_kind_staff,Yes,,,No,No,,No
652,no_evident_not_staff_explain_information_clearly,staff_explain_information_clearly,no_empathy_staff,Yes,,,No,No,,No
653,no_evident_not_staff_explain_information_clearly,staff_explain_information_clearly,staff_fail_to_communicate_with_taxi,Yes,,,Yes,Yes,,Yes
654,no_evident_not_staff_explain_information_clearly,staff_explain_information_clearly,staff_fail_to_guest_request,Yes,,,Yes,No,,Yes
655,no_evident_not_staff_explain_information_clearly,staff_explain_information_clearly,staff_cannot_provide_double_bed,Yes,,,No,No,,No
656,no_evident_not_staff_explain_information_clearly,staff_explain_information_clearly,offended_staff,Yes,,,No,No,,No
657,no_evident_not_staff_explain_information_clearly,staff_explain_information_clearly,staff_not_justify_booking_issue,Yes,,,Yes,Yes,,Yes
658,no_evident_not_staff_explain_information_clearly,staff_explain_information_clearly,staff_charge_for_cancellation_while_no_cancellation_charge_in_Booking.com,Yes,,,Yes,No,,Yes
659,no_evident_not_staff_explain_information_clearly,staff_explain_information_clearly,staff_enforce_cancellation_charge,Yes,,,Yes,No,,Yes
660,no_evident_not_staff_explain_information_clearly,staff_explain_information_clearly,staff_mistakenly_throw_valuable_item_during_cleaning_service,Yes,,,No,No,,No
661,no_evident_not_staff_explain_information_clearly,staff_explain_information_clearly,staff_not_provide_good_solution,Yes,,,Yes,No,,Yes
662,no_evident_not_staff_explain_information_clearly,staff_explain_information_clearly,staff_has_unaceptable_manner,Yes,,,No,No,,No
663,no_evident_not_staff_explain_information_clearly,staff_explain_information_clearly,staff_not_speak_Cypriot_language,Yes,,,Yes,Yes,,Yes
664,no_evident_not_staff_explain_information_clearly,staff_explain_information_clearly,no_staff_at_night,Yes,,,Yes,Yes,,Yes
665,no_evident_not_staff_explain_information_clearly,staff_explain_information_clearly,staff_not_understand_English_well,Yes,,,Yes,Yes,,Yes
666,no_evident_not_staff_explain_information_clearly,staff_explain_information_clearly,staff_cannot_give_bus_to_airport_information,Yes,,,Yes,Yes,,Yes
667,no_evident_not_staff_explain_information_clearly,staff_explain_information_clearly,only_one_staff_wear_mask,Yes,,,No,No,,No
668,no_evident_not_hospitality_staff,hospitality_staff,staff_not_speak_English_properly,Yes,,,No,No,,No
669,no_evident_not_hospitality_staff,hospitality_staff,staff_clean_after_complaint,Yes,,,No,No,,No
670,no_evident_not_hospitality_staff,hospitality_staff,staff_should_learn_better_English,No,,,No,No,,No
671,no_evident_not_hospitality_staff,hospitality_staff,staff_need_improve_organization,No,,,No,No,,No
672,no_evident_not_hospitality_staff,hospitality_staff,staff_need_improve_collaboration,No,,,No,No,,No
673,no_evident_not_hospitality_staff,hospitality_staff,staff_need_keep_update,No,,,No,No,,No
674,no_evident_not_hospitality_staff,hospitality_staff,not_kind_staff,Yes,,,Yes,Yes,,Yes
675,no_evident_not_hospitality_staff,hospitality_staff,no_empathy_staff,Yes,,,Yes,Yes,,Yes
676,no_evident_not_hospitality_staff,hospitality_staff,staff_fail_to_communicate_with_taxi,Yes,,,No,No,,No
677,no_evident_not_hospitality_staff,hospitality_staff,staff_fail_to_guest_request,Yes,,,No,No,,No
678,no_evident_not_hospitality_staff,hospitality_staff,staff_cannot_provide_double_bed,No,,,No,No,,No
679,no_evident_not_hospitality_staff,hospitality_staff,offended_staff,Yes,,,Yes,Yes,,Yes
680,no_evident_not_hospitality_staff,hospitality_staff,staff_not_justify_booking_issue,No,,,Yes,Yes,,Yes
681,no_evident_not_hospitality_staff,hospitality_staff,staff_charge_for_cancellation_while_no_cancellation_charge_in_Booking.com,No,,,Yes,Yes,,Yes
682,no_evident_not_hospitality_staff,hospitality_staff,staff_enforce_cancellation_charge,No,,,No,No,,No
683,no_evident_not_hospitality_staff,hospitality_staff,staff_mistakenly_throw_valuable_item_during_cleaning_service,Yes,,,No,No,,No
684,no_evident_not_hospitality_staff,hospitality_staff,staff_not_provide_good_solution,Yes,,,Yes,No,,Yes
685,no_evident_not_hospitality_staff,hospitality_staff,staff_has_unaceptable_manner,Yes,,,Yes,Yes,,Yes
686,no_evident_not_hospitality_staff,hospitality_staff,staff_not_speak_Cypriot_language,No,,,No,No,,No
687,no_evident_not_hospitality_staff,hospitality_staff,no_staff_at_night,No,,,No,No,,No
688,no_evident_not_hospitality_staff,hospitality_staff,staff_not_understand_English_well,Yes,,,No,No,,No
689,no_evident_not_hospitality_staff,hospitality_staff,staff_cannot_give_bus_to_airport_information,Yes,,,No,No,,No
690,no_evident_not_hospitality_staff,hospitality_staff,only_one_staff_wear_mask,No,,,No,No,,No
691,no_evident_not_warm_welcome_staff,warm_welcome_staff,staff_not_speak_English_properly,No,,,No,No,,No
692,no_evident_not_warm_welcome_staff,warm_welcome_staff,staff_clean_after_complaint,No,,,No,No,,No
693,no_evident_not_warm_welcome_staff,warm_welcome_staff,staff_should_learn_better_English,No,,,No,No,,No
694,no_evident_not_warm_welcome_staff,warm_welcome_staff,staff_need_improve_organization,No,,,No,No,,No
695,no_evident_not_warm_welcome_staff,warm_welcome_staff,staff_need_improve_collaboration,No,,,No,No,,No
696,no_evident_not_warm_welcome_staff,warm_welcome_staff,staff_need_keep_update,No,,,No,No,,No
697,no_evident_not_warm_welcome_staff,warm_welcome_staff,not_kind_staff,Yes,,,Yes,Yes,,Yes
698,no_evident_not_warm_welcome_staff,warm_welcome_staff,no_empathy_staff,Yes,,,Yes,Yes,,Yes
699,no_evident_not_warm_welcome_staff,warm_welcome_staff,staff_fail_to_communicate_with_taxi,No,,,No,No,,No
700,no_evident_not_warm_welcome_staff,warm_welcome_staff,staff_fail_to_guest_request,No,,,No,No,,No
701,no_evident_not_warm_welcome_staff,warm_welcome_staff,staff_cannot_provide_double_bed,Yes,,,No,No,,No
702,no_evident_not_warm_welcome_staff,warm_welcome_staff,offended_staff,Yes,,,Yes,Yes,,Yes
703,no_evident_not_warm_welcome_staff,warm_welcome_staff,staff_not_justify_booking_issue,No,,,No,Yes,,No
704,no_evident_not_warm_welcome_staff,warm_welcome_staff,staff_charge_for_cancellation_while_no_cancellation_charge_in_Booking.com,No,,,No,Yes,,No
705,no_evident_not_warm_welcome_staff,warm_welcome_staff,staff_enforce_cancellation_charge,Yes,,,No,No,,No
706,no_evident_not_warm_welcome_staff,warm_welcome_staff,staff_mistakenly_throw_valuable_item_during_cleaning_service,Yes,,,No,No,,No
707,no_evident_not_warm_welcome_staff,warm_welcome_staff,staff_not_provide_good_solution,Yes,,,No,No,,No
708,no_evident_not_warm_welcome_staff,warm_welcome_staff,staff_has_unaceptable_manner,Yes,,,Yes,Yes,,Yes
709,no_evident_not_warm_welcome_staff,warm_welcome_staff,staff_not_speak_Cypriot_language,No,,,No,No,,No
710,no_evident_not_warm_welcome_staff,warm_welcome_staff,no_staff_at_night,No,,,Yes,No,,No
711,no_evident_not_warm_welcome_staff,warm_welcome_staff,staff_not_understand_English_well,No,,,No,No,,No
712,no_evident_not_warm_welcome_staff,warm_welcome_staff,staff_cannot_give_bus_to_airport_information,Yes,,,No,No,,No
713,no_evident_not_warm_welcome_staff,warm_welcome_staff,only_one_staff_wear_mask,Yes,,,No,No,,No
714,no_evident_not_staff_organize_taxi,staff_organize_taxi,staff_not_speak_English_properly,Yes,,,No,No,,No
715,no_evident_not_staff_organize_taxi,staff_organize_taxi,staff_clean_after_complaint,Yes,,,No,No,,No
716,no_evident_not_staff_organize_taxi,staff_organize_taxi,staff_should_learn_better_English,Yes,,,No,No,,No
717,no_evident_not_staff_organize_taxi,staff_organize_taxi,staff_need_improve_organization,No,,,Yes,Yes,,Yes
718,no_evident_not_staff_organize_taxi,staff_organize_taxi,staff_need_improve_collaboration,No,,,No,No,,No
719,no_evident_not_staff_organize_taxi,staff_organize_taxi,staff_need_keep_update,No,,,No,Yes,,No
720,no_evident_not_staff_organize_taxi,staff_organize_taxi,not_kind_staff,Yes,,,No,No,,No
721,no_evident_not_staff_organize_taxi,staff_organize_taxi,no_empathy_staff,Yes,,,No,No,,No
722,no_evident_not_staff_organize_taxi,staff_organize_taxi,staff_fail_to_communicate_with_taxi,Yes,,,Yes,Yes,,Yes
723,no_evident_not_staff_organize_taxi,staff_organize_taxi,staff_fail_to_guest_request,Yes,,,No,No,,No
724,no_evident_not_staff_organize_taxi,staff_organize_taxi,staff_cannot_provide_double_bed,No,,,No,No,,No
725,no_evident_not_staff_organize_taxi,staff_organize_taxi,offended_staff,No,,,No,No,,No
726,no_evident_not_staff_organize_taxi,staff_organize_taxi,staff_not_justify_booking_issue,No,,,No,No,,No
727,no_evident_not_staff_organize_taxi,staff_organize_taxi,staff_charge_for_cancellation_while_no_cancellation_charge_in_Booking.com,No,,,No,No,,No
728,no_evident_not_staff_organize_taxi,staff_organize_taxi,staff_enforce_cancellation_charge,No,,,No,No,,No
729,no_evident_not_staff_organize_taxi,staff_organize_taxi,staff_mistakenly_throw_valuable_item_during_cleaning_service,Yes,,,No,No,,No
730,no_evident_not_staff_organize_taxi,staff_organize_taxi,staff_not_provide_good_solution,Yes,,,No,No,,No
731,no_evident_not_staff_organize_taxi,staff_organize_taxi,staff_has_unaceptable_manner,Yes,,,No,No,,No
732,no_evident_not_staff_organize_taxi,staff_organize_taxi,staff_not_speak_Cypriot_language,No,,,No,No,,No
733,no_evident_not_staff_organize_taxi,staff_organize_taxi,no_staff_at_night,Yes,,,No,Yes,,Yes
734,no_evident_not_staff_organize_taxi,staff_organize_taxi,staff_not_understand_English_well,Yes,,,No,No,,No
735,no_evident_not_staff_organize_taxi,staff_organize_taxi,staff_cannot_give_bus_to_airport_information,Yes,,,No,No,,No
736,no_evident_not_staff_organize_taxi,staff_organize_taxi,only_one_staff_wear_mask,No,,,No,No,,No
737,no_evident_not_staff_order_taxi_for_us,staff_order_taxi_for_us,staff_not_speak_English_properly,Yes,,,No,No,,No
738,no_evident_not_staff_order_taxi_for_us,staff_order_taxi_for_us,staff_clean_after_complaint,Yes,,,No,No,,No
739,no_evident_not_staff_order_taxi_for_us,staff_order_taxi_for_us,staff_should_learn_better_English,Yes,,,No,No,,No
740,no_evident_not_staff_order_taxi_for_us,staff_order_taxi_for_us,staff_need_improve_organization,No,,,No,Yes,,No
741,no_evident_not_staff_order_taxi_for_us,staff_order_taxi_for_us,staff_need_improve_collaboration,No,,,No,No,,No
742,no_evident_not_staff_order_taxi_for_us,staff_order_taxi_for_us,staff_need_keep_update,No,,,No,Yes,,No
743,no_evident_not_staff_order_taxi_for_us,staff_order_taxi_for_us,not_kind_staff,Yes,,,Yes,Yes,,Yes
744,no_evident_not_staff_order_taxi_for_us,staff_order_taxi_for_us,no_empathy_staff,Yes,,,Yes,Yes,,Yes
745,no_evident_not_staff_order_taxi_for_us,staff_order_taxi_for_us,staff_fail_to_communicate_with_taxi,Yes,,,Yes,Yes,,Yes
746,no_evident_not_staff_order_taxi_for_us,staff_order_taxi_for_us,staff_fail_to_guest_request,Yes,,,Yes,No,,Yes
747,no_evident_not_staff_order_taxi_for_us,staff_order_taxi_for_us,staff_cannot_provide_double_bed,No,,,No,No,,No
748,no_evident_not_staff_order_taxi_for_us,staff_order_taxi_for_us,offended_staff,No,,,No,No,,No
749,no_evident_not_staff_order_taxi_for_us,staff_order_taxi_for_us,staff_not_justify_booking_issue,No,,,No,No,,No
750,no_evident_not_staff_order_taxi_for_us,staff_order_taxi_for_us,staff_charge_for_cancellation_while_no_cancellation_charge_in_Booking.com,No,,,No,No,,No
751,no_evident_not_staff_order_taxi_for_us,staff_order_taxi_for_us,staff_enforce_cancellation_charge,No,,,No,No,,No
752,no_evident_not_staff_order_taxi_for_us,staff_order_taxi_for_us,staff_mistakenly_throw_valuable_item_during_cleaning_service,Yes,,,No,No,,No
753,no_evident_not_staff_order_taxi_for_us,staff_order_taxi_for_us,staff_not_provide_good_solution,Yes,,,No,No,,No
754,no_evident_not_staff_order_taxi_for_us,staff_order_taxi_for_us,staff_has_unaceptable_manner,Yes,,,Yes,No,,Yes
755,no_evident_not_staff_order_taxi_for_us,staff_order_taxi_for_us,staff_not_speak_Cypriot_language,No,,,No,No,,No
756,no_evident_not_staff_order_taxi_for_us,staff_order_taxi_for_us,no_staff_at_night,Yes,,,Yes,Yes,,Yes
757,no_evident_not_staff_order_taxi_for_us,staff_order_taxi_for_us,staff_not_understand_English_well,Yes,,,No,No,,No
758,no_evident_not_staff_order_taxi_for_us,staff_order_taxi_for_us,staff_cannot_give_bus_to_airport_information,Yes,,,No,No,,No
759,no_evident_not_staff_order_taxi_for_us,staff_order_taxi_for_us,only_one_staff_wear_mask,No,,,No,No,,No
760,no_evident_not_good_service,good_service,staff_not_speak_English_properly,,,,Yes,No,Yes,Yes
761,no_evident_not_good_service,good_service,staff_clean_after_complaint,No,,,No,No,,No
762,no_evident_not_good_service,good_service,staff_should_learn_better_English,,,,Yes,No,Yes,Yes
763,no_evident_not_good_service,good_service,staff_need_improve_organization,,,,Yes,Yes,,Yes
764,no_evident_not_good_service,good_service,staff_need_improve_collaboration,,,,Yes,Yes,,Yes
765,no_evident_not_good_service,good_service,staff_need_keep_update,,,,Yes,Yes,,Yes
766,no_evident_not_good_service,good_service,not_kind_staff,Yes,,,Yes,Yes,,Yes
767,no_evident_not_good_service,good_service,no_empathy_staff,Yes,,,Yes,Yes,,Yes
768,no_evident_not_good_service,good_service,staff_fail_to_communicate_with_taxi,Yes,,,Yes,Yes,,Yes
769,no_evident_not_good_service,good_service,staff_fail_to_guest_request,Yes,,,Yes,Yes,,Yes
770,no_evident_not_good_service,good_service,staff_cannot_provide_double_bed,,,,No,No,,No
771,no_evident_not_good_service,good_service,offended_staff,Yes,,,Yes,Yes,,Yes
772,no_evident_not_good_service,good_service,staff_not_justify_booking_issue,Yes,,,Yes,Yes,,Yes
773,no_evident_not_good_service,good_service,staff_charge_for_cancellation_while_no_cancellation_charge_in_Booking.com,Yes,,,Yes,Yes,,Yes
774,no_evident_not_good_service,good_service,staff_enforce_cancellation_charge,Yes,,,No,No,,No
775,no_evident_not_good_service,good_service,staff_mistakenly_throw_valuable_item_during_cleaning_service,,,,Yes,Yes,,Yes
776,no_evident_not_good_service,good_service,staff_not_provide_good_solution,Yes,,,Yes,Yes,,Yes
777,no_evident_not_good_service,good_service,staff_has_unaceptable_manner,,,,Yes,Yes,,Yes
778,no_evident_not_good_service,good_service,staff_not_speak_Cypriot_language,,,,No,No,,No
779,no_evident_not_good_service,good_service,no_staff_at_night,Yes,,,Yes,No,,Yes
780,no_evident_not_good_service,good_service,staff_not_understand_English_well,,,,Yes,No,Yes,Yes
781,no_evident_not_good_service,good_service,staff_cannot_give_bus_to_airport_information,Yes,,,Yes,Yes,,Yes
782,no_evident_not_good_service,good_service,only_one_staff_wear_mask,,,,No,No,,No
783,no_evident_not_staff_reach_out_when_reception_close,staff_reach_out_when_reception_close,staff_not_speak_English_properly,Yes,,,Yes,No,,Yes
784,no_evident_not_staff_reach_out_when_reception_close,staff_reach_out_when_reception_close,staff_clean_after_complaint,No,,,No,No,,No
785,no_evident_not_staff_reach_out_when_reception_close,staff_reach_out_when_reception_close,staff_should_learn_better_English,Yes,,,Yes,No,,Yes
786,no_evident_not_staff_reach_out_when_reception_close,staff_reach_out_when_reception_close,staff_need_improve_organization,No,,,No,No,,No
787,no_evident_not_staff_reach_out_when_reception_close,staff_reach_out_when_reception_close,staff_need_improve_collaboration,No,,,No,No,,No
788,no_evident_not_staff_reach_out_when_reception_close,staff_reach_out_when_reception_close,staff_need_keep_update,Yes,,,No,No,,No
789,no_evident_not_staff_reach_out_when_reception_close,staff_reach_out_when_reception_close,not_kind_staff,Yes,,,Yes,Yes,,Yes
790,no_evident_not_staff_reach_out_when_reception_close,staff_reach_out_when_reception_close,no_empathy_staff,Yes,,,Yes,Yes,,Yes
791,no_evident_not_staff_reach_out_when_reception_close,staff_reach_out_when_reception_close,staff_fail_to_communicate_with_taxi,No,,,No,No,,No
792,no_evident_not_staff_reach_out_when_reception_close,staff_reach_out_when_reception_close,staff_fail_to_guest_request,No,,,No,No,,No
793,no_evident_not_staff_reach_out_when_reception_close,staff_reach_out_when_reception_close,staff_cannot_provide_double_bed,No,,,No,No,,No
794,no_evident_not_staff_reach_out_when_reception_close,staff_reach_out_when_reception_close,offended_staff,Yes,,,Yes,Yes,,Yes
795,no_evident_not_staff_reach_out_when_reception_close,staff_reach_out_when_reception_close,staff_not_justify_booking_issue,No,,,No,No,,No
796,no_evident_not_staff_reach_out_when_reception_close,staff_reach_out_when_reception_close,staff_charge_for_cancellation_while_no_cancellation_charge_in_Booking.com,No,,,No,No,,No
797,no_evident_not_staff_reach_out_when_reception_close,staff_reach_out_when_reception_close,staff_enforce_cancellation_charge,No,,,No,No,,No
798,no_evident_not_staff_reach_out_when_reception_close,staff_reach_out_when_reception_close,staff_mistakenly_throw_valuable_item_during_cleaning_service,Yes,,,No,No,,No
799,no_evident_not_staff_reach_out_when_reception_close,staff_reach_out_when_reception_close,staff_not_provide_good_solution,Yes,,,Yes,Yes,,Yes
800,no_evident_not_staff_reach_out_when_reception_close,staff_reach_out_when_reception_close,staff_has_unaceptable_manner,Yes,,,Yes,Yes,,Yes
801,no_evident_not_staff_reach_out_when_reception_close,staff_reach_out_when_reception_close,staff_not_speak_Cypriot_language,Yes,,,Yes,No,,Yes
802,no_evident_not_staff_reach_out_when_reception_close,staff_reach_out_when_reception_close,no_staff_at_night,Yes,,,Yes,Yes,,Yes
803,no_evident_not_staff_reach_out_when_reception_close,staff_reach_out_when_reception_close,staff_not_understand_English_well,Yes,,,Yes,No,,Yes
804,no_evident_not_staff_reach_out_when_reception_close,staff_reach_out_when_reception_close,staff_cannot_give_bus_to_airport_information,Yes,,,No,No,,No
805,no_evident_not_staff_reach_out_when_reception_close,staff_reach_out_when_reception_close,only_one_staff_wear_mask,Yes,,,No,No,,No
806,no_evident_not_lovely_smiling_staff,lovely_smiling_staff,staff_not_speak_English_properly,No,,,No,No,,No
807,no_evident_not_lovely_smiling_staff,lovely_smiling_staff,staff_clean_after_complaint,Yes,,,No,No,,No
808,no_evident_not_lovely_smiling_staff,lovely_smiling_staff,staff_should_learn_better_English,No,,,No,No,,No
809,no_evident_not_lovely_smiling_staff,lovely_smiling_staff,staff_need_improve_organization,No,,,No,No,,No
810,no_evident_not_lovely_smiling_staff,lovely_smiling_staff,staff_need_improve_collaboration,Yes,,,No,No,,No
811,no_evident_not_lovely_smiling_staff,lovely_smiling_staff,staff_need_keep_update,Yes,,,No,No,,No
812,no_evident_not_lovely_smiling_staff,lovely_smiling_staff,not_kind_staff,Yes,,,Yes,Yes,,Yes
813,no_evident_not_lovely_smiling_staff,lovely_smiling_staff,no_empathy_staff,Yes,,,Yes,Yes,,Yes
814,no_evident_not_lovely_smiling_staff,lovely_smiling_staff,staff_fail_to_communicate_with_taxi,Yes,,,No,No,,No
815,no_evident_not_lovely_smiling_staff,lovely_smiling_staff,staff_fail_to_guest_request,No,,,No,No,,No
816,no_evident_not_lovely_smiling_staff,lovely_smiling_staff,staff_cannot_provide_double_bed,No,,,No,No,,No
817,no_evident_not_lovely_smiling_staff,lovely_smiling_staff,offended_staff,Yes,,,Yes,Yes,,Yes
818,no_evident_not_lovely_smiling_staff,lovely_smiling_staff,staff_not_justify_booking_issue,Yes,,,Yes,No,,Yes
819,no_evident_not_lovely_smiling_staff,lovely_smiling_staff,staff_charge_for_cancellation_while_no_cancellation_charge_in_Booking.com,Yes,,,yes,No,,Yes
820,no_evident_not_lovely_smiling_staff,lovely_smiling_staff,staff_enforce_cancellation_charge,Yes,,,No,No,,No
821,no_evident_not_lovely_smiling_staff,lovely_smiling_staff,staff_mistakenly_throw_valuable_item_during_cleaning_service,Yes,,,No,No,,No
822,no_evident_not_lovely_smiling_staff,lovely_smiling_staff,staff_not_provide_good_solution,Yes,,,yes,No,,Yes
823,no_evident_not_lovely_smiling_staff,lovely_smiling_staff,staff_has_unaceptable_manner,Yes,,,Yes,Yes,,Yes
824,no_evident_not_lovely_smiling_staff,lovely_smiling_staff,staff_not_speak_Cypriot_language,No,,,No,No,,No
825,no_evident_not_lovely_smiling_staff,lovely_smiling_staff,no_staff_at_night,No,,,No,No,,No
826,no_evident_not_lovely_smiling_staff,lovely_smiling_staff,staff_not_understand_English_well,No,,,No,No,,No
827,no_evident_not_lovely_smiling_staff,lovely_smiling_staff,staff_cannot_give_bus_to_airport_information,No,,,No,No,,No
828,no_evident_not_lovely_smiling_staff,lovely_smiling_staff,only_one_staff_wear_mask,Yes,,,No,No,,No
829,no_evident_not_staff_alway_assist,staff_alway_assist,staff_not_speak_English_properly,Yes,,,No,No,,No
830,no_evident_not_staff_alway_assist,staff_alway_assist,staff_clean_after_complaint,No,,,No,No,,No
831,no_evident_not_staff_alway_assist,staff_alway_assist,staff_should_learn_better_English,No,,,No,No,,No
832,no_evident_not_staff_alway_assist,staff_alway_assist,staff_need_improve_organization,No,,,No,No,,No
833,no_evident_not_staff_alway_assist,staff_alway_assist,staff_need_improve_collaboration,No,,,No,No,,No
834,no_evident_not_staff_alway_assist,staff_alway_assist,staff_need_keep_update,No,,,No,No,,No
835,no_evident_not_staff_alway_assist,staff_alway_assist,not_kind_staff,Yes,,,Yes,Yes,,Yes
836,no_evident_not_staff_alway_assist,staff_alway_assist,no_empathy_staff,Yes,,,Yes,Yes,,Yes
837,no_evident_not_staff_alway_assist,staff_alway_assist,staff_fail_to_communicate_with_taxi,Yes,,,No,Yes,,Yes
838,no_evident_not_staff_alway_assist,staff_alway_assist,staff_fail_to_guest_request,Yes,,,No,Yes,,Yes
839,no_evident_not_staff_alway_assist,staff_alway_assist,staff_cannot_provide_double_bed,No,,,No,Yes,,No
840,no_evident_not_staff_alway_assist,staff_alway_assist,offended_staff,No,,,Yes,Yes,,Yes
841,no_evident_not_staff_alway_assist,staff_alway_assist,staff_not_justify_booking_issue,Yes,,,Yes,Yes,,Yes
842,no_evident_not_staff_alway_assist,staff_alway_assist,staff_charge_for_cancellation_while_no_cancellation_charge_in_Booking.com,Yes,,,Yes,Yes,,Yes
843,no_evident_not_staff_alway_assist,staff_alway_assist,staff_enforce_cancellation_charge,Yes,,,No,No,,No
844,no_evident_not_staff_alway_assist,staff_alway_assist,staff_mistakenly_throw_valuable_item_during_cleaning_service,Yes,,,No,No,,No
845,no_evident_not_staff_alway_assist,staff_alway_assist,staff_not_provide_good_solution,Yes,,,Yes,Yes,,Yes
846,no_evident_not_staff_alway_assist,staff_alway_assist,staff_has_unaceptable_manner,Yes,,,Yes,Yes,,Yes
847,no_evident_not_staff_alway_assist,staff_alway_assist,staff_not_speak_Cypriot_language,No,,,No,No,,No
848,no_evident_not_staff_alway_assist,staff_alway_assist,no_staff_at_night,No,,,Yes,Yes,,Yes
849,no_evident_not_staff_alway_assist,staff_alway_assist,staff_not_understand_English_well,Yes,,,No,No,,No
850,no_evident_not_staff_alway_assist,staff_alway_assist,staff_cannot_give_bus_to_airport_information,Yes,,,No,Yes,,Yes
851,no_evident_not_staff_alway_assist,staff_alway_assist,only_one_staff_wear_mask,No,,,No,No,,No
852,no_evident_not_eager_to_assist,eager_to_assist,staff_not_speak_English_properly,No,,,No,No,,No
853,no_evident_not_eager_to_assist,eager_to_assist,staff_clean_after_complaint,No,,,No,No,,No
854,no_evident_not_eager_to_assist,eager_to_assist,staff_should_learn_better_English,No,,,No,No,,No
855,no_evident_not_eager_to_assist,eager_to_assist,staff_need_improve_organization,No,,,No,No,,No
856,no_evident_not_eager_to_assist,eager_to_assist,staff_need_improve_collaboration,No,,,No,No,,No
857,no_evident_not_eager_to_assist,eager_to_assist,staff_need_keep_update,Yes,,,No,No,,No
858,no_evident_not_eager_to_assist,eager_to_assist,not_kind_staff,Yes,,,Yes,Yes,,Yes
859,no_evident_not_eager_to_assist,eager_to_assist,no_empathy_staff,Yes,,,Yes,Yes,,Yes
860,no_evident_not_eager_to_assist,eager_to_assist,staff_fail_to_communicate_with_taxi,No,,,No,Yes,,No
861,no_evident_not_eager_to_assist,eager_to_assist,staff_fail_to_guest_request,No,,,Yes,Yes,,Yes
862,no_evident_not_eager_to_assist,eager_to_assist,staff_cannot_provide_double_bed,No,,,No,Yes,,No
863,no_evident_not_eager_to_assist,eager_to_assist,offended_staff,Yes,,,Yes,Yes,,Yes
864,no_evident_not_eager_to_assist,eager_to_assist,staff_not_justify_booking_issue,No,,,Yes,Yes,,Yes
865,no_evident_not_eager_to_assist,eager_to_assist,staff_charge_for_cancellation_while_no_cancellation_charge_in_Booking.com,No,,,Yes,Yes,,Yes
866,no_evident_not_eager_to_assist,eager_to_assist,staff_enforce_cancellation_charge,No,,,No,No,,No
867,no_evident_not_eager_to_assist,eager_to_assist,staff_mistakenly_throw_valuable_item_during_cleaning_service,Yes,,,No,No,,No
868,no_evident_not_eager_to_assist,eager_to_assist,staff_not_provide_good_solution,Yes,,,Yes,Yes,,Yes
869,no_evident_not_eager_to_assist,eager_to_assist,staff_has_unaceptable_manner,Yes,,,Yes,Yes,,Yes
870,no_evident_not_eager_to_assist,eager_to_assist,staff_not_speak_Cypriot_language,No,,,No,No,,No
871,no_evident_not_eager_to_assist,eager_to_assist,no_staff_at_night,No,,,Yes,No,,No
872,no_evident_not_eager_to_assist,eager_to_assist,staff_not_understand_English_well,No,,,No,No,,No
873,no_evident_not_eager_to_assist,eager_to_assist,staff_cannot_give_bus_to_airport_information,No,,,No,Yes,,No
874,no_evident_not_eager_to_assist,eager_to_assist,only_one_staff_wear_mask,No,,,No,No,,No
875,no_evident_not_can_not_do_enough_for_guest,can_not_do_enough_for_guest,staff_not_speak_English_properly,Yes,,,No,No,,No
876,no_evident_not_can_not_do_enough_for_guest,can_not_do_enough_for_guest,staff_clean_after_complaint,No,,,Yes,Yes,,Yes
877,no_evident_not_can_not_do_enough_for_guest,can_not_do_enough_for_guest,staff_should_learn_better_English,Yes,,,No,No,,No
878,no_evident_not_can_not_do_enough_for_guest,can_not_do_enough_for_guest,staff_need_improve_organization,Yes,,,No,No,,No
879,no_evident_not_can_not_do_enough_for_guest,can_not_do_enough_for_guest,staff_need_improve_collaboration,Yes,,,No,No,,No
880,no_evident_not_can_not_do_enough_for_guest,can_not_do_enough_for_guest,staff_need_keep_update,No,,,No,No,,No
881,no_evident_not_can_not_do_enough_for_guest,can_not_do_enough_for_guest,not_kind_staff,Yes,,,No,No,,No
882,no_evident_not_can_not_do_enough_for_guest,can_not_do_enough_for_guest,no_empathy_staff,Yes,,,No,No,,No
883,no_evident_not_can_not_do_enough_for_guest,can_not_do_enough_for_guest,staff_fail_to_communicate_with_taxi,No,,,No,No,,No
884,no_evident_not_can_not_do_enough_for_guest,can_not_do_enough_for_guest,staff_fail_to_guest_request,No,,,No,No,,No
885,no_evident_not_can_not_do_enough_for_guest,can_not_do_enough_for_guest,staff_cannot_provide_double_bed,No,,,No,No,,No
886,no_evident_not_can_not_do_enough_for_guest,can_not_do_enough_for_guest,offended_staff,Yes,,,No,No,,No
887,no_evident_not_can_not_do_enough_for_guest,can_not_do_enough_for_guest,staff_not_justify_booking_issue,Yes,,,No,No,,No
888,no_evident_not_can_not_do_enough_for_guest,can_not_do_enough_for_guest,staff_charge_for_cancellation_while_no_cancellation_charge_in_Booking.com,Yes,,,No,No,,No
889,no_evident_not_can_not_do_enough_for_guest,can_not_do_enough_for_guest,staff_enforce_cancellation_charge,Yes,,,No,No,,No
890,no_evident_not_can_not_do_enough_for_guest,can_not_do_enough_for_guest,staff_mistakenly_throw_valuable_item_during_cleaning_service,Yes,,,No,No,,No
891,no_evident_not_can_not_do_enough_for_guest,can_not_do_enough_for_guest,staff_not_provide_good_solution,Yes,,,No,No,,No
892,no_evident_not_can_not_do_enough_for_guest,can_not_do_enough_for_guest,staff_has_unaceptable_manner,Yes,,,No,No,,No
893,no_evident_not_can_not_do_enough_for_guest,can_not_do_enough_for_guest,staff_not_speak_Cypriot_language,No,,,No,No,,No
894,no_evident_not_can_not_do_enough_for_guest,can_not_do_enough_for_guest,no_staff_at_night,Yes,,,No,No,,No
895,no_evident_not_can_not_do_enough_for_guest,can_not_do_enough_for_guest,staff_not_understand_English_well,Yes,,,No,No,,No
896,no_evident_not_can_not_do_enough_for_guest,can_not_do_enough_for_guest,staff_cannot_give_bus_to_airport_information,Yes,,,No,No,,No
897,no_evident_not_can_not_do_enough_for_guest,can_not_do_enough_for_guest,only_one_staff_wear_mask,Yes,,,No,No,,No
898,no_evident_not_friendly_personal_staff,friendly_personal_staff,staff_not_speak_English_properly,Yes,,,No,No,,No
899,no_evident_not_friendly_personal_staff,friendly_personal_staff,staff_clean_after_complaint,Yes,,,No,No,,No
900,no_evident_not_friendly_personal_staff,friendly_personal_staff,staff_should_learn_better_English,No,,,No,No,,No
901,no_evident_not_friendly_personal_staff,friendly_personal_staff,staff_need_improve_organization,Yes,,,No,No,,No
902,no_evident_not_friendly_personal_staff,friendly_personal_staff,staff_need_improve_collaboration,Yes,,,No,No,,No
903,no_evident_not_friendly_personal_staff,friendly_personal_staff,staff_need_keep_update,Yes,,,No,No,,No
904,no_evident_not_friendly_personal_staff,friendly_personal_staff,not_kind_staff,Yes,,,Yes,Yes,,Yes
905,no_evident_not_friendly_personal_staff,friendly_personal_staff,no_empathy_staff,Yes,,,Yes,Yes,,Yes
906,no_evident_not_friendly_personal_staff,friendly_personal_staff,staff_fail_to_communicate_with_taxi,No,,,No,No,,No
907,no_evident_not_friendly_personal_staff,friendly_personal_staff,staff_fail_to_guest_request,No,,,No,No,,No
908,no_evident_not_friendly_personal_staff,friendly_personal_staff,staff_cannot_provide_double_bed,Yes,,,No,No,,No
909,no_evident_not_friendly_personal_staff,friendly_personal_staff,offended_staff,Yes,,,Yes,Yes,,Yes
910,no_evident_not_friendly_personal_staff,friendly_personal_staff,staff_not_justify_booking_issue,Yes,,,Yes,No,,Yes
911,no_evident_not_friendly_personal_staff,friendly_personal_staff,staff_charge_for_cancellation_while_no_cancellation_charge_in_Booking.com,Yes,,,No,No,,No
912,no_evident_not_friendly_personal_staff,friendly_personal_staff,staff_enforce_cancellation_charge,Yes,,,No,No,,No
913,no_evident_not_friendly_personal_staff,friendly_personal_staff,staff_mistakenly_throw_valuable_item_during_cleaning_service,Yes,,,No,No,,No
914,no_evident_not_friendly_personal_staff,friendly_personal_staff,staff_not_provide_good_solution,Yes,,,No,No,,No
915,no_evident_not_friendly_personal_staff,friendly_personal_staff,staff_has_unaceptable_manner,Yes,,,Yes,Yes,,Yes
916,no_evident_not_friendly_personal_staff,friendly_personal_staff,staff_not_speak_Cypriot_language,No,,,No,No,,No
917,no_evident_not_friendly_personal_staff,friendly_personal_staff,no_staff_at_night,No,,,No,No,,No
918,no_evident_not_friendly_personal_staff,friendly_personal_staff,staff_not_understand_English_well,Yes,,,No,No,,No
919,no_evident_not_friendly_personal_staff,friendly_personal_staff,staff_cannot_give_bus_to_airport_information,Yes,,,No,No,,No
920,no_evident_not_friendly_personal_staff,friendly_personal_staff,only_one_staff_wear_mask,Yes,,,No,No,,No
921,no_evident_not_excellent_service,excellent_service,staff_not_speak_English_properly,Yes,,,Yes,No,,Yes
922,no_evident_not_excellent_service,excellent_service,staff_clean_after_complaint,Yes,,,No,No,,No
923,no_evident_not_excellent_service,excellent_service,staff_should_learn_better_English,No,,,Yes,No,,No
924,no_evident_not_excellent_service,excellent_service,staff_need_improve_organization,No,,,Yes,Yes,,Yes
925,no_evident_not_excellent_service,excellent_service,staff_need_improve_collaboration,No,,,Yes,Yes,,Yes
926,no_evident_not_excellent_service,excellent_service,staff_need_keep_update,No,,,Yes,Yes,,Yes
927,no_evident_not_excellent_service,excellent_service,not_kind_staff,Yes,,,Yes,Yes,,Yes
928,no_evident_not_excellent_service,excellent_service,no_empathy_staff,Yes,,,Yes,Yes,,Yes
929,no_evident_not_excellent_service,excellent_service,staff_fail_to_communicate_with_taxi,Yes,,,Yes,Yes,,Yes
930,no_evident_not_excellent_service,excellent_service,staff_fail_to_guest_request,Yes,,,Yes,Yes,,Yes
931,no_evident_not_excellent_service,excellent_service,staff_cannot_provide_double_bed,Yes,,,No,Yes,,Yes
932,no_evident_not_excellent_service,excellent_service,offended_staff,Yes,,,Yes,Yes,,Yes
933,no_evident_not_excellent_service,excellent_service,staff_not_justify_booking_issue,Yes,,,Yes,Yes,,Yes
934,no_evident_not_excellent_service,excellent_service,staff_charge_for_cancellation_while_no_cancellation_charge_in_Booking.com,Yes,,,Yes,Yes,,Yes
935,no_evident_not_excellent_service,excellent_service,staff_enforce_cancellation_charge,Yes,,,Yes,No,,Yes
936,no_evident_not_excellent_service,excellent_service,staff_mistakenly_throw_valuable_item_during_cleaning_service,Yes,,,Yes,Yes,,Yes
937,no_evident_not_excellent_service,excellent_service,staff_not_provide_good_solution,Yes,,,Yes,Yes,,Yes
938,no_evident_not_excellent_service,excellent_service,staff_has_unaceptable_manner,Yes,,,Yes,Yes,,Yes
939,no_evident_not_excellent_service,excellent_service,staff_not_speak_Cypriot_language,Yes,,,Yes,No,,Yes
940,no_evident_not_excellent_service,excellent_service,no_staff_at_night,Yes,,,Yes,No,,Yes
941,no_evident_not_excellent_service,excellent_service,staff_not_understand_English_well,Yes,,,Yes,No,,Yes
942,no_evident_not_excellent_service,excellent_service,staff_cannot_give_bus_to_airport_information,Yes,,,Yes,Yes,,Yes
943,no_evident_not_excellent_service,excellent_service,only_one_staff_wear_mask,Yes,,,No,No,,No
944,no_evident_not_hospitable_staff,hospitable_staff,staff_not_speak_English_properly,Yes,,,No,No,,No
945,no_evident_not_hospitable_staff,hospitable_staff,staff_clean_after_complaint,Yes,,,No,No,,No
946,no_evident_not_hospitable_staff,hospitable_staff,staff_should_learn_better_English,No,,,No,No,,No
947,no_evident_not_hospitable_staff,hospitable_staff,staff_need_improve_organization,Yes,,,No,No,,No
948,no_evident_not_hospitable_staff,hospitable_staff,staff_need_improve_collaboration,Yes,,,No,No,,No
949,no_evident_not_hospitable_staff,hospitable_staff,staff_need_keep_update,Yes,,,Yes,No,,Yes
950,no_evident_not_hospitable_staff,hospitable_staff,not_kind_staff,Yes,,,Yes,Yes,,Yes
951,no_evident_not_hospitable_staff,hospitable_staff,no_empathy_staff,Yes,,,No,Yes,,Yes
952,no_evident_not_hospitable_staff,hospitable_staff,staff_fail_to_communicate_with_taxi,No,,,No,No,,No
953,no_evident_not_hospitable_staff,hospitable_staff,staff_fail_to_guest_request,No,,,No,No,,No
954,no_evident_not_hospitable_staff,hospitable_staff,staff_cannot_provide_double_bed,Yes,,,No,No,,No
955,no_evident_not_hospitable_staff,hospitable_staff,offended_staff,Yes,,,Yes,Yes,,Yes
956,no_evident_not_hospitable_staff,hospitable_staff,staff_not_justify_booking_issue,Yes,,,Yes,Yes,,Yes
957,no_evident_not_hospitable_staff,hospitable_staff,staff_charge_for_cancellation_while_no_cancellation_charge_in_Booking.com,Yes,,,No,Yes,,Yes
958,no_evident_not_hospitable_staff,hospitable_staff,staff_enforce_cancellation_charge,Yes,,,No,No,,No
959,no_evident_not_hospitable_staff,hospitable_staff,staff_mistakenly_throw_valuable_item_during_cleaning_service,Yes,,,No,No,,No
960,no_evident_not_hospitable_staff,hospitable_staff,staff_not_provide_good_solution,Yes,,,Yes,No,,Yes
961,no_evident_not_hospitable_staff,hospitable_staff,staff_has_unaceptable_manner,Yes,,,Yes,Yes,,Yes
962,no_evident_not_hospitable_staff,hospitable_staff,staff_not_speak_Cypriot_language,No,,,No,No,,No
963,no_evident_not_hospitable_staff,hospitable_staff,no_staff_at_night,No,,,Yes,No,,No
964,no_evident_not_hospitable_staff,hospitable_staff,staff_not_understand_English_well,Yes,,,No,No,,No
965,no_evident_not_hospitable_staff,hospitable_staff,staff_cannot_give_bus_to_airport_information,Yes,,,No,No,,No
966,no_evident_not_hospitable_staff,hospitable_staff,only_one_staff_wear_mask,Yes,,,No,No,,No
967,no_evident_not_excellent_staff,excellent_staff,staff_not_speak_English_properly,Yes,,,Yes,Yes,,Yes
968,no_evident_not_excellent_staff,excellent_staff,staff_clean_after_complaint,Yes,,,No,No,,No
969,no_evident_not_excellent_staff,excellent_staff,staff_should_learn_better_English,No,,,Yes,Yes,,Yes
970,no_evident_not_excellent_staff,excellent_staff,staff_need_improve_organization,No,,,Yes,Yes,,Yes
971,no_evident_not_excellent_staff,excellent_staff,staff_need_improve_collaboration,No,,,Yes,Yes,,Yes
972,no_evident_not_excellent_staff,excellent_staff,staff_need_keep_update,No,,,No,Yes,,No
973,no_evident_not_excellent_staff,excellent_staff,not_kind_staff,Yes,,,Yes,Yes,,Yes
974,no_evident_not_excellent_staff,excellent_staff,no_empathy_staff,Yes,,,Yes,Yes,,Yes
975,no_evident_not_excellent_staff,excellent_staff,staff_fail_to_communicate_with_taxi,Yes,,,Yes,Yes,,Yes
976,no_evident_not_excellent_staff,excellent_staff,staff_fail_to_guest_request,No,,,Yes,Yes,,Yes
977,no_evident_not_excellent_staff,excellent_staff,staff_cannot_provide_double_bed,Yes,,,No,Yes,,Yes
978,no_evident_not_excellent_staff,excellent_staff,offended_staff,Yes,,,Yes,Yes,,Yes
979,no_evident_not_excellent_staff,excellent_staff,staff_not_justify_booking_issue,Yes,,,Yes,Yes,,Yes
980,no_evident_not_excellent_staff,excellent_staff,staff_charge_for_cancellation_while_no_cancellation_charge_in_Booking.com,Yes,,,Yes,Yes,,Yes
981,no_evident_not_excellent_staff,excellent_staff,staff_enforce_cancellation_charge,Yes,,,Yes,No,,Yes
982,no_evident_not_excellent_staff,excellent_staff,staff_mistakenly_throw_valuable_item_during_cleaning_service,Yes,,,Yes,Yes,,Yes
983,no_evident_not_excellent_staff,excellent_staff,staff_not_provide_good_solution,Yes,,,Yes,Yes,,Yes
984,no_evident_not_excellent_staff,excellent_staff,staff_has_unaceptable_manner,Yes,,,Yes,Yes,,Yes
985,no_evident_not_excellent_staff,excellent_staff,staff_not_speak_Cypriot_language,Yes,,,Yes,Yes,,Yes
986,no_evident_not_excellent_staff,excellent_staff,no_staff_at_night,Yes,,,Yes,No,,Yes
987,no_evident_not_excellent_staff,excellent_staff,staff_not_understand_English_well,Yes,,,Yes,Yes,,Yes
988,no_evident_not_excellent_staff,excellent_staff,staff_cannot_give_bus_to_airport_information,Yes,,,Yes,Yes,,Yes
989,no_evident_not_excellent_staff,excellent_staff,only_one_staff_wear_mask,Yes,,,Yes,No,,Yes
990,no_evident_not_impressed_staff,impressed_staff,staff_not_speak_English_properly,No,,,Yes,No,,No
991,no_evident_not_impressed_staff,impressed_staff,staff_clean_after_complaint,No,,,No,No,,No
992,no_evident_not_impressed_staff,impressed_staff,staff_should_learn_better_English,No,,,No,No,,No
993,no_evident_not_impressed_staff,impressed_staff,staff_need_improve_organization,No,,,No,No,,No
994,no_evident_not_impressed_staff,impressed_staff,staff_need_improve_collaboration,No,,,No,No,,No
995,no_evident_not_impressed_staff,impressed_staff,staff_need_keep_update,Yes,,,No,No,,No
996,no_evident_not_impressed_staff,impressed_staff,not_kind_staff,Yes,,,Yes,Yes,,Yes
997,no_evident_not_impressed_staff,impressed_staff,no_empathy_staff,Yes,,,Yes,Yes,,Yes
998,no_evident_not_impressed_staff,impressed_staff,staff_fail_to_communicate_with_taxi,Yes,,,No,No,,No
999,no_evident_not_impressed_staff,impressed_staff,staff_fail_to_guest_request,No,,,Yes,No,,No
1000,no_evident_not_impressed_staff,impressed_staff,staff_cannot_provide_double_bed,No,,,No,No,,No
1001,no_evident_not_impressed_staff,impressed_staff,offended_staff,Yes,,,Yes,Yes,,Yes
1002,no_evident_not_impressed_staff,impressed_staff,staff_not_justify_booking_issue,No,,,Yes,No,,No
1003,no_evident_not_impressed_staff,impressed_staff,staff_charge_for_cancellation_while_no_cancellation_charge_in_Booking.com,No,,,Yes,No,,No
1004,no_evident_not_impressed_staff,impressed_staff,staff_enforce_cancellation_charge,No,,,No,No,,No
1005,no_evident_not_impressed_staff,impressed_staff,staff_mistakenly_throw_valuable_item_during_cleaning_service,Yes,,,Yes,No,,Yes
1006,no_evident_not_impressed_staff,impressed_staff,staff_not_provide_good_solution,Yes,,,Yes,No,,Yes
1007,no_evident_not_impressed_staff,impressed_staff,staff_has_unaceptable_manner,Yes,,,Yes,Yes,,Yes
1008,no_evident_not_impressed_staff,impressed_staff,staff_not_speak_Cypriot_language,No,,,Yes,No,,No
1009,no_evident_not_impressed_staff,impressed_staff,no_staff_at_night,No,,,Yes,No,,No
1010,no_evident_not_impressed_staff,impressed_staff,staff_not_understand_English_well,No,,,Yes,No,,No
1011,no_evident_not_impressed_staff,impressed_staff,staff_cannot_give_bus_to_airport_information,Yes,,,Yes,No,,Yes
1012,no_evident_not_impressed_staff,impressed_staff,only_one_staff_wear_mask,Yes,,,Yes,No,,Yes
1013,no_evident_not_staff_email_to_ask_arriving_time,staff_email_to_ask_arriving_time,staff_not_speak_English_properly,Yes,,,No,No,,No
1014,no_evident_not_staff_email_to_ask_arriving_time,staff_email_to_ask_arriving_time,staff_clean_after_complaint,Yes,,,No,No,,No
1015,no_evident_not_staff_email_to_ask_arriving_time,staff_email_to_ask_arriving_time,staff_should_learn_better_English,Yes,,,No,No,,No
1016,no_evident_not_staff_email_to_ask_arriving_time,staff_email_to_ask_arriving_time,staff_need_improve_organization,Yes,,,No,No,,No
1017,no_evident_not_staff_email_to_ask_arriving_time,staff_email_to_ask_arriving_time,staff_need_improve_collaboration,Yes,,,No,No,,No
1018,no_evident_not_staff_email_to_ask_arriving_time,staff_email_to_ask_arriving_time,staff_need_keep_update,No,,,No,No,,No
1019,no_evident_not_staff_email_to_ask_arriving_time,staff_email_to_ask_arriving_time,not_kind_staff,Yes,,,No,Yes,,Yes
1020,no_evident_not_staff_email_to_ask_arriving_time,staff_email_to_ask_arriving_time,no_empathy_staff,Yes,,,No,Yes,,Yes
1021,no_evident_not_staff_email_to_ask_arriving_time,staff_email_to_ask_arriving_time,staff_fail_to_communicate_with_taxi,Yes,,,No,No,,No
1022,no_evident_not_staff_email_to_ask_arriving_time,staff_email_to_ask_arriving_time,staff_fail_to_guest_request,No,,,No,No,,No
1023,no_evident_not_staff_email_to_ask_arriving_time,staff_email_to_ask_arriving_time,staff_cannot_provide_double_bed,Yes,,,No,No,,No
1024,no_evident_not_staff_email_to_ask_arriving_time,staff_email_to_ask_arriving_time,offended_staff,Yes,,,No,Yes,,Yes
1025,no_evident_not_staff_email_to_ask_arriving_time,staff_email_to_ask_arriving_time,staff_not_justify_booking_issue,Yes,,,No,No,,No
1026,no_evident_not_staff_email_to_ask_arriving_time,staff_email_to_ask_arriving_time,staff_charge_for_cancellation_while_no_cancellation_charge_in_Booking.com,Yes,,,No,No,,No
1027,no_evident_not_staff_email_to_ask_arriving_time,staff_email_to_ask_arriving_time,staff_enforce_cancellation_charge,Yes,,,No,No,,No
1028,no_evident_not_staff_email_to_ask_arriving_time,staff_email_to_ask_arriving_time,staff_mistakenly_throw_valuable_item_during_cleaning_service,Yes,,,No,No,,No
1029,no_evident_not_staff_email_to_ask_arriving_time,staff_email_to_ask_arriving_time,staff_not_provide_good_solution,Yes,,,No,No,,No
1030,no_evident_not_staff_email_to_ask_arriving_time,staff_email_to_ask_arriving_time,staff_has_unaceptable_manner,Yes,,,No,No,,No
1031,no_evident_not_staff_email_to_ask_arriving_time,staff_email_to_ask_arriving_time,staff_not_speak_Cypriot_language,Yes,,,No,No,,No
1032,no_evident_not_staff_email_to_ask_arriving_time,staff_email_to_ask_arriving_time,no_staff_at_night,No,,,No,No,,No
1033,no_evident_not_staff_email_to_ask_arriving_time,staff_email_to_ask_arriving_time,staff_not_understand_English_well,Yes,,,No,No,,No
1034,no_evident_not_staff_email_to_ask_arriving_time,staff_email_to_ask_arriving_time,staff_cannot_give_bus_to_airport_information,Yes,,,No,No,,No
1035,no_evident_not_staff_email_to_ask_arriving_time,staff_email_to_ask_arriving_time,only_one_staff_wear_mask,Yes,,,No,No,,No
1036,no_evident_not_perfect_staff,perfect_staff,staff_not_speak_English_properly,Yes,,,Yes,Yes,,Yes
1037,no_evident_not_perfect_staff,perfect_staff,staff_clean_after_complaint,Yes,,,No,No,,No
1038,no_evident_not_perfect_staff,perfect_staff,staff_should_learn_better_English,Yes,,,Yes,Yes,,Yes
1039,no_evident_not_perfect_staff,perfect_staff,staff_need_improve_organization,No,,,Yes,Yes,,Yes
1040,no_evident_not_perfect_staff,perfect_staff,staff_need_improve_collaboration,No,,,Yes,Yes,,Yes
1041,no_evident_not_perfect_staff,perfect_staff,staff_need_keep_update,No,,,No,Yes,,No
1042,no_evident_not_perfect_staff,perfect_staff,not_kind_staff,Yes,,,Yes,Yes,,Yes
1043,no_evident_not_perfect_staff,perfect_staff,no_empathy_staff,Yes,,,Yes,Yes,,Yes
1044,no_evident_not_perfect_staff,perfect_staff,staff_fail_to_communicate_with_taxi,Yes,,,Yes,Yes,,Yes
1045,no_evident_not_perfect_staff,perfect_staff,staff_fail_to_guest_request,No,,,Yes,Yes,,Yes
1046,no_evident_not_perfect_staff,perfect_staff,staff_cannot_provide_double_bed,Yes,,,No,No,,No
1047,no_evident_not_perfect_staff,perfect_staff,offended_staff,Yes,,,Yes,Yes,,Yes
1048,no_evident_not_perfect_staff,perfect_staff,staff_not_justify_booking_issue,Yes,,,Yes,Yes,,Yes
1049,no_evident_not_perfect_staff,perfect_staff,staff_charge_for_cancellation_while_no_cancellation_charge_in_Booking.com,Yes,,,Yes,Yes,,Yes
1050,no_evident_not_perfect_staff,perfect_staff,staff_enforce_cancellation_charge,Yes,,,Yes,No,,Yes
1051,no_evident_not_perfect_staff,perfect_staff,staff_mistakenly_throw_valuable_item_during_cleaning_service,Yes,,,Yes,Yes,,Yes
1052,no_evident_not_perfect_staff,perfect_staff,staff_not_provide_good_solution,Yes,,,Yes,Yes,,Yes
1053,no_evident_not_perfect_staff,perfect_staff,staff_has_unaceptable_manner,Yes,,,Yes,Yes,,Yes
1054,no_evident_not_perfect_staff,perfect_staff,staff_not_speak_Cypriot_language,Yes,,,Yes,Yes,,Yes
1055,no_evident_not_perfect_staff,perfect_staff,no_staff_at_night,Yes,,,Yes,No,,Yes
1056,no_evident_not_perfect_staff,perfect_staff,staff_not_understand_English_well,Yes,,,Yes,Yes,,Yes
1057,no_evident_not_perfect_staff,perfect_staff,staff_cannot_give_bus_to_airport_information,Yes,,,Yes,Yes,,Yes
1058,no_evident_not_perfect_staff,perfect_staff,only_one_staff_wear_mask,Yes,,,No,No,,No
1059,no_evident_not_fantastic_service,fantastic_service,staff_not_speak_English_properly,Yes,,,Yes,No,,Yes
1060,no_evident_not_fantastic_service,fantastic_service,staff_clean_after_complaint,Yes,,,No,No,,No
1061,no_evident_not_fantastic_service,fantastic_service,staff_should_learn_better_English,Yes,,,No,No,,No
1062,no_evident_not_fantastic_service,fantastic_service,staff_need_improve_organization,No,,,No,Yes,,No
1063,no_evident_not_fantastic_service,fantastic_service,staff_need_improve_collaboration,No,,,No,Yes,,No
1064,no_evident_not_fantastic_service,fantastic_service,staff_need_keep_update,No,,,No,Yes,,No
1065,no_evident_not_fantastic_service,fantastic_service,not_kind_staff,Yes,,,Yes,Yes,,Yes
1066,no_evident_not_fantastic_service,fantastic_service,no_empathy_staff,Yes,,,Yes,Yes,,Yes
1067,no_evident_not_fantastic_service,fantastic_service,staff_fail_to_communicate_with_taxi,Yes,,,Yes,Yes,,Yes
1068,no_evident_not_fantastic_service,fantastic_service,staff_fail_to_guest_request,No,,,Yes,Yes,,Yes
1069,no_evident_not_fantastic_service,fantastic_service,staff_cannot_provide_double_bed,Yes,,,No,Yes,,Yes
1070,no_evident_not_fantastic_service,fantastic_service,offended_staff,Yes,,,Yes,Yes,,Yes
1071,no_evident_not_fantastic_service,fantastic_service,staff_not_justify_booking_issue,Yes,,,Yes,Yes,,Yes
1072,no_evident_not_fantastic_service,fantastic_service,staff_charge_for_cancellation_while_no_cancellation_charge_in_Booking.com,Yes,,,Yes,Yes,,Yes
1073,no_evident_not_fantastic_service,fantastic_service,staff_enforce_cancellation_charge,Yes,,,Yes,No,,Yes
1074,no_evident_not_fantastic_service,fantastic_service,staff_mistakenly_throw_valuable_item_during_cleaning_service,Yes,,,Yes,Yes,,Yes
1075,no_evident_not_fantastic_service,fantastic_service,staff_not_provide_good_solution,Yes,,,Yes,Yes,,Yes
1076,no_evident_not_fantastic_service,fantastic_service,staff_has_unaceptable_manner,Yes,,,Yes,Yes,,Yes
1077,no_evident_not_fantastic_service,fantastic_service,staff_not_speak_Cypriot_language,Yes,,,Yes,No,,Yes
1078,no_evident_not_fantastic_service,fantastic_service,no_staff_at_night,Yes,,,Yes,No,,Yes
1079,no_evident_not_fantastic_service,fantastic_service,staff_not_understand_English_well,Yes,,,Yes,No,,Yes
1080,no_evident_not_fantastic_service,fantastic_service,staff_cannot_give_bus_to_airport_information,Yes,,,Yes,Yes,,Yes
1081,no_evident_not_fantastic_service,fantastic_service,only_one_staff_wear_mask,Yes,,,No,No,,No
1082,no_evident_not_kindest_staff,kindest_staff,staff_not_speak_English_properly,No,,,No,No,,No
1083,no_evident_not_kindest_staff,kindest_staff,staff_clean_after_complaint,Yes,,,No,No,,No
1084,no_evident_not_kindest_staff,kindest_staff,staff_should_learn_better_English,No,,,No,No,,No
1085,no_evident_not_kindest_staff,kindest_staff,staff_need_improve_organization,No,,,No,No,,No
1086,no_evident_not_kindest_staff,kindest_staff,staff_need_improve_collaboration,Yes,,,No,No,,No
1087,no_evident_not_kindest_staff,kindest_staff,staff_need_keep_update,Yes,,,No,No,,No
1088,no_evident_not_kindest_staff,kindest_staff,not_kind_staff,Yes,,,Yes,Yes,,Yes
1089,no_evident_not_kindest_staff,kindest_staff,no_empathy_staff,Yes,,,Yes,Yes,,Yes
1090,no_evident_not_kindest_staff,kindest_staff,staff_fail_to_communicate_with_taxi,Yes,,,No,No,,No
1091,no_evident_not_kindest_staff,kindest_staff,staff_fail_to_guest_request,No,,,Yes,No,,No
1092,no_evident_not_kindest_staff,kindest_staff,staff_cannot_provide_double_bed,No,,,No,No,,No
1093,no_evident_not_kindest_staff,kindest_staff,offended_staff,Yes,,,Yes,Yes,,Yes
1094,no_evident_not_kindest_staff,kindest_staff,staff_not_justify_booking_issue,Yes,,,Yes,Yes,,Yes
1095,no_evident_not_kindest_staff,kindest_staff,staff_charge_for_cancellation_while_no_cancellation_charge_in_Booking.com,Yes,,,Yes,Yes,,Yes
1096,no_evident_not_kindest_staff,kindest_staff,staff_enforce_cancellation_charge,Yes,,,No,No,,No
1097,no_evident_not_kindest_staff,kindest_staff,staff_mistakenly_throw_valuable_item_during_cleaning_service,Yes,,,No,No,,No
1098,no_evident_not_kindest_staff,kindest_staff,staff_not_provide_good_solution,Yes,,,Yes,No,,Yes
1099,no_evident_not_kindest_staff,kindest_staff,staff_has_unaceptable_manner,Yes,,,Yes,Yes,,Yes
1100,no_evident_not_kindest_staff,kindest_staff,staff_not_speak_Cypriot_language,No,,,No,No,,No
1101,no_evident_not_kindest_staff,kindest_staff,no_staff_at_night,No,,,No,No,,No
1102,no_evident_not_kindest_staff,kindest_staff,staff_not_understand_English_well,No,,,No,No,,No
1103,no_evident_not_kindest_staff,kindest_staff,staff_cannot_give_bus_to_airport_information,No,,,No,No,,No
1104,no_evident_not_kindest_staff,kindest_staff,only_one_staff_wear_mask,Yes,,,No,No,,No
1105,no_evident_not_able_to_accommodate_specific_need,able_to_accommodate_specific_need,staff_not_speak_English_properly,Yes,,,Yes,No,,Yes
1106,no_evident_not_able_to_accommodate_specific_need,able_to_accommodate_specific_need,staff_clean_after_complaint,Yes,,,No,No,,No
1107,no_evident_not_able_to_accommodate_specific_need,able_to_accommodate_specific_need,staff_should_learn_better_English,No,,,Yes,No,,No
1108,no_evident_not_able_to_accommodate_specific_need,able_to_accommodate_specific_need,staff_need_improve_organization,No,,,No,No,,No
1109,no_evident_not_able_to_accommodate_specific_need,able_to_accommodate_specific_need,staff_need_improve_collaboration,No,,,No,No,,No
1110,no_evident_not_able_to_accommodate_specific_need,able_to_accommodate_specific_need,staff_need_keep_update,No,,,No,No,,No
1111,no_evident_not_able_to_accommodate_specific_need,able_to_accommodate_specific_need,not_kind_staff,Yes,,,Yes,No,,Yes
1112,no_evident_not_able_to_accommodate_specific_need,able_to_accommodate_specific_need,no_empathy_staff,Yes,,,Yes,No,,Yes
1113,no_evident_not_able_to_accommodate_specific_need,able_to_accommodate_specific_need,staff_fail_to_communicate_with_taxi,Yes,,,Yes,Yes,,Yes
1114,no_evident_not_able_to_accommodate_specific_need,able_to_accommodate_specific_need,staff_fail_to_guest_request,Yes,,,Yes,Yes,,Yes
1115,no_evident_not_able_to_accommodate_specific_need,able_to_accommodate_specific_need,staff_cannot_provide_double_bed,Yes,,,Yes,Yes,,Yes
1116,no_evident_not_able_to_accommodate_specific_need,able_to_accommodate_specific_need,offended_staff,Yes,,,Yes,No,,Yes
1117,no_evident_not_able_to_accommodate_specific_need,able_to_accommodate_specific_need,staff_not_justify_booking_issue,Yes,,,Yes,Yes,,Yes
1118,no_evident_not_able_to_accommodate_specific_need,able_to_accommodate_specific_need,staff_charge_for_cancellation_while_no_cancellation_charge_in_Booking.com,Yes,,,No,No,,No
1119,no_evident_not_able_to_accommodate_specific_need,able_to_accommodate_specific_need,staff_enforce_cancellation_charge,Yes,,,No,No,,No
1120,no_evident_not_able_to_accommodate_specific_need,able_to_accommodate_specific_need,staff_mistakenly_throw_valuable_item_during_cleaning_service,Yes,,,No,No,,No
1121,no_evident_not_able_to_accommodate_specific_need,able_to_accommodate_specific_need,staff_not_provide_good_solution,Yes,,,Yes,Yes,,Yes
1122,no_evident_not_able_to_accommodate_specific_need,able_to_accommodate_specific_need,staff_has_unaceptable_manner,Yes,,,No,No,,No
1123,no_evident_not_able_to_accommodate_specific_need,able_to_accommodate_specific_need,staff_not_speak_Cypriot_language,Yes,,,Yes,No,,Yes
1124,no_evident_not_able_to_accommodate_specific_need,able_to_accommodate_specific_need,no_staff_at_night,Yes,,,Yes,No,,Yes
1125,no_evident_not_able_to_accommodate_specific_need,able_to_accommodate_specific_need,staff_not_understand_English_well,Yes,,,Yes,No,,Yes
1126,no_evident_not_able_to_accommodate_specific_need,able_to_accommodate_specific_need,staff_cannot_give_bus_to_airport_information,Yes,,,Yes,Yes,,Yes
1127,no_evident_not_able_to_accommodate_specific_need,able_to_accommodate_specific_need,only_one_staff_wear_mask,Yes,,,No,No,,No
1128,no_evident_not_impeccable_service,impeccable_service,staff_not_speak_English_properly,Yes,,,Yes,No,,Yes
1129,no_evident_not_impeccable_service,impeccable_service,staff_clean_after_complaint,Yes,,,No,No,,No
1130,no_evident_not_impeccable_service,impeccable_service,staff_should_learn_better_English,Yes,,,Yes,No,,Yes
1131,no_evident_not_impeccable_service,impeccable_service,staff_need_improve_organization,No,,,Yes,Yes,,Yes
1132,no_evident_not_impeccable_service,impeccable_service,staff_need_improve_collaboration,No,,,Yes,Yes,,Yes
1133,no_evident_not_impeccable_service,impeccable_service,staff_need_keep_update,No,,,Yes,Yes,,Yes
1134,no_evident_not_impeccable_service,impeccable_service,not_kind_staff,Yes,,,Yes,Yes,,Yes
1135,no_evident_not_impeccable_service,impeccable_service,no_empathy_staff,Yes,,,Yes,Yes,,Yes
1136,no_evident_not_impeccable_service,impeccable_service,staff_fail_to_communicate_with_taxi,Yes,,,Yes,Yes,,Yes
1137,no_evident_not_impeccable_service,impeccable_service,staff_fail_to_guest_request,Yes,,,Yes,Yes,,Yes
1138,no_evident_not_impeccable_service,impeccable_service,staff_cannot_provide_double_bed,Yes,,,Yes,Yes,,Yes
1139,no_evident_not_impeccable_service,impeccable_service,offended_staff,Yes,,,Yes,Yes,,Yes
1140,no_evident_not_impeccable_service,impeccable_service,staff_not_justify_booking_issue,Yes,,,Yes,Yes,,Yes
1141,no_evident_not_impeccable_service,impeccable_service,staff_charge_for_cancellation_while_no_cancellation_charge_in_Booking.com,Yes,,,Yes,Yes,,Yes
1142,no_evident_not_impeccable_service,impeccable_service,staff_enforce_cancellation_charge,Yes,,,No,No,,No
1143,no_evident_not_impeccable_service,impeccable_service,staff_mistakenly_throw_valuable_item_during_cleaning_service,Yes,,,Yes,Yes,,Yes
1144,no_evident_not_impeccable_service,impeccable_service,staff_not_provide_good_solution,Yes,,,Yes,Yes,,Yes
1145,no_evident_not_impeccable_service,impeccable_service,staff_has_unaceptable_manner,Yes,,,Yes,Yes,,Yes
1146,no_evident_not_impeccable_service,impeccable_service,staff_not_speak_Cypriot_language,Yes,,,Yes,No,,Yes
1147,no_evident_not_impeccable_service,impeccable_service,no_staff_at_night,Yes,,,Yes,No,,Yes
1148,no_evident_not_impeccable_service,impeccable_service,staff_not_understand_English_well,Yes,,,Yes,No,,Yes
1149,no_evident_not_impeccable_service,impeccable_service,staff_cannot_give_bus_to_airport_information,Yes,,,Yes,Yes,,Yes
1150,no_evident_not_impeccable_service,impeccable_service,only_one_staff_wear_mask,Yes,,,Yes,No,,Yes
1151,no_evident_not_kind_personal_staff,kind_personal_staff,staff_not_speak_English_properly,Yes,,,No,No,,No
1152,no_evident_not_kind_personal_staff,kind_personal_staff,staff_clean_after_complaint,Yes,,,No,No,,No
1153,no_evident_not_kind_personal_staff,kind_personal_staff,staff_should_learn_better_English,Yes,,,No,No,,No
1154,no_evident_not_kind_personal_staff,kind_personal_staff,staff_need_improve_organization,No,,,No,No,,No
1155,no_evident_not_kind_personal_staff,kind_personal_staff,staff_need_improve_collaboration,No,,,No,No,,No
1156,no_evident_not_kind_personal_staff,kind_personal_staff,staff_need_keep_update,No,,,No,No,,No
1157,no_evident_not_kind_personal_staff,kind_personal_staff,not_kind_staff,Yes,,,Yes,Yes,,Yes
1158,no_evident_not_kind_personal_staff,kind_personal_staff,no_empathy_staff,Yes,,,Yes,Yes,,Yes
1159,no_evident_not_kind_personal_staff,kind_personal_staff,staff_fail_to_communicate_with_taxi,Yes,,,No,No,,No
1160,no_evident_not_kind_personal_staff,kind_personal_staff,staff_fail_to_guest_request,No,,,No,No,,No
1161,no_evident_not_kind_personal_staff,kind_personal_staff,staff_cannot_provide_double_bed,Yes,,,No,No,,No
1162,no_evident_not_kind_personal_staff,kind_personal_staff,offended_staff,Yes,,,Yes,Yes,,Yes
1163,no_evident_not_kind_personal_staff,kind_personal_staff,staff_not_justify_booking_issue,Yes,,,Yes,Yes,,Yes
1164,no_evident_not_kind_personal_staff,kind_personal_staff,staff_charge_for_cancellation_while_no_cancellation_charge_in_Booking.com,Yes,,,Yes,Yes,,Yes
1165,no_evident_not_kind_personal_staff,kind_personal_staff,staff_enforce_cancellation_charge,Yes,,,Yes,No,,Yes
1166,no_evident_not_kind_personal_staff,kind_personal_staff,staff_mistakenly_throw_valuable_item_during_cleaning_service,Yes,,,No,No,,No
1167,no_evident_not_kind_personal_staff,kind_personal_staff,staff_not_provide_good_solution,Yes,,,Yes,No,,Yes
1168,no_evident_not_kind_personal_staff,kind_personal_staff,staff_has_unaceptable_manner,Yes,,,No,Yes,,Yes
1169,no_evident_not_kind_personal_staff,kind_personal_staff,staff_not_speak_Cypriot_language,Yes,,,No,No,,No
1170,no_evident_not_kind_personal_staff,kind_personal_staff,no_staff_at_night,Yes,,,No,No,,No
1171,no_evident_not_kind_personal_staff,kind_personal_staff,staff_not_understand_English_well,Yes,,,No,No,,No
1172,no_evident_not_kind_personal_staff,kind_personal_staff,staff_cannot_give_bus_to_airport_information,Yes,,,No,No,,No
1173,no_evident_not_kind_personal_staff,kind_personal_staff,only_one_staff_wear_mask,Yes,,,No,No,,No
1174,no_evident_not_convenient_staff,convenient_staff,staff_not_speak_English_properly,,,,No,Yes,Yes,Yes
1175,no_evident_not_convenient_staff,convenient_staff,staff_clean_after_complaint,Yes,,,No,No,,No
1176,no_evident_not_convenient_staff,convenient_staff,staff_should_learn_better_English,,,,No,Yes,Yes,Yes
1177,no_evident_not_convenient_staff,convenient_staff,staff_need_improve_organization,,,,No,No,,No
1178,no_evident_not_convenient_staff,convenient_staff,staff_need_improve_collaboration,,,,No,No,,No
1179,no_evident_not_convenient_staff,convenient_staff,staff_need_keep_update,,,,No,Yes,Yes,Yes
1180,no_evident_not_convenient_staff,convenient_staff,not_kind_staff,,,,Yes,Yes,,Yes
1181,no_evident_not_convenient_staff,convenient_staff,no_empathy_staff,,,,Yes,Yes,,Yes
1182,no_evident_not_convenient_staff,convenient_staff,staff_fail_to_communicate_with_taxi,,,,No,Yes,Yes,Yes
1183,no_evident_not_convenient_staff,convenient_staff,staff_fail_to_guest_request,,,,No,Yes,Yes,Yes
1184,no_evident_not_convenient_staff,convenient_staff,staff_cannot_provide_double_bed,,,,No,Yes,Yes,Yes
1185,no_evident_not_convenient_staff,convenient_staff,offended_staff,,,,Yes,Yes,,Yes
1186,no_evident_not_convenient_staff,convenient_staff,staff_not_justify_booking_issue,,,,No,Yes,Yes,Yes
1187,no_evident_not_convenient_staff,convenient_staff,staff_charge_for_cancellation_while_no_cancellation_charge_in_Booking.com,,,,No,Yes,Yes,Yes
1188,no_evident_not_convenient_staff,convenient_staff,staff_enforce_cancellation_charge,,,,No,No,,No
1189,no_evident_not_convenient_staff,convenient_staff,staff_mistakenly_throw_valuable_item_during_cleaning_service,,,,No,No,,No
1190,no_evident_not_convenient_staff,convenient_staff,staff_not_provide_good_solution,,,,No,Yes,Yes,Yes
1191,no_evident_not_convenient_staff,convenient_staff,staff_has_unaceptable_manner,,,,Yes,Yes,,Yes
1192,no_evident_not_convenient_staff,convenient_staff,staff_not_speak_Cypriot_language,,,,No,Yes,Yes,Yes
1193,no_evident_not_convenient_staff,convenient_staff,no_staff_at_night,,,,Yes,No,Yes,Yes
1194,no_evident_not_convenient_staff,convenient_staff,staff_not_understand_English_well,,,,No,Yes,Yes,Yes
1195,no_evident_not_convenient_staff,convenient_staff,staff_cannot_give_bus_to_airport_information,,,,No,Yes,Yes,Yes
1196,no_evident_not_convenient_staff,convenient_staff,only_one_staff_wear_mask,,,,No,No,,No
1197,no_evident_not_staff_make_everything_possible,staff_make_everything_possible,staff_not_speak_English_properly,Yes,,,No,Yes,,Yes
1198,no_evident_not_staff_make_everything_possible,staff_make_everything_possible,staff_clean_after_complaint,Yes,,,No,No,,No
1199,no_evident_not_staff_make_everything_possible,staff_make_everything_possible,staff_should_learn_better_English,No,,,No,Yes,,No
1200,no_evident_not_staff_make_everything_possible,staff_make_everything_possible,staff_need_improve_organization,No,,,No,Yes,,No
1201,no_evident_not_staff_make_everything_possible,staff_make_everything_possible,staff_need_improve_collaboration,No,,,No,Yes,,No
1202,no_evident_not_staff_make_everything_possible,staff_make_everything_possible,staff_need_keep_update,No,,,No,Yes,,No
1203,no_evident_not_staff_make_everything_possible,staff_make_everything_possible,not_kind_staff,Yes,,,Yes,No,,Yes
1204,no_evident_not_staff_make_everything_possible,staff_make_everything_possible,no_empathy_staff,Yes,,,Yes,No,,Yes
1205,no_evident_not_staff_make_everything_possible,staff_make_everything_possible,staff_fail_to_communicate_with_taxi,Yes,,,Yes,Yes,,Yes
1206,no_evident_not_staff_make_everything_possible,staff_make_everything_possible,staff_fail_to_guest_request,Yes,,,Yes,Yes,,Yes
1207,no_evident_not_staff_make_everything_possible,staff_make_everything_possible,staff_cannot_provide_double_bed,Yes,,,Yes,Yes,,Yes
1208,no_evident_not_staff_make_everything_possible,staff_make_everything_possible,offended_staff,Yes,,,No,No,,No
1209,no_evident_not_staff_make_everything_possible,staff_make_everything_possible,staff_not_justify_booking_issue,Yes,,,Yes,Yes,,Yes
1210,no_evident_not_staff_make_everything_possible,staff_make_everything_possible,staff_charge_for_cancellation_while_no_cancellation_charge_in_Booking.com,Yes,,,Yes,Yes,,Yes
1211,no_evident_not_staff_make_everything_possible,staff_make_everything_possible,staff_enforce_cancellation_charge,Yes,,,Yes,No,,Yes
1212,no_evident_not_staff_make_everything_possible,staff_make_everything_possible,staff_mistakenly_throw_valuable_item_during_cleaning_service,Yes,,,No,Yes,,Yes
1213,no_evident_not_staff_make_everything_possible,staff_make_everything_possible,staff_not_provide_good_solution,Yes,,,Yes,Yes,,Yes
1214,no_evident_not_staff_make_everything_possible,staff_make_everything_possible,staff_has_unaceptable_manner,Yes,,,No,No,,No
1215,no_evident_not_staff_make_everything_possible,staff_make_everything_possible,staff_not_speak_Cypriot_language,Yes,,,No,Yes,,Yes
1216,no_evident_not_staff_make_everything_possible,staff_make_everything_possible,no_staff_at_night,Yes,,,Yes,Yes,,Yes
1217,no_evident_not_staff_make_everything_possible,staff_make_everything_possible,staff_not_understand_English_well,Yes,,,No,Yes,,Yes
1218,no_evident_not_staff_make_everything_possible,staff_make_everything_possible,staff_cannot_give_bus_to_airport_information,Yes,,,Yes,Yes,,Yes
1219,no_evident_not_staff_make_everything_possible,staff_make_everything_possible,only_one_staff_wear_mask,Yes,,,No,No,,No
1220,no_evident_not_staff_let_us_into_room_soon,staff_let_us_into_room_soon,staff_not_speak_English_properly,Yes,,,No,No,,No
1221,no_evident_not_staff_let_us_into_room_soon,staff_let_us_into_room_soon,staff_clean_after_complaint,Yes,,,No,No,,No
1222,no_evident_not_staff_let_us_into_room_soon,staff_let_us_into_room_soon,staff_should_learn_better_English,No,,,No,No,,No
1223,no_evident_not_staff_let_us_into_room_soon,staff_let_us_into_room_soon,staff_need_improve_organization,Yes,,,No,No,,No
1224,no_evident_not_staff_let_us_into_room_soon,staff_let_us_into_room_soon,staff_need_improve_collaboration,Yes,,,No,No,,No
1225,no_evident_not_staff_let_us_into_room_soon,staff_let_us_into_room_soon,staff_need_keep_update,Yes,,,No,No,,No
1226,no_evident_not_staff_let_us_into_room_soon,staff_let_us_into_room_soon,not_kind_staff,Yes,,,Yes,Yes,,Yes
1227,no_evident_not_staff_let_us_into_room_soon,staff_let_us_into_room_soon,no_empathy_staff,Yes,,,Yes,Yes,,Yes
1228,no_evident_not_staff_let_us_into_room_soon,staff_let_us_into_room_soon,staff_fail_to_communicate_with_taxi,No,,,No,No,,No
1229,no_evident_not_staff_let_us_into_room_soon,staff_let_us_into_room_soon,staff_fail_to_guest_request,No,,,No,No,,No
1230,no_evident_not_staff_let_us_into_room_soon,staff_let_us_into_room_soon,staff_cannot_provide_double_bed,Yes,,,No,No,,No
1231,no_evident_not_staff_let_us_into_room_soon,staff_let_us_into_room_soon,offended_staff,Yes,,,Yes,No,,Yes
1232,no_evident_not_staff_let_us_into_room_soon,staff_let_us_into_room_soon,staff_not_justify_booking_issue,No,,,No,No,,No
1233,no_evident_not_staff_let_us_into_room_soon,staff_let_us_into_room_soon,staff_charge_for_cancellation_while_no_cancellation_charge_in_Booking.com,No,,,No,No,,No
1234,no_evident_not_staff_let_us_into_room_soon,staff_let_us_into_room_soon,staff_enforce_cancellation_charge,Yes,,,No,No,,No
1235,no_evident_not_staff_let_us_into_room_soon,staff_let_us_into_room_soon,staff_mistakenly_throw_valuable_item_during_cleaning_service,Yes,,,No,No,,No
1236,no_evident_not_staff_let_us_into_room_soon,staff_let_us_into_room_soon,staff_not_provide_good_solution,Yes,,,No,Yes,,Yes
1237,no_evident_not_staff_let_us_into_room_soon,staff_let_us_into_room_soon,staff_has_unaceptable_manner,Yes,,,No,No,,No
1238,no_evident_not_staff_let_us_into_room_soon,staff_let_us_into_room_soon,staff_not_speak_Cypriot_language,No,,,No,No,,No
1239,no_evident_not_staff_let_us_into_room_soon,staff_let_us_into_room_soon,no_staff_at_night,No,,,No,Yes,,No
1240,no_evident_not_staff_let_us_into_room_soon,staff_let_us_into_room_soon,staff_not_understand_English_well,Yes,,,No,No,,No
1241,no_evident_not_staff_let_us_into_room_soon,staff_let_us_into_room_soon,staff_cannot_give_bus_to_airport_information,Yes,,,No,No,,No
1242,no_evident_not_staff_let_us_into_room_soon,staff_let_us_into_room_soon,only_one_staff_wear_mask,Yes,,,No,No,,No
1243,no_evident_not_staff_arrange_airport_taxi,staff_arrange_airport_taxi,staff_not_speak_English_properly,Yes,,,No,No,,No
1244,no_evident_not_staff_arrange_airport_taxi,staff_arrange_airport_taxi,staff_clean_after_complaint,No,,,No,No,,No
1245,no_evident_not_staff_arrange_airport_taxi,staff_arrange_airport_taxi,staff_should_learn_better_English,No,,,No,No,,No
1246,no_evident_not_staff_arrange_airport_taxi,staff_arrange_airport_taxi,staff_need_improve_organization,No,,,No,No,,No
1247,no_evident_not_staff_arrange_airport_taxi,staff_arrange_airport_taxi,staff_need_improve_collaboration,No,,,No,No,,No
1248,no_evident_not_staff_arrange_airport_taxi,staff_arrange_airport_taxi,staff_need_keep_update,No,,,No,No,,No
1249,no_evident_not_staff_arrange_airport_taxi,staff_arrange_airport_taxi,not_kind_staff,Yes,,,Yes,Yes,,Yes
1250,no_evident_not_staff_arrange_airport_taxi,staff_arrange_airport_taxi,no_empathy_staff,Yes,,,Yes,Yes,,Yes
1251,no_evident_not_staff_arrange_airport_taxi,staff_arrange_airport_taxi,staff_fail_to_communicate_with_taxi,Yes,,,Yes,Yes,,Yes
1252,no_evident_not_staff_arrange_airport_taxi,staff_arrange_airport_taxi,staff_fail_to_guest_request,Yes,,,Yes,No,,Yes
1253,no_evident_not_staff_arrange_airport_taxi,staff_arrange_airport_taxi,staff_cannot_provide_double_bed,No,,,No,No,,No
1254,no_evident_not_staff_arrange_airport_taxi,staff_arrange_airport_taxi,offended_staff,Yes,,,Yes,No,,Yes
1255,no_evident_not_staff_arrange_airport_taxi,staff_arrange_airport_taxi,staff_not_justify_booking_issue,No,,,No,No,,No
1256,no_evident_not_staff_arrange_airport_taxi,staff_arrange_airport_taxi,staff_charge_for_cancellation_while_no_cancellation_charge_in_Booking.com,No,,,No,No,,No
1257,no_evident_not_staff_arrange_airport_taxi,staff_arrange_airport_taxi,staff_enforce_cancellation_charge,No,,,No,No,,No
1258,no_evident_not_staff_arrange_airport_taxi,staff_arrange_airport_taxi,staff_mistakenly_throw_valuable_item_during_cleaning_service,Yes,,,No,No,,No
1259,no_evident_not_staff_arrange_airport_taxi,staff_arrange_airport_taxi,staff_not_provide_good_solution,Yes,,,No,No,,No
1260,no_evident_not_staff_arrange_airport_taxi,staff_arrange_airport_taxi,staff_has_unaceptable_manner,Yes,,,Yes,No,,Yes
1261,no_evident_not_staff_arrange_airport_taxi,staff_arrange_airport_taxi,staff_not_speak_Cypriot_language,No,,,No,No,,No
1262,no_evident_not_staff_arrange_airport_taxi,staff_arrange_airport_taxi,no_staff_at_night,No,,,Yes,Yes,,Yes
1263,no_evident_not_staff_arrange_airport_taxi,staff_arrange_airport_taxi,staff_not_understand_English_well,Yes,,,No,No,,No
1264,no_evident_not_staff_arrange_airport_taxi,staff_arrange_airport_taxi,staff_cannot_give_bus_to_airport_information,Yes,,,No,No,,No
1265,no_evident_not_staff_arrange_airport_taxi,staff_arrange_airport_taxi,only_one_staff_wear_mask,Yes,,,No,No,,No
1266,no_evident_not_staff_quick_check-in,staff_quick_check-in,staff_not_speak_English_properly,Yes,,,No,Yes,,Yes
1267,no_evident_not_staff_quick_check-in,staff_quick_check-in,staff_clean_after_complaint,No,,,No,No,,No
1268,no_evident_not_staff_quick_check-in,staff_quick_check-in,staff_should_learn_better_English,No,,,No,Yes,,No
1269,no_evident_not_staff_quick_check-in,staff_quick_check-in,staff_need_improve_organization,No,,,No,Yes,,No
1270,no_evident_not_staff_quick_check-in,staff_quick_check-in,staff_need_improve_collaboration,No,,,No,No,,No
1271,no_evident_not_staff_quick_check-in,staff_quick_check-in,staff_need_keep_update,No,,,No,Yes,,No
1272,no_evident_not_staff_quick_check-in,staff_quick_check-in,not_kind_staff,Yes,,,No,No,,No
1273,no_evident_not_staff_quick_check-in,staff_quick_check-in,no_empathy_staff,Yes,,,No,No,,No
1274,no_evident_not_staff_quick_check-in,staff_quick_check-in,staff_fail_to_communicate_with_taxi,No,,,No,No,,No
1275,no_evident_not_staff_quick_check-in,staff_quick_check-in,staff_fail_to_guest_request,No,,,No,No,,No
1276,no_evident_not_staff_quick_check-in,staff_quick_check-in,staff_cannot_provide_double_bed,No,,,No,No,,No
1277,no_evident_not_staff_quick_check-in,staff_quick_check-in,offended_staff,Yes,,,No,No,,No
1278,no_evident_not_staff_quick_check-in,staff_quick_check-in,staff_not_justify_booking_issue,No,,,No,Yes,,No
1279,no_evident_not_staff_quick_check-in,staff_quick_check-in,staff_charge_for_cancellation_while_no_cancellation_charge_in_Booking.com,No,,,No,No,,No
1280,no_evident_not_staff_quick_check-in,staff_quick_check-in,staff_enforce_cancellation_charge,Yes,,,No,No,,No
1281,no_evident_not_staff_quick_check-in,staff_quick_check-in,staff_mistakenly_throw_valuable_item_during_cleaning_service,Yes,,,No,No,,No
1282,no_evident_not_staff_quick_check-in,staff_quick_check-in,staff_not_provide_good_solution,Yes,,,No,Yes,,Yes
1283,no_evident_not_staff_quick_check-in,staff_quick_check-in,staff_has_unaceptable_manner,Yes,,,No,No,,No
1284,no_evident_not_staff_quick_check-in,staff_quick_check-in,staff_not_speak_Cypriot_language,No,,,No,Yes,,No
1285,no_evident_not_staff_quick_check-in,staff_quick_check-in,no_staff_at_night,No,,,No,Yes,,No
1286,no_evident_not_staff_quick_check-in,staff_quick_check-in,staff_not_understand_English_well,Yes,,,No,Yes,,Yes
1287,no_evident_not_staff_quick_check-in,staff_quick_check-in,staff_cannot_give_bus_to_airport_information,No,,,No,No,,No
1288,no_evident_not_staff_quick_check-in,staff_quick_check-in,only_one_staff_wear_mask,Yes,,,No,No,,No
1289,no_evident_not_stored_luggage_for_us,stored_luggage_for_us,staff_not_speak_English_properly,Yes,,,No,No,,No
1290,no_evident_not_stored_luggage_for_us,stored_luggage_for_us,staff_clean_after_complaint,No,,,No,No,,No
1291,no_evident_not_stored_luggage_for_us,stored_luggage_for_us,staff_should_learn_better_English,No,,,No,No,,No
1292,no_evident_not_stored_luggage_for_us,stored_luggage_for_us,staff_need_improve_organization,No,,,No,No,,No
1293,no_evident_not_stored_luggage_for_us,stored_luggage_for_us,staff_need_improve_collaboration,No,,,No,No,,No
1294,no_evident_not_stored_luggage_for_us,stored_luggage_for_us,staff_need_keep_update,No,,,No,No,,No
1295,no_evident_not_stored_luggage_for_us,stored_luggage_for_us,not_kind_staff,Yes,,,Yes,Yes,,Yes
1296,no_evident_not_stored_luggage_for_us,stored_luggage_for_us,no_empathy_staff,Yes,,,Yes,Yes,,Yes
1297,no_evident_not_stored_luggage_for_us,stored_luggage_for_us,staff_fail_to_communicate_with_taxi,No,,,No,No,,No
1298,no_evident_not_stored_luggage_for_us,stored_luggage_for_us,staff_fail_to_guest_request,No,,,No,No,,No
1299,no_evident_not_stored_luggage_for_us,stored_luggage_for_us,staff_cannot_provide_double_bed,No,,,No,No,,No
1300,no_evident_not_stored_luggage_for_us,stored_luggage_for_us,offended_staff,No,,,Yes,Yes,,Yes
1301,no_evident_not_stored_luggage_for_us,stored_luggage_for_us,staff_not_justify_booking_issue,No,,,No,No,,No
1302,no_evident_not_stored_luggage_for_us,stored_luggage_for_us,staff_charge_for_cancellation_while_no_cancellation_charge_in_Booking.com,No,,,No,No,,No
1303,no_evident_not_stored_luggage_for_us,stored_luggage_for_us,staff_enforce_cancellation_charge,Yes,,,No,No,,No
1304,no_evident_not_stored_luggage_for_us,stored_luggage_for_us,staff_mistakenly_throw_valuable_item_during_cleaning_service,Yes,,,No,No,,No
1305,no_evident_not_stored_luggage_for_us,stored_luggage_for_us,staff_not_provide_good_solution,Yes,,,No,No,,No
1306,no_evident_not_stored_luggage_for_us,stored_luggage_for_us,staff_has_unaceptable_manner,Yes,,,Yes,Yes,,Yes
1307,no_evident_not_stored_luggage_for_us,stored_luggage_for_us,staff_not_speak_Cypriot_language,Yes,,,No,No,,No
1308,no_evident_not_stored_luggage_for_us,stored_luggage_for_us,no_staff_at_night,Yes,,,Yes,Yes,,Yes
1309,no_evident_not_stored_luggage_for_us,stored_luggage_for_us,staff_not_understand_English_well,No,,,No,No,,No
1310,no_evident_not_stored_luggage_for_us,stored_luggage_for_us,staff_cannot_give_bus_to_airport_information,No,,,No,No,,No
1311,no_evident_not_stored_luggage_for_us,stored_luggage_for_us,only_one_staff_wear_mask,,,,No,No,,No
1312,no_evident_not_staff_call_taxi_for_us,staff_call_taxi_for_us,staff_not_speak_English_properly,,,,No,No,,No
1313,no_evident_not_staff_call_taxi_for_us,staff_call_taxi_for_us,staff_clean_after_complaint,,,,No,No,,No
1314,no_evident_not_staff_call_taxi_for_us,staff_call_taxi_for_us,staff_should_learn_better_English,,,,No,No,,No
1315,no_evident_not_staff_call_taxi_for_us,staff_call_taxi_for_us,staff_need_improve_organization,,,,No,No,,No
1316,no_evident_not_staff_call_taxi_for_us,staff_call_taxi_for_us,staff_need_improve_collaboration,,,,No,No,,No
1317,no_evident_not_staff_call_taxi_for_us,staff_call_taxi_for_us,staff_need_keep_update,,,,No,No,,No
1318,no_evident_not_staff_call_taxi_for_us,staff_call_taxi_for_us,not_kind_staff,Yes,,,Yes,Yes,,Yes
1319,no_evident_not_staff_call_taxi_for_us,staff_call_taxi_for_us,no_empathy_staff,Yes,,,Yes,Yes,,Yes
1320,no_evident_not_staff_call_taxi_for_us,staff_call_taxi_for_us,staff_fail_to_communicate_with_taxi,Yes,,,Yes,Yes,,Yes
1321,no_evident_not_staff_call_taxi_for_us,staff_call_taxi_for_us,staff_fail_to_guest_request,Yes,,,Yes,No,,Yes
1322,no_evident_not_staff_call_taxi_for_us,staff_call_taxi_for_us,staff_cannot_provide_double_bed,,,,No,No,,No
1323,no_evident_not_staff_call_taxi_for_us,staff_call_taxi_for_us,offended_staff,,,,Yes,Yes,,Yes
1324,no_evident_not_staff_call_taxi_for_us,staff_call_taxi_for_us,staff_not_justify_booking_issue,,,,No,No,,No
1325,no_evident_not_staff_call_taxi_for_us,staff_call_taxi_for_us,staff_charge_for_cancellation_while_no_cancellation_charge_in_Booking.com,,,,No,No,,No
1326,no_evident_not_staff_call_taxi_for_us,staff_call_taxi_for_us,staff_enforce_cancellation_charge,,,,No,No,,No
1327,no_evident_not_staff_call_taxi_for_us,staff_call_taxi_for_us,staff_mistakenly_throw_valuable_item_during_cleaning_service,,,,No,No,,No
1328,no_evident_not_staff_call_taxi_for_us,staff_call_taxi_for_us,staff_not_provide_good_solution,,,,Yes,Yes,,Yes
1329,no_evident_not_staff_call_taxi_for_us,staff_call_taxi_for_us,staff_has_unaceptable_manner,,,,No,Yes,Yes,Yes
1330,no_evident_not_staff_call_taxi_for_us,staff_call_taxi_for_us,staff_not_speak_Cypriot_language,,,,No,No,,No
1331,no_evident_not_staff_call_taxi_for_us,staff_call_taxi_for_us,no_staff_at_night,No,,,Yes,Yes,,Yes
1332,no_evident_not_staff_call_taxi_for_us,staff_call_taxi_for_us,staff_not_understand_English_well,,,,No,No,,No
1333,no_evident_not_staff_call_taxi_for_us,staff_call_taxi_for_us,staff_cannot_give_bus_to_airport_information,,,,No,No,,No
1334,no_evident_not_staff_call_taxi_for_us,staff_call_taxi_for_us,only_one_staff_wear_mask,,,,No,No,,No
1335,no_evident_not_staff_agile_to_respond,staff_agile_to_respond,staff_not_speak_English_properly,,,,No,Yes,Yes,Yes
1336,no_evident_not_staff_agile_to_respond,staff_agile_to_respond,staff_clean_after_complaint,,,,No,No,,No
1337,no_evident_not_staff_agile_to_respond,staff_agile_to_respond,staff_should_learn_better_English,,,,No,Yes,Yes,Yes
1338,no_evident_not_staff_agile_to_respond,staff_agile_to_respond,staff_need_improve_organization,,,,No,No,,No
1339,no_evident_not_staff_agile_to_respond,staff_agile_to_respond,staff_need_improve_collaboration,,,,No,No,,No
1340,no_evident_not_staff_agile_to_respond,staff_agile_to_respond,staff_need_keep_update,,,,No,Yes,Yes,Yes
1341,no_evident_not_staff_agile_to_respond,staff_agile_to_respond,not_kind_staff,,,,No,No,,No
1342,no_evident_not_staff_agile_to_respond,staff_agile_to_respond,no_empathy_staff,,,,No,No,,No
1343,no_evident_not_staff_agile_to_respond,staff_agile_to_respond,staff_fail_to_communicate_with_taxi,,,,No,Yes,Yes,Yes
1344,no_evident_not_staff_agile_to_respond,staff_agile_to_respond,staff_fail_to_guest_request,,,,Yes,Yes,,Yes
1345,no_evident_not_staff_agile_to_respond,staff_agile_to_respond,staff_cannot_provide_double_bed,,,,Yes,No,Yes,Yes
1346,no_evident_not_staff_agile_to_respond,staff_agile_to_respond,offended_staff,,,,No,No,,No
1347,no_evident_not_staff_agile_to_respond,staff_agile_to_respond,staff_not_justify_booking_issue,,,,No,Yes,Yes,Yes
1348,no_evident_not_staff_agile_to_respond,staff_agile_to_respond,staff_charge_for_cancellation_while_no_cancellation_charge_in_Booking.com,,,,No,No,,No
1349,no_evident_not_staff_agile_to_respond,staff_agile_to_respond,staff_enforce_cancellation_charge,,,,No,No,,No
1350,no_evident_not_staff_agile_to_respond,staff_agile_to_respond,staff_mistakenly_throw_valuable_item_during_cleaning_service,,,,No,No,,No
1351,no_evident_not_staff_agile_to_respond,staff_agile_to_respond,staff_not_provide_good_solution,,,,Yes,Yes,,Yes
1352,no_evident_not_staff_agile_to_respond,staff_agile_to_respond,staff_has_unaceptable_manner,,,,No,No,,No
1353,no_evident_not_staff_agile_to_respond,staff_agile_to_respond,staff_not_speak_Cypriot_language,,,,No,Yes,Yes,Yes
1354,no_evident_not_staff_agile_to_respond,staff_agile_to_respond,no_staff_at_night,,,,Yes,Yes,,Yes
1355,no_evident_not_staff_agile_to_respond,staff_agile_to_respond,staff_not_understand_English_well,,,,No,Yes,Yes,Yes
1356,no_evident_not_staff_agile_to_respond,staff_agile_to_respond,staff_cannot_give_bus_to_airport_information,,,,Yes,Yes,,Yes
1357,no_evident_not_staff_agile_to_respond,staff_agile_to_respond,only_one_staff_wear_mask,,,,No,No,,No
1358,no_evident_not_congenial_staff,congenial_staff,staff_not_speak_English_properly,,,,No,No,,No
1359,no_evident_not_congenial_staff,congenial_staff,staff_clean_after_complaint,,,,No,No,,No
1360,no_evident_not_congenial_staff,congenial_staff,staff_should_learn_better_English,,,,No,No,,No
1361,no_evident_not_congenial_staff,congenial_staff,staff_need_improve_organization,,,,No,No,,No
1362,no_evident_not_congenial_staff,congenial_staff,staff_need_improve_collaboration,,,,No,No,,No
1363,no_evident_not_congenial_staff,congenial_staff,staff_need_keep_update,,,,No,No,,No
1364,no_evident_not_congenial_staff,congenial_staff,not_kind_staff,,,,Yes,Yes,,Yes
1365,no_evident_not_congenial_staff,congenial_staff,no_empathy_staff,,,,Yes,Yes,,Yes
1366,no_evident_not_congenial_staff,congenial_staff,staff_fail_to_communicate_with_taxi,,,,No,No,,No
1367,no_evident_not_congenial_staff,congenial_staff,staff_fail_to_guest_request,,,,No,No,,No
1368,no_evident_not_congenial_staff,congenial_staff,staff_cannot_provide_double_bed,,,,No,No,,No
1369,no_evident_not_congenial_staff,congenial_staff,offended_staff,,,,Yes,Yes,,Yes
1370,no_evident_not_congenial_staff,congenial_staff,staff_not_justify_booking_issue,,,,No,No,,No
1371,no_evident_not_congenial_staff,congenial_staff,staff_charge_for_cancellation_while_no_cancellation_charge_in_Booking.com,,,,No,No,,No
1372,no_evident_not_congenial_staff,congenial_staff,staff_enforce_cancellation_charge,,,,No,No,,No
1373,no_evident_not_congenial_staff,congenial_staff,staff_mistakenly_throw_valuable_item_during_cleaning_service,,,,No,No,,No
1374,no_evident_not_congenial_staff,congenial_staff,staff_not_provide_good_solution,,,,No,No,,No
1375,no_evident_not_congenial_staff,congenial_staff,staff_has_unaceptable_manner,,,,No,Yes,Yes,Yes
1376,no_evident_not_congenial_staff,congenial_staff,staff_not_speak_Cypriot_language,,,,No,No,,No
1377,no_evident_not_congenial_staff,congenial_staff,no_staff_at_night,,,,No,No,,No
1378,no_evident_not_congenial_staff,congenial_staff,staff_not_understand_English_well,,,,No,No,,No
1379,no_evident_not_congenial_staff,congenial_staff,staff_cannot_give_bus_to_airport_information,,,,No,No,,No
1380,no_evident_not_congenial_staff,congenial_staff,only_one_staff_wear_mask,,,,No,No,,No
1381,no_evident_not_relative-like_staff,relative-like_staff,staff_not_speak_English_properly,,,,No,No,,No
1382,no_evident_not_relative-like_staff,relative-like_staff,staff_clean_after_complaint,,,,No,No,,No
1383,no_evident_not_relative-like_staff,relative-like_staff,staff_should_learn_better_English,,,,No,No,,No
1384,no_evident_not_relative-like_staff,relative-like_staff,staff_need_improve_organization,,,,No,No,,No
1385,no_evident_not_relative-like_staff,relative-like_staff,staff_need_improve_collaboration,,,,No,No,,No
1386,no_evident_not_relative-like_staff,relative-like_staff,staff_need_keep_update,,,,No,No,,No
1387,no_evident_not_relative-like_staff,relative-like_staff,not_kind_staff,,,,Yes,Yes,,Yes
1388,no_evident_not_relative-like_staff,relative-like_staff,no_empathy_staff,,,,Yes,Yes,,Yes
1389,no_evident_not_relative-like_staff,relative-like_staff,staff_fail_to_communicate_with_taxi,,,,No,No,,No
1390,no_evident_not_relative-like_staff,relative-like_staff,staff_fail_to_guest_request,,,,No,No,,No
1391,no_evident_not_relative-like_staff,relative-like_staff,staff_cannot_provide_double_bed,,,,No,No,,No
1392,no_evident_not_relative-like_staff,relative-like_staff,offended_staff,,,,Yes,Yes,,Yes
1393,no_evident_not_relative-like_staff,relative-like_staff,staff_not_justify_booking_issue,,,,Yes,Yes,,Yes
1394,no_evident_not_relative-like_staff,relative-like_staff,staff_charge_for_cancellation_while_no_cancellation_charge_in_Booking.com,,,,Yes,Yes,,Yes
1395,no_evident_not_relative-like_staff,relative-like_staff,staff_enforce_cancellation_charge,,,,No,No,,No
1396,no_evident_not_relative-like_staff,relative-like_staff,staff_mistakenly_throw_valuable_item_during_cleaning_service,,,,No,No,,No
1397,no_evident_not_relative-like_staff,relative-like_staff,staff_not_provide_good_solution,,,,Yes,No,Yes,Yes
1398,no_evident_not_relative-like_staff,relative-like_staff,staff_has_unaceptable_manner,,,,Yes,Yes,,Yes
1399,no_evident_not_relative-like_staff,relative-like_staff,staff_not_speak_Cypriot_language,,,,No,No,,No
1400,no_evident_not_relative-like_staff,relative-like_staff,no_staff_at_night,,,,No,No,,No
1401,no_evident_not_relative-like_staff,relative-like_staff,staff_not_understand_English_well,,,,No,No,,No
1402,no_evident_not_relative-like_staff,relative-like_staff,staff_cannot_give_bus_to_airport_information,,,,No,No,,No
1403,no_evident_not_relative-like_staff,relative-like_staff,only_one_staff_wear_mask,,,,No,No,,No
1404,no_evident_not_kind_service,kind_service,staff_not_speak_English_properly,,,,No,No,,No
1405,no_evident_not_kind_service,kind_service,staff_clean_after_complaint,,,,No,No,,No
1406,no_evident_not_kind_service,kind_service,staff_should_learn_better_English,,,,No,No,,No
1407,no_evident_not_kind_service,kind_service,staff_need_improve_organization,,,,No,No,,No
1408,no_evident_not_kind_service,kind_service,staff_need_improve_collaboration,,,,No,No,,No
1409,no_evident_not_kind_service,kind_service,staff_need_keep_update,,,,No,No,,No
1410,no_evident_not_kind_service,kind_service,not_kind_staff,,,,Yes,Yes,,Yes
1411,no_evident_not_kind_service,kind_service,no_empathy_staff,,,,Yes,Yes,,Yes
1412,no_evident_not_kind_service,kind_service,staff_fail_to_communicate_with_taxi,,,,No,No,,No
1413,no_evident_not_kind_service,kind_service,staff_fail_to_guest_request,,,,No,Yes,Yes,Yes
1414,no_evident_not_kind_service,kind_service,staff_cannot_provide_double_bed,,,,No,Yes,Yes,Yes
1415,no_evident_not_kind_service,kind_service,offended_staff,,,,Yes,Yes,,Yes
1416,no_evident_not_kind_service,kind_service,staff_not_justify_booking_issue,,,,Yes,Yes,,Yes
1417,no_evident_not_kind_service,kind_service,staff_charge_for_cancellation_while_no_cancellation_charge_in_Booking.com,,,,Yes,Yes,,Yes
1418,no_evident_not_kind_service,kind_service,staff_enforce_cancellation_charge,,,,No,No,,No
1419,no_evident_not_kind_service,kind_service,staff_mistakenly_throw_valuable_item_during_cleaning_service,,,,No,No,,No
1420,no_evident_not_kind_service,kind_service,staff_not_provide_good_solution,,,,No,No,,No
1421,no_evident_not_kind_service,kind_service,staff_has_unaceptable_manner,,,,Yes,Yes,,Yes
1422,no_evident_not_kind_service,kind_service,staff_not_speak_Cypriot_language,,,,No,No,,No
1423,no_evident_not_kind_service,kind_service,no_staff_at_night,,,,No,No,,No
1424,no_evident_not_kind_service,kind_service,staff_not_understand_English_well,,,,No,No,,No
1425,no_evident_not_kind_service,kind_service,staff_cannot_give_bus_to_airport_information,,,,No,No,,No
1426,no_evident_not_kind_service,kind_service,only_one_staff_wear_mask,,,,No,No,,No
1427,no_evident_not_smiling_staff,smiling_staff,staff_not_speak_English_properly,,,,No,No,,No
1428,no_evident_not_smiling_staff,smiling_staff,staff_clean_after_complaint,,,,No,No,,No
1429,no_evident_not_smiling_staff,smiling_staff,staff_should_learn_better_English,,,,No,No,,No
1430,no_evident_not_smiling_staff,smiling_staff,staff_need_improve_organization,,,,No,No,,No
1431,no_evident_not_smiling_staff,smiling_staff,staff_need_improve_collaboration,,,,No,No,,No
1432,no_evident_not_smiling_staff,smiling_staff,staff_need_keep_update,,,,No,No,,No
1433,no_evident_not_smiling_staff,smiling_staff,not_kind_staff,,,,Yes,Yes,,Yes
1434,no_evident_not_smiling_staff,smiling_staff,no_empathy_staff,,,,Yes,Yes,,Yes
1435,no_evident_not_smiling_staff,smiling_staff,staff_fail_to_communicate_with_taxi,,,,No,No,,No
1436,no_evident_not_smiling_staff,smiling_staff,staff_fail_to_guest_request,,,,No,No,,No
1437,no_evident_not_smiling_staff,smiling_staff,staff_cannot_provide_double_bed,,,,No,No,,No
1438,no_evident_not_smiling_staff,smiling_staff,offended_staff,,,,Yes,Yes,,Yes
1439,no_evident_not_smiling_staff,smiling_staff,staff_not_justify_booking_issue,,,,No,No,,No
1440,no_evident_not_smiling_staff,smiling_staff,staff_charge_for_cancellation_while_no_cancellation_charge_in_Booking.com,,,,No,No,,No
1441,no_evident_not_smiling_staff,smiling_staff,staff_enforce_cancellation_charge,,,,No,No,,No
1442,no_evident_not_smiling_staff,smiling_staff,staff_mistakenly_throw_valuable_item_during_cleaning_service,,,,No,No,,No
1443,no_evident_not_smiling_staff,smiling_staff,staff_not_provide_good_solution,,,,No,No,,No
1444,no_evident_not_smiling_staff,smiling_staff,staff_has_unaceptable_manner,,,,No,Yes,Yes,Yes
1445,no_evident_not_smiling_staff,smiling_staff,staff_not_speak_Cypriot_language,,,,No,No,,No
1446,no_evident_not_smiling_staff,smiling_staff,no_staff_at_night,,,,No,No,,No
1447,no_evident_not_smiling_staff,smiling_staff,staff_not_understand_English_well,,,,No,No,,No
1448,no_evident_not_smiling_staff,smiling_staff,staff_cannot_give_bus_to_airport_information,,,,No,No,,No
1449,no_evident_not_smiling_staff,smiling_staff,only_one_staff_wear_mask,,,,No,No,,No
1450,no_evident_not_staff_make_difference,staff_make_difference,staff_not_speak_English_properly,,,,Yes,Yes,,Yes
1451,no_evident_not_staff_make_difference,staff_make_difference,staff_clean_after_complaint,,,,No,Yes,No,No
1452,no_evident_not_staff_make_difference,staff_make_difference,staff_should_learn_better_English,,,,Yes,Yes,,Yes
1453,no_evident_not_staff_make_difference,staff_make_difference,staff_need_improve_organization,,,,No,Yes,Yes,Yes
1454,no_evident_not_staff_make_difference,staff_make_difference,staff_need_improve_collaboration,,,,No,Yes,Yes,Yes
1455,no_evident_not_staff_make_difference,staff_make_difference,staff_need_keep_update,,,,No,Yes,Yes,Yes
1456,no_evident_not_staff_make_difference,staff_make_difference,not_kind_staff,,,,Yes,No,Yes,Yes
1457,no_evident_not_staff_make_difference,staff_make_difference,no_empathy_staff,,,,Yes,No,Yes,Yes
1458,no_evident_not_staff_make_difference,staff_make_difference,staff_fail_to_communicate_with_taxi,,,,Yes,Yes,,Yes
1459,no_evident_not_staff_make_difference,staff_make_difference,staff_fail_to_guest_request,,,,Yes,Yes,,Yes
1460,no_evident_not_staff_make_difference,staff_make_difference,staff_cannot_provide_double_bed,,,,Yes,Yes,,Yes
1461,no_evident_not_staff_make_difference,staff_make_difference,offended_staff,,,,Yes,No,Yes,Yes
1462,no_evident_not_staff_make_difference,staff_make_difference,staff_not_justify_booking_issue,,,,Yes,No,Yes,Yes
1463,no_evident_not_staff_make_difference,staff_make_difference,staff_charge_for_cancellation_while_no_cancellation_charge_in_Booking.com,,,,Yes,No,Yes,Yes
1464,no_evident_not_staff_make_difference,staff_make_difference,staff_enforce_cancellation_charge,,,,Yes,No,Yes,Yes
1465,no_evident_not_staff_make_difference,staff_make_difference,staff_mistakenly_throw_valuable_item_during_cleaning_service,,,,Yes,Yes,,Yes
1466,no_evident_not_staff_make_difference,staff_make_difference,staff_not_provide_good_solution,,,,Yes,Yes,,Yes
1467,no_evident_not_staff_make_difference,staff_make_difference,staff_has_unaceptable_manner,,,,Yes,No,Yes,Yes
1468,no_evident_not_staff_make_difference,staff_make_difference,staff_not_speak_Cypriot_language,,,,Yes,Yes,,Yes
1469,no_evident_not_staff_make_difference,staff_make_difference,no_staff_at_night,,,,Yes,No,No,No
1470,no_evident_not_staff_make_difference,staff_make_difference,staff_not_understand_English_well,,,,Yes,Yes,,Yes
1471,no_evident_not_staff_make_difference,staff_make_difference,staff_cannot_give_bus_to_airport_information,,,,Yes,Yes,,Yes
1472,no_evident_not_staff_make_difference,staff_make_difference,only_one_staff_wear_mask,,,,Yes,Yes,,Yes
1473,no_evident_not_exceed_expectation,exceed_expectation,staff_not_speak_English_properly,,,,Yes,Yes,,Yes
1474,no_evident_not_exceed_expectation,exceed_expectation,staff_clean_after_complaint,,,,No,Yes,Yes,Yes
1475,no_evident_not_exceed_expectation,exceed_expectation,staff_should_learn_better_English,,,,Yes,Yes,,Yes
1476,no_evident_not_exceed_expectation,exceed_expectation,staff_need_improve_organization,,,,Yes,Yes,,Yes
1477,no_evident_not_exceed_expectation,exceed_expectation,staff_need_improve_collaboration,,,,Yes,Yes,,Yes
1478,no_evident_not_exceed_expectation,exceed_expectation,staff_need_keep_update,,,,No,Yes,Yes,Yes
1479,no_evident_not_exceed_expectation,exceed_expectation,not_kind_staff,,,,Yes,Yes,,Yes
1480,no_evident_not_exceed_expectation,exceed_expectation,no_empathy_staff,,,,Yes,Yes,,Yes
1481,no_evident_not_exceed_expectation,exceed_expectation,staff_fail_to_communicate_with_taxi,,,,Yes,Yes,,Yes
1482,no_evident_not_exceed_expectation,exceed_expectation,staff_fail_to_guest_request,,,,Yes,Yes,,Yes
1483,no_evident_not_exceed_expectation,exceed_expectation,staff_cannot_provide_double_bed,,,,Yes,Yes,,Yes
1484,no_evident_not_exceed_expectation,exceed_expectation,offended_staff,,,,Yes,No,Yes,Yes
1485,no_evident_not_exceed_expectation,exceed_expectation,staff_not_justify_booking_issue,,,,Yes,Yes,,Yes
1486,no_evident_not_exceed_expectation,exceed_expectation,staff_charge_for_cancellation_while_no_cancellation_charge_in_Booking.com,,,,Yes,No,Yes,Yes
1487,no_evident_not_exceed_expectation,exceed_expectation,staff_enforce_cancellation_charge,,,,No,No,,No
1488,no_evident_not_exceed_expectation,exceed_expectation,staff_mistakenly_throw_valuable_item_during_cleaning_service,,,,Yes,Yes,,Yes
1489,no_evident_not_exceed_expectation,exceed_expectation,staff_not_provide_good_solution,,,,No,Yes,Yes,Yes
1490,no_evident_not_exceed_expectation,exceed_expectation,staff_has_unaceptable_manner,,,,Yes,Yes,,Yes
1491,no_evident_not_exceed_expectation,exceed_expectation,staff_not_speak_Cypriot_language,,,,No,Yes,Yes,Yes
1492,no_evident_not_exceed_expectation,exceed_expectation,no_staff_at_night,,,,Yes,Yes,,Yes
1493,no_evident_not_exceed_expectation,exceed_expectation,staff_not_understand_English_well,,,,No,Yes,Yes,Yes
1494,no_evident_not_exceed_expectation,exceed_expectation,staff_cannot_give_bus_to_airport_information,,,,No,Yes,Yes,Yes
1495,no_evident_not_exceed_expectation,exceed_expectation,only_one_staff_wear_mask,,,,No,Yes,No,No
1496,no_evident_not_staff_aware_late_arraival,staff_aware_late_arraival,staff_not_speak_English_properly,,,,No,No,,No
1497,no_evident_not_staff_aware_late_arraival,staff_aware_late_arraival,staff_clean_after_complaint,,,,No,No,,No
1498,no_evident_not_staff_aware_late_arraival,staff_aware_late_arraival,staff_should_learn_better_English,,,,No,No,,No
1499,no_evident_not_staff_aware_late_arraival,staff_aware_late_arraival,staff_need_improve_organization,,,,No,Yes,Yes,Yes
1500,no_evident_not_staff_aware_late_arraival,staff_aware_late_arraival,staff_need_improve_collaboration,,,,No,No,,No
1501,no_evident_not_staff_aware_late_arraival,staff_aware_late_arraival,staff_need_keep_update,,,,No,Yes,Yes,Yes
1502,no_evident_not_staff_aware_late_arraival,staff_aware_late_arraival,not_kind_staff,,,,No,No,,No
1503,no_evident_not_staff_aware_late_arraival,staff_aware_late_arraival,no_empathy_staff,,,,Yes,No,Yes,Yes
1504,no_evident_not_staff_aware_late_arraival,staff_aware_late_arraival,staff_fail_to_communicate_with_taxi,,,,No,No,,No
1505,no_evident_not_staff_aware_late_arraival,staff_aware_late_arraival,staff_fail_to_guest_request,,,,No,No,,No
1506,no_evident_not_staff_aware_late_arraival,staff_aware_late_arraival,staff_cannot_provide_double_bed,,,,No,No,,No
1507,no_evident_not_staff_aware_late_arraival,staff_aware_late_arraival,offended_staff,,,,No,No,,No
1508,no_evident_not_staff_aware_late_arraival,staff_aware_late_arraival,staff_not_justify_booking_issue,,,,No,No,,No
1509,no_evident_not_staff_aware_late_arraival,staff_aware_late_arraival,staff_charge_for_cancellation_while_no_cancellation_charge_in_Booking.com,,,,No,No,,No
1510,no_evident_not_staff_aware_late_arraival,staff_aware_late_arraival,staff_enforce_cancellation_charge,,,,No,No,,No
1511,no_evident_not_staff_aware_late_arraival,staff_aware_late_arraival,staff_mistakenly_throw_valuable_item_during_cleaning_service,,,,No,No,,No
1512,no_evident_not_staff_aware_late_arraival,staff_aware_late_arraival,staff_not_provide_good_solution,,,,No,No,,No
1513,no_evident_not_staff_aware_late_arraival,staff_aware_late_arraival,staff_has_unaceptable_manner,,,,No,No,,No
1514,no_evident_not_staff_aware_late_arraival,staff_aware_late_arraival,staff_not_speak_Cypriot_language,,,,No,No,,No
1515,no_evident_not_staff_aware_late_arraival,staff_aware_late_arraival,no_staff_at_night,,,,Yes,No,Yes,Yes
1516,no_evident_not_staff_aware_late_arraival,staff_aware_late_arraival,staff_not_understand_English_well,,,,No,No,,No
1517,no_evident_not_staff_aware_late_arraival,staff_aware_late_arraival,staff_cannot_give_bus_to_airport_information,,,,No,No,,No
1518,no_evident_not_staff_aware_late_arraival,staff_aware_late_arraival,only_one_staff_wear_mask,,,,No,No,,No
1519,no_evident_not_staff_track_flight,staff_track_flight,staff_not_speak_English_properly,,,,No,No,,No
1520,no_evident_not_staff_track_flight,staff_track_flight,staff_clean_after_complaint,,,,No,No,,No
1521,no_evident_not_staff_track_flight,staff_track_flight,staff_should_learn_better_English,,,,No,No,,No
1522,no_evident_not_staff_track_flight,staff_track_flight,staff_need_improve_organization,,,,No,No,,No
1523,no_evident_not_staff_track_flight,staff_track_flight,staff_need_improve_collaboration,,,,No,No,,No
1524,no_evident_not_staff_track_flight,staff_track_flight,staff_need_keep_update,,,,No,Yes,Yes,Yes
1525,no_evident_not_staff_track_flight,staff_track_flight,not_kind_staff,,,,Yes,No,Yes,Yes
1526,no_evident_not_staff_track_flight,staff_track_flight,no_empathy_staff,,,,Yes,No,Yes,Yes
1527,no_evident_not_staff_track_flight,staff_track_flight,staff_fail_to_communicate_with_taxi,,,,No,No,,No
1528,no_evident_not_staff_track_flight,staff_track_flight,staff_fail_to_guest_request,,,,No,No,,No
1529,no_evident_not_staff_track_flight,staff_track_flight,staff_cannot_provide_double_bed,,,,No,No,,No
1530,no_evident_not_staff_track_flight,staff_track_flight,offended_staff,,,,No,No,,No
1531,no_evident_not_staff_track_flight,staff_track_flight,staff_not_justify_booking_issue,,,,No,No,,No
1532,no_evident_not_staff_track_flight,staff_track_flight,staff_charge_for_cancellation_while_no_cancellation_charge_in_Booking.com,,,,No,No,,No
1533,no_evident_not_staff_track_flight,staff_track_flight,staff_enforce_cancellation_charge,,,,No,No,,No
1534,no_evident_not_staff_track_flight,staff_track_flight,staff_mistakenly_throw_valuable_item_during_cleaning_service,,,,No,No,,No
1535,no_evident_not_staff_track_flight,staff_track_flight,staff_not_provide_good_solution,,,,No,No,,No
1536,no_evident_not_staff_track_flight,staff_track_flight,staff_has_unaceptable_manner,,,,No,No,,No
1537,no_evident_not_staff_track_flight,staff_track_flight,staff_not_speak_Cypriot_language,,,,No,No,,No
1538,no_evident_not_staff_track_flight,staff_track_flight,no_staff_at_night,,,,Yes,No,Yes,Yes
1539,no_evident_not_staff_track_flight,staff_track_flight,staff_not_understand_English_well,,,,No,No,,No
1540,no_evident_not_staff_track_flight,staff_track_flight,staff_cannot_give_bus_to_airport_information,,,,No,No,,No
1541,no_evident_not_staff_track_flight,staff_track_flight,only_one_staff_wear_mask,,,,No,No,,No
1542,no_evident_not_staff_offer_food,staff_offer_food,staff_not_speak_English_properly,,,,No,No,,No
1543,no_evident_not_staff_offer_food,staff_offer_food,staff_clean_after_complaint,,,,No,No,,No
1544,no_evident_not_staff_offer_food,staff_offer_food,staff_should_learn_better_English,,,,No,No,,No
1545,no_evident_not_staff_offer_food,staff_offer_food,staff_need_improve_organization,,,,No,No,,No
1546,no_evident_not_staff_offer_food,staff_offer_food,staff_need_improve_collaboration,,,,No,No,,No
1547,no_evident_not_staff_offer_food,staff_offer_food,staff_need_keep_update,,,,No,No,,No
1548,no_evident_not_staff_offer_food,staff_offer_food,not_kind_staff,,,,Yes,Yes,,Yes
1549,no_evident_not_staff_offer_food,staff_offer_food,no_empathy_staff,,,,Yes,No,Yes,Yes
1550,no_evident_not_staff_offer_food,staff_offer_food,staff_fail_to_communicate_with_taxi,,,,No,No,,No
1551,no_evident_not_staff_offer_food,staff_offer_food,staff_fail_to_guest_request,,,,No,No,,No
1552,no_evident_not_staff_offer_food,staff_offer_food,staff_cannot_provide_double_bed,,,,No,No,,No
1553,no_evident_not_staff_offer_food,staff_offer_food,offended_staff,,,,No,No,,No
1554,no_evident_not_staff_offer_food,staff_offer_food,staff_not_justify_booking_issue,,,,No,No,,No
1555,no_evident_not_staff_offer_food,staff_offer_food,staff_charge_for_cancellation_while_no_cancellation_charge_in_Booking.com,,,,No,No,,No
1556,no_evident_not_staff_offer_food,staff_offer_food,staff_enforce_cancellation_charge,,,,No,No,,No
1557,no_evident_not_staff_offer_food,staff_offer_food,staff_mistakenly_throw_valuable_item_during_cleaning_service,,,,No,No,,No
1558,no_evident_not_staff_offer_food,staff_offer_food,staff_not_provide_good_solution,,,,No,No,,No
1559,no_evident_not_staff_offer_food,staff_offer_food,staff_has_unaceptable_manner,,,,Yes,Yes,,Yes
1560,no_evident_not_staff_offer_food,staff_offer_food,staff_not_speak_Cypriot_language,,,,No,No,,No
1561,no_evident_not_staff_offer_food,staff_offer_food,no_staff_at_night,,,,No,Yes,No,No
1562,no_evident_not_staff_offer_food,staff_offer_food,staff_not_understand_English_well,,,,No,No,,No
1563,no_evident_not_staff_offer_food,staff_offer_food,staff_cannot_give_bus_to_airport_information,,,,No,No,,No
1564,no_evident_not_staff_offer_food,staff_offer_food,only_one_staff_wear_mask,,,,No,No,,No
1565,no_evident_not_staff_offer_drink,staff_offer_drink,staff_not_speak_English_properly,,,,No,No,,No
1566,no_evident_not_staff_offer_drink,staff_offer_drink,staff_clean_after_complaint,,,,No,No,,No
1567,no_evident_not_staff_offer_drink,staff_offer_drink,staff_should_learn_better_English,,,,No,No,,No
1568,no_evident_not_staff_offer_drink,staff_offer_drink,staff_need_improve_organization,,,,No,No,,No
1569,no_evident_not_staff_offer_drink,staff_offer_drink,staff_need_improve_collaboration,,,,No,No,,No
1570,no_evident_not_staff_offer_drink,staff_offer_drink,staff_need_keep_update,,,,No,No,,No
1571,no_evident_not_staff_offer_drink,staff_offer_drink,not_kind_staff,,,,Yes,Yes,,Yes
1572,no_evident_not_staff_offer_drink,staff_offer_drink,no_empathy_staff,,,,Yes,No,Yes,Yes
1573,no_evident_not_staff_offer_drink,staff_offer_drink,staff_fail_to_communicate_with_taxi,,,,No,No,,No
1574,no_evident_not_staff_offer_drink,staff_offer_drink,staff_fail_to_guest_request,,,,No,No,,No
1575,no_evident_not_staff_offer_drink,staff_offer_drink,staff_cannot_provide_double_bed,,,,No,No,,No
1576,no_evident_not_staff_offer_drink,staff_offer_drink,offended_staff,,,,No,No,,No
1577,no_evident_not_staff_offer_drink,staff_offer_drink,staff_not_justify_booking_issue,,,,No,No,,No
1578,no_evident_not_staff_offer_drink,staff_offer_drink,staff_charge_for_cancellation_while_no_cancellation_charge_in_Booking.com,,,,No,No,,No
1579,no_evident_not_staff_offer_drink,staff_offer_drink,staff_enforce_cancellation_charge,,,,No,No,,No
1580,no_evident_not_staff_offer_drink,staff_offer_drink,staff_mistakenly_throw_valuable_item_during_cleaning_service,,,,No,No,,No
1581,no_evident_not_staff_offer_drink,staff_offer_drink,staff_not_provide_good_solution,,,,No,No,,No
1582,no_evident_not_staff_offer_drink,staff_offer_drink,staff_has_unaceptable_manner,,,,Yes,Yes,,Yes
1583,no_evident_not_staff_offer_drink,staff_offer_drink,staff_not_speak_Cypriot_language,,,,No,No,,No
1584,no_evident_not_staff_offer_drink,staff_offer_drink,no_staff_at_night,,,,No,Yes,No,No
1585,no_evident_not_staff_offer_drink,staff_offer_drink,staff_not_understand_English_well,,,,No,No,,No
1586,no_evident_not_staff_offer_drink,staff_offer_drink,staff_cannot_give_bus_to_airport_information,,,,No,No,,No
1587,no_evident_not_staff_offer_drink,staff_offer_drink,only_one_staff_wear_mask,,,,No,No,,No
1588,no_evident_not_helpful_indication,helpful_indication,staff_not_speak_English_properly,,,,No,No,,No
1589,no_evident_not_helpful_indication,helpful_indication,staff_clean_after_complaint,,,,No,No,,No
1590,no_evident_not_helpful_indication,helpful_indication,staff_should_learn_better_English,,,,No,No,,No
1591,no_evident_not_helpful_indication,helpful_indication,staff_need_improve_organization,,,,No,No,,No
1592,no_evident_not_helpful_indication,helpful_indication,staff_need_improve_collaboration,,,,No,No,,No
1593,no_evident_not_helpful_indication,helpful_indication,staff_need_keep_update,,,,No,No,,No
1594,no_evident_not_helpful_indication,helpful_indication,not_kind_staff,,,,Yes,No,Yes,Yes
1595,no_evident_not_helpful_indication,helpful_indication,no_empathy_staff,,,,Yes,No,Yes,Yes
1596,no_evident_not_helpful_indication,helpful_indication,staff_fail_to_communicate_with_taxi,,,,No,Yes,Yes,Yes
1597,no_evident_not_helpful_indication,helpful_indication,staff_fail_to_guest_request,,,,Yes,Yes,,Yes
1598,no_evident_not_helpful_indication,helpful_indication,staff_cannot_provide_double_bed,,,,No,No,,No
1599,no_evident_not_helpful_indication,helpful_indication,offended_staff,,,,Yes,No,Yes,Yes
1600,no_evident_not_helpful_indication,helpful_indication,staff_not_justify_booking_issue,,,,Yes,Yes,,Yes
1601,no_evident_not_helpful_indication,helpful_indication,staff_charge_for_cancellation_while_no_cancellation_charge_in_Booking.com,,,,No,No,,No
1602,no_evident_not_helpful_indication,helpful_indication,staff_enforce_cancellation_charge,,,,No,No,,No
1603,no_evident_not_helpful_indication,helpful_indication,staff_mistakenly_throw_valuable_item_during_cleaning_service,,,,No,No,,No
1604,no_evident_not_helpful_indication,helpful_indication,staff_not_provide_good_solution,,,,Yes,Yes,,Yes
1605,no_evident_not_helpful_indication,helpful_indication,staff_has_unaceptable_manner,,,,Yes,No,Yes,Yes
1606,no_evident_not_helpful_indication,helpful_indication,staff_not_speak_Cypriot_language,,,,No,No,,No
1607,no_evident_not_helpful_indication,helpful_indication,no_staff_at_night,,,,No,No,,No
1608,no_evident_not_helpful_indication,helpful_indication,staff_not_understand_English_well,,,,No,No,,No
1609,no_evident_not_helpful_indication,helpful_indication,staff_cannot_give_bus_to_airport_information,,,,Yes,Yes,,Yes
1610,no_evident_not_helpful_indication,helpful_indication,only_one_staff_wear_mask,,,,No,No,,No
1611,no_evident_not_pleasant_staff,pleasant_staff,staff_not_speak_English_properly,,,,No,No,,No
1612,no_evident_not_pleasant_staff,pleasant_staff,staff_clean_after_complaint,,,,No,No,,No
1613,no_evident_not_pleasant_staff,pleasant_staff,staff_should_learn_better_English,,,,No,No,,No
1614,no_evident_not_pleasant_staff,pleasant_staff,staff_need_improve_organization,,,,No,No,,No
1615,no_evident_not_pleasant_staff,pleasant_staff,staff_need_improve_collaboration,,,,No,No,,No
1616,no_evident_not_pleasant_staff,pleasant_staff,staff_need_keep_update,,,,No,No,,No
1617,no_evident_not_pleasant_staff,pleasant_staff,not_kind_staff,,,,Yes,Yes,,Yes
1618,no_evident_not_pleasant_staff,pleasant_staff,no_empathy_staff,,,,Yes,Yes,,Yes
1619,no_evident_not_pleasant_staff,pleasant_staff,staff_fail_to_communicate_with_taxi,,,,No,No,,No
1620,no_evident_not_pleasant_staff,pleasant_staff,staff_fail_to_guest_request,,,,Yes,No,Yes,Yes
1621,no_evident_not_pleasant_staff,pleasant_staff,staff_cannot_provide_double_bed,,,,No,No,,No
1622,no_evident_not_pleasant_staff,pleasant_staff,offended_staff,,,,Yes,Yes,,Yes
1623,no_evident_not_pleasant_staff,pleasant_staff,staff_not_justify_booking_issue,,,,Yes,No,Yes,Yes
1624,no_evident_not_pleasant_staff,pleasant_staff,staff_charge_for_cancellation_while_no_cancellation_charge_in_Booking.com,,,,Yes,No,Yes,Yes
1625,no_evident_not_pleasant_staff,pleasant_staff,staff_enforce_cancellation_charge,,,,No,No,,No
1626,no_evident_not_pleasant_staff,pleasant_staff,staff_mistakenly_throw_valuable_item_during_cleaning_service,,,,No,No,,No
1627,no_evident_not_pleasant_staff,pleasant_staff,staff_not_provide_good_solution,,,,Yes,No,Yes,Yes
1628,no_evident_not_pleasant_staff,pleasant_staff,staff_has_unaceptable_manner,,,,Yes,Yes,,Yes
1629,no_evident_not_pleasant_staff,pleasant_staff,staff_not_speak_Cypriot_language,,,,No,No,,No
1630,no_evident_not_pleasant_staff,pleasant_staff,no_staff_at_night,,,,No,No,,No
1631,no_evident_not_pleasant_staff,pleasant_staff,staff_not_understand_English_well,,,,No,No,,No
1632,no_evident_not_pleasant_staff,pleasant_staff,staff_cannot_give_bus_to_airport_information,,,,Yes,No,Yes,Yes
1633,no_evident_not_pleasant_staff,pleasant_staff,only_one_staff_wear_mask,,,,No,No,,No
1634,no_evident_not_can_speak_perfect_English,can_speak_perfect_English,staff_not_speak_English_properly,,,,Yes,Yes,,Yes
1635,no_evident_not_can_speak_perfect_English,can_speak_perfect_English,staff_clean_after_complaint,,,,No,No,,No
1636,no_evident_not_can_speak_perfect_English,can_speak_perfect_English,staff_should_learn_better_English,,,,Yes,Yes,,Yes
1637,no_evident_not_can_speak_perfect_English,can_speak_perfect_English,staff_need_improve_organization,,,,No,No,,No
1638,no_evident_not_can_speak_perfect_English,can_speak_perfect_English,staff_need_improve_collaboration,,,,No,No,,No
1639,no_evident_not_can_speak_perfect_English,can_speak_perfect_English,staff_need_keep_update,,,,No,No,,No
1640,no_evident_not_can_speak_perfect_English,can_speak_perfect_English,not_kind_staff,,,,No,No,,No
1641,no_evident_not_can_speak_perfect_English,can_speak_perfect_English,no_empathy_staff,,,,No,No,,No
1642,no_evident_not_can_speak_perfect_English,can_speak_perfect_English,staff_fail_to_communicate_with_taxi,,,,Yes,No,No,No
1643,no_evident_not_can_speak_perfect_English,can_speak_perfect_English,staff_fail_to_guest_request,,,,Yes,No,No,No
1644,no_evident_not_can_speak_perfect_English,can_speak_perfect_English,staff_cannot_provide_double_bed,,,,No,No,,No
1645,no_evident_not_can_speak_perfect_English,can_speak_perfect_English,offended_staff,,,,No,No,,No
1646,no_evident_not_can_speak_perfect_English,can_speak_perfect_English,staff_not_justify_booking_issue,,,,No,No,,No
1647,no_evident_not_can_speak_perfect_English,can_speak_perfect_English,staff_charge_for_cancellation_while_no_cancellation_charge_in_Booking.com,,,,No,No,,No
1648,no_evident_not_can_speak_perfect_English,can_speak_perfect_English,staff_enforce_cancellation_charge,,,,No,No,,No
1649,no_evident_not_can_speak_perfect_English,can_speak_perfect_English,staff_mistakenly_throw_valuable_item_during_cleaning_service,,,,No,No,,No
1650,no_evident_not_can_speak_perfect_English,can_speak_perfect_English,staff_not_provide_good_solution,,,,No,No,,No
1651,no_evident_not_can_speak_perfect_English,can_speak_perfect_English,staff_has_unaceptable_manner,,,,No,No,,No
1652,no_evident_not_can_speak_perfect_English,can_speak_perfect_English,staff_not_speak_Cypriot_language,,,,No,No,,No
1653,no_evident_not_can_speak_perfect_English,can_speak_perfect_English,no_staff_at_night,,,,No,No,,No
1654,no_evident_not_can_speak_perfect_English,can_speak_perfect_English,staff_not_understand_English_well,,,,Yes,Yes,,Yes
1655,no_evident_not_can_speak_perfect_English,can_speak_perfect_English,staff_cannot_give_bus_to_airport_information,,,,Yes,No,No,No
1656,no_evident_not_can_speak_perfect_English,can_speak_perfect_English,only_one_staff_wear_mask,,,,No,No,,No
1657,no_evident_not_staff_make_late_check-in_simple,staff_make_late_check-in_simple,staff_not_speak_English_properly,,,,No,No,,No
1658,no_evident_not_staff_make_late_check-in_simple,staff_make_late_check-in_simple,staff_clean_after_complaint,,,,No,No,,No
1659,no_evident_not_staff_make_late_check-in_simple,staff_make_late_check-in_simple,staff_should_learn_better_English,,,,No,No,,No
1660,no_evident_not_staff_make_late_check-in_simple,staff_make_late_check-in_simple,staff_need_improve_organization,,,,No,Yes,Yes,Yes
1661,no_evident_not_staff_make_late_check-in_simple,staff_make_late_check-in_simple,staff_need_improve_collaboration,,,,No,Yes,Yes,Yes
1662,no_evident_not_staff_make_late_check-in_simple,staff_make_late_check-in_simple,staff_need_keep_update,,,,No,Yes,Yes,Yes
1663,no_evident_not_staff_make_late_check-in_simple,staff_make_late_check-in_simple,not_kind_staff,,,,No,No,,No
1664,no_evident_not_staff_make_late_check-in_simple,staff_make_late_check-in_simple,no_empathy_staff,,,,No,No,,No
1665,no_evident_not_staff_make_late_check-in_simple,staff_make_late_check-in_simple,staff_fail_to_communicate_with_taxi,,,,No,No,,No
1666,no_evident_not_staff_make_late_check-in_simple,staff_make_late_check-in_simple,staff_fail_to_guest_request,,,,No,No,,No
1667,no_evident_not_staff_make_late_check-in_simple,staff_make_late_check-in_simple,staff_cannot_provide_double_bed,,,,No,No,,No
1668,no_evident_not_staff_make_late_check-in_simple,staff_make_late_check-in_simple,offended_staff,,,,No,No,,No
1669,no_evident_not_staff_make_late_check-in_simple,staff_make_late_check-in_simple,staff_not_justify_booking_issue,,,,No,No,,No
1670,no_evident_not_staff_make_late_check-in_simple,staff_make_late_check-in_simple,staff_charge_for_cancellation_while_no_cancellation_charge_in_Booking.com,,,,No,No,,No
1671,no_evident_not_staff_make_late_check-in_simple,staff_make_late_check-in_simple,staff_enforce_cancellation_charge,,,,No,No,,No
1672,no_evident_not_staff_make_late_check-in_simple,staff_make_late_check-in_simple,staff_mistakenly_throw_valuable_item_during_cleaning_service,,,,No,No,,No
1673,no_evident_not_staff_make_late_check-in_simple,staff_make_late_check-in_simple,staff_not_provide_good_solution,,,,Yes,Yes,,Yes
1674,no_evident_not_staff_make_late_check-in_simple,staff_make_late_check-in_simple,staff_has_unaceptable_manner,,,,No,No,,No
1675,no_evident_not_staff_make_late_check-in_simple,staff_make_late_check-in_simple,staff_not_speak_Cypriot_language,,,,No,No,,No
1676,no_evident_not_staff_make_late_check-in_simple,staff_make_late_check-in_simple,no_staff_at_night,,,,No,No,,No
1677,no_evident_not_staff_make_late_check-in_simple,staff_make_late_check-in_simple,staff_not_understand_English_well,,,,No,No,,No
1678,no_evident_not_staff_make_late_check-in_simple,staff_make_late_check-in_simple,staff_cannot_give_bus_to_airport_information,,,,No,No,,No
1679,no_evident_not_staff_make_late_check-in_simple,staff_make_late_check-in_simple,only_one_staff_wear_mask,,,,No,No,,No
1680,no_evident_not_staff_make_feel_at_home,staff_make_feel_at_home,staff_not_speak_English_properly,,,,No,No,,No
1681,no_evident_not_staff_make_feel_at_home,staff_make_feel_at_home,staff_clean_after_complaint,,,,No,No,,No
1682,no_evident_not_staff_make_feel_at_home,staff_make_feel_at_home,staff_should_learn_better_English,,,,No,No,,No
1683,no_evident_not_staff_make_feel_at_home,staff_make_feel_at_home,staff_need_improve_organization,,,,No,No,,No
1684,no_evident_not_staff_make_feel_at_home,staff_make_feel_at_home,staff_need_improve_collaboration,,,,No,No,,No
1685,no_evident_not_staff_make_feel_at_home,staff_make_feel_at_home,staff_need_keep_update,,,,No,No,,No
1686,no_evident_not_staff_make_feel_at_home,staff_make_feel_at_home,not_kind_staff,,,,Yes,Yes,,Yes
1687,no_evident_not_staff_make_feel_at_home,staff_make_feel_at_home,no_empathy_staff,,,,Yes,Yes,,Yes
1688,no_evident_not_staff_make_feel_at_home,staff_make_feel_at_home,staff_fail_to_communicate_with_taxi,,,,No,No,,No
1689,no_evident_not_staff_make_feel_at_home,staff_make_feel_at_home,staff_fail_to_guest_request,,,,No,No,,No
1690,no_evident_not_staff_make_feel_at_home,staff_make_feel_at_home,staff_cannot_provide_double_bed,,,,No,No,,No
1691,no_evident_not_staff_make_feel_at_home,staff_make_feel_at_home,offended_staff,,,,Yes,Yes,,Yes
1692,no_evident_not_staff_make_feel_at_home,staff_make_feel_at_home,staff_not_justify_booking_issue,,,,No,No,,No
1693,no_evident_not_staff_make_feel_at_home,staff_make_feel_at_home,staff_charge_for_cancellation_while_no_cancellation_charge_in_Booking.com,,,,No,No,,No
1694,no_evident_not_staff_make_feel_at_home,staff_make_feel_at_home,staff_enforce_cancellation_charge,,,,No,No,,No
1695,no_evident_not_staff_make_feel_at_home,staff_make_feel_at_home,staff_mistakenly_throw_valuable_item_during_cleaning_service,,,,No,No,,No
1696,no_evident_not_staff_make_feel_at_home,staff_make_feel_at_home,staff_not_provide_good_solution,,,,No,No,,No
1697,no_evident_not_staff_make_feel_at_home,staff_make_feel_at_home,staff_has_unaceptable_manner,,,,Yes,Yes,,Yes
1698,no_evident_not_staff_make_feel_at_home,staff_make_feel_at_home,staff_not_speak_Cypriot_language,,,,No,No,,No
1699,no_evident_not_staff_make_feel_at_home,staff_make_feel_at_home,no_staff_at_night,,,,No,Yes,Yes,Yes
1700,no_evident_not_staff_make_feel_at_home,staff_make_feel_at_home,staff_not_understand_English_well,,,,No,No,,No
1701,no_evident_not_staff_make_feel_at_home,staff_make_feel_at_home,staff_cannot_give_bus_to_airport_information,,,,No,No,,No
1702,no_evident_not_staff_make_feel_at_home,staff_make_feel_at_home,only_one_staff_wear_mask,,,,No,No,,No
1703,no_evident_not_big_smile,big_smile,staff_not_speak_English_properly,,,,No,No,,No
1704,no_evident_not_big_smile,big_smile,staff_clean_after_complaint,,,,No,No,,No
1705,no_evident_not_big_smile,big_smile,staff_should_learn_better_English,,,,No,No,,No
1706,no_evident_not_big_smile,big_smile,staff_need_improve_organization,,,,No,No,,No
1707,no_evident_not_big_smile,big_smile,staff_need_improve_collaboration,,,,No,No,,No
1708,no_evident_not_big_smile,big_smile,staff_need_keep_update,,,,No,No,,No
1709,no_evident_not_big_smile,big_smile,not_kind_staff,,,,Yes,Yes,,Yes
1710,no_evident_not_big_smile,big_smile,no_empathy_staff,,,,Yes,No,Yes,Yes
1711,no_evident_not_big_smile,big_smile,staff_fail_to_communicate_with_taxi,,,,No,No,,No
1712,no_evident_not_big_smile,big_smile,staff_fail_to_guest_request,,,,No,No,,No
1713,no_evident_not_big_smile,big_smile,staff_cannot_provide_double_bed,,,,No,No,,No
1714,no_evident_not_big_smile,big_smile,offended_staff,,,,Yes,Yes,,Yes
1715,no_evident_not_big_smile,big_smile,staff_not_justify_booking_issue,,,,No,No,,No
1716,no_evident_not_big_smile,big_smile,staff_charge_for_cancellation_while_no_cancellation_charge_in_Booking.com,,,,No,No,,No
1717,no_evident_not_big_smile,big_smile,staff_enforce_cancellation_charge,,,,No,No,,No
1718,no_evident_not_big_smile,big_smile,staff_mistakenly_throw_valuable_item_during_cleaning_service,,,,No,No,,No
1719,no_evident_not_big_smile,big_smile,staff_not_provide_good_solution,,,,No,No,,No
1720,no_evident_not_big_smile,big_smile,staff_has_unaceptable_manner,,,,No,No,,No
1721,no_evident_not_big_smile,big_smile,staff_not_speak_Cypriot_language,,,,No,No,,No
1722,no_evident_not_big_smile,big_smile,no_staff_at_night,,,,No,No,,No
1723,no_evident_not_big_smile,big_smile,staff_not_understand_English_well,,,,No,No,,No
1724,no_evident_not_big_smile,big_smile,staff_cannot_give_bus_to_airport_information,,,,No,No,,No
1725,no_evident_not_big_smile,big_smile,only_one_staff_wear_mask,,,,No,No,,No
1726,no_evident_not_friendly_service,friendly_service,staff_not_speak_English_properly,,,,No,No,,No
1727,no_evident_not_friendly_service,friendly_service,staff_clean_after_complaint,,,,No,No,,No
1728,no_evident_not_friendly_service,friendly_service,staff_should_learn_better_English,,,,No,No,,No
1729,no_evident_not_friendly_service,friendly_service,staff_need_improve_organization,,,,No,No,,No
1730,no_evident_not_friendly_service,friendly_service,staff_need_improve_collaboration,,,,No,No,,No
1731,no_evident_not_friendly_service,friendly_service,staff_need_keep_update,,,,No,No,,No
1732,no_evident_not_friendly_service,friendly_service,not_kind_staff,,,,Yes,Yes,,Yes
1733,no_evident_not_friendly_service,friendly_service,no_empathy_staff,,,,Yes,Yes,,Yes
1734,no_evident_not_friendly_service,friendly_service,staff_fail_to_communicate_with_taxi,,,,No,No,,No
1735,no_evident_not_friendly_service,friendly_service,staff_fail_to_guest_request,,,,No,No,,No
1736,no_evident_not_friendly_service,friendly_service,staff_cannot_provide_double_bed,,,,No,No,,No
1737,no_evident_not_friendly_service,friendly_service,offended_staff,,,,Yes,Yes,,Yes
1738,no_evident_not_friendly_service,friendly_service,staff_not_justify_booking_issue,,,,No,No,,No
1739,no_evident_not_friendly_service,friendly_service,staff_charge_for_cancellation_while_no_cancellation_charge_in_Booking.com,,,,No,No,,No
1740,no_evident_not_friendly_service,friendly_service,staff_enforce_cancellation_charge,,,,No,No,,No
1741,no_evident_not_friendly_service,friendly_service,staff_mistakenly_throw_valuable_item_during_cleaning_service,,,,No,No,,No
1742,no_evident_not_friendly_service,friendly_service,staff_not_provide_good_solution,,,,No,No,,No
1743,no_evident_not_friendly_service,friendly_service,staff_has_unaceptable_manner,,,,Yes,Yes,,Yes
1744,no_evident_not_friendly_service,friendly_service,staff_not_speak_Cypriot_language,,,,No,No,,No
1745,no_evident_not_friendly_service,friendly_service,no_staff_at_night,,,,No,No,,No
1746,no_evident_not_friendly_service,friendly_service,staff_not_understand_English_well,,,,No,No,,No
1747,no_evident_not_friendly_service,friendly_service,staff_cannot_give_bus_to_airport_information,,,,No,No,,No
1748,no_evident_not_friendly_service,friendly_service,only_one_staff_wear_mask,,,,No,No,,No
1749,no_evident_not_attentive_staff,attentive_staff,staff_not_speak_English_properly,,,,No,No,,No
1750,no_evident_not_attentive_staff,attentive_staff,staff_clean_after_complaint,,,,No,No,,No
1751,no_evident_not_attentive_staff,attentive_staff,staff_should_learn_better_English,,,,No,No,,No
1752,no_evident_not_attentive_staff,attentive_staff,staff_need_improve_organization,,,,No,No,,No
1753,no_evident_not_attentive_staff,attentive_staff,staff_need_improve_collaboration,,,,No,No,,No
1754,no_evident_not_attentive_staff,attentive_staff,staff_need_keep_update,,,,No,Yes,Yes,Yes
1755,no_evident_not_attentive_staff,attentive_staff,not_kind_staff,,,,Yes,Yes,,Yes
1756,no_evident_not_attentive_staff,attentive_staff,no_empathy_staff,,,,Yes,Yes,,Yes
1757,no_evident_not_attentive_staff,attentive_staff,staff_fail_to_communicate_with_taxi,,,,Yes,No,Yes,Yes
1758,no_evident_not_attentive_staff,attentive_staff,staff_fail_to_guest_request,,,,Yes,No,Yes,Yes
1759,no_evident_not_attentive_staff,attentive_staff,staff_cannot_provide_double_bed,,,,No,No,,No
1760,no_evident_not_attentive_staff,attentive_staff,offended_staff,,,,Yes,Yes,,Yes
1761,no_evident_not_attentive_staff,attentive_staff,staff_not_justify_booking_issue,,,,Yes,Yes,,Yes
1762,no_evident_not_attentive_staff,attentive_staff,staff_charge_for_cancellation_while_no_cancellation_charge_in_Booking.com,,,,Yes,Yes,,Yes
1763,no_evident_not_attentive_staff,attentive_staff,staff_enforce_cancellation_charge,,,,No,No,,No
1764,no_evident_not_attentive_staff,attentive_staff,staff_mistakenly_throw_valuable_item_during_cleaning_service,,,,Yes,Yes,,Yes
1765,no_evident_not_attentive_staff,attentive_staff,staff_not_provide_good_solution,,,,Yes,Yes,,Yes
1766,no_evident_not_attentive_staff,attentive_staff,staff_has_unaceptable_manner,,,,Yes,Yes,,Yes
1767,no_evident_not_attentive_staff,attentive_staff,staff_not_speak_Cypriot_language,,,,No,No,,No
1768,no_evident_not_attentive_staff,attentive_staff,no_staff_at_night,,,,Yes,No,Yes,Yes
1769,no_evident_not_attentive_staff,attentive_staff,staff_not_understand_English_well,,,,No,No,,No
1770,no_evident_not_attentive_staff,attentive_staff,staff_cannot_give_bus_to_airport_information,,,,No,No,,No
1771,no_evident_not_attentive_staff,attentive_staff,only_one_staff_wear_mask,,,,Yes,No,Yes,Yes
1772,no_evident_not_superb_service,superb_service,staff_not_speak_English_properly,,,,Yes,No,Yes,Yes
1773,no_evident_not_superb_service,superb_service,staff_clean_after_complaint,,,,No,No,,No
1774,no_evident_not_superb_service,superb_service,staff_should_learn_better_English,,,,Yes,No,Yes,Yes
1775,no_evident_not_superb_service,superb_service,staff_need_improve_organization,,,,Yes,Yes,,Yes
1776,no_evident_not_superb_service,superb_service,staff_need_improve_collaboration,,,,Yes,Yes,,Yes
1777,no_evident_not_superb_service,superb_service,staff_need_keep_update,,,,Yes,Yes,,Yes
1778,no_evident_not_superb_service,superb_service,not_kind_staff,,,,Yes,Yes,,Yes
1779,no_evident_not_superb_service,superb_service,no_empathy_staff,,,,Yes,Yes,,Yes
1780,no_evident_not_superb_service,superb_service,staff_fail_to_communicate_with_taxi,,,,Yes,Yes,,Yes
1781,no_evident_not_superb_service,superb_service,staff_fail_to_guest_request,,,,Yes,Yes,,Yes
1782,no_evident_not_superb_service,superb_service,staff_cannot_provide_double_bed,,,,Yes,Yes,,Yes
1783,no_evident_not_superb_service,superb_service,offended_staff,,,,Yes,Yes,,Yes
1784,no_evident_not_superb_service,superb_service,staff_not_justify_booking_issue,,,,Yes,Yes,,Yes
1785,no_evident_not_superb_service,superb_service,staff_charge_for_cancellation_while_no_cancellation_charge_in_Booking.com,,,,Yes,Yes,,Yes
1786,no_evident_not_superb_service,superb_service,staff_enforce_cancellation_charge,,,,No,No,,No
1787,no_evident_not_superb_service,superb_service,staff_mistakenly_throw_valuable_item_during_cleaning_service,,,,No,Yes,Yes,Yes
1788,no_evident_not_superb_service,superb_service,staff_not_provide_good_solution,,,,Yes,Yes,,Yes
1789,no_evident_not_superb_service,superb_service,staff_has_unaceptable_manner,,,,Yes,Yes,,Yes
1790,no_evident_not_superb_service,superb_service,staff_not_speak_Cypriot_language,,,,Yes,No,Yes,Yes
1791,no_evident_not_superb_service,superb_service,no_staff_at_night,,,,Yes,Yes,,Yes
1792,no_evident_not_superb_service,superb_service,staff_not_understand_English_well,,,,Yes,No,Yes,Yes
1793,no_evident_not_superb_service,superb_service,staff_cannot_give_bus_to_airport_information,,,,Yes,Yes,,Yes
1794,no_evident_not_superb_service,superb_service,only_one_staff_wear_mask,,,,Yes,Yes,,Yes
1795,no_evident_not_reachable_staff,reachable_staff,staff_not_speak_English_properly,,,,Yes,No,Yes,Yes
1796,no_evident_not_reachable_staff,reachable_staff,staff_clean_after_complaint,,,,No,No,,No
1797,no_evident_not_reachable_staff,reachable_staff,staff_should_learn_better_English,,,,No,No,,No
1798,no_evident_not_reachable_staff,reachable_staff,staff_need_improve_organization,,,,No,No,,No
1799,no_evident_not_reachable_staff,reachable_staff,staff_need_improve_collaboration,,,,No,No,,No
1800,no_evident_not_reachable_staff,reachable_staff,staff_need_keep_update,,,,No,No,,No
1801,no_evident_not_reachable_staff,reachable_staff,not_kind_staff,,,,Yes,No,Yes,Yes
1802,no_evident_not_reachable_staff,reachable_staff,no_empathy_staff,,,,Yes,No,Yes,Yes
1803,no_evident_not_reachable_staff,reachable_staff,staff_fail_to_communicate_with_taxi,,,,No,No,,No
1804,no_evident_not_reachable_staff,reachable_staff,staff_fail_to_guest_request,,,,No,No,,No
1805,no_evident_not_reachable_staff,reachable_staff,staff_cannot_provide_double_bed,,,,No,No,,No
1806,no_evident_not_reachable_staff,reachable_staff,offended_staff,,,,Yes,No,Yes,Yes
1807,no_evident_not_reachable_staff,reachable_staff,staff_not_justify_booking_issue,,,,No,No,,No
1808,no_evident_not_reachable_staff,reachable_staff,staff_charge_for_cancellation_while_no_cancellation_charge_in_Booking.com,,,,No,No,,No
1809,no_evident_not_reachable_staff,reachable_staff,staff_enforce_cancellation_charge,,,,No,No,,No
1810,no_evident_not_reachable_staff,reachable_staff,staff_mistakenly_throw_valuable_item_during_cleaning_service,,,,No,No,,No
1811,no_evident_not_reachable_staff,reachable_staff,staff_not_provide_good_solution,,,,No,No,,No
1812,no_evident_not_reachable_staff,reachable_staff,staff_has_unaceptable_manner,,,,No,No,,No
1813,no_evident_not_reachable_staff,reachable_staff,staff_not_speak_Cypriot_language,,,,Yes,No,Yes,Yes
1814,no_evident_not_reachable_staff,reachable_staff,no_staff_at_night,,,,Yes,Yes,,Yes
1815,no_evident_not_reachable_staff,reachable_staff,staff_not_understand_English_well,,,,Yes,No,Yes,Yes
1816,no_evident_not_reachable_staff,reachable_staff,staff_cannot_give_bus_to_airport_information,,,,No,No,,No
1817,no_evident_not_reachable_staff,reachable_staff,only_one_staff_wear_mask,,,,No,No,,No
1818,no_evident_not_informative,informative,staff_not_speak_English_properly,,,,Yes,No,No,No
1819,no_evident_not_informative,informative,staff_clean_after_complaint,,,,No,No,,No
1820,no_evident_not_informative,informative,staff_should_learn_better_English,,,,No,No,,No
1821,no_evident_not_informative,informative,staff_need_improve_organization,,,,No,No,,No
1822,no_evident_not_informative,informative,staff_need_improve_collaboration,,,,No,No,,No
1823,no_evident_not_informative,informative,staff_need_keep_update,,,,Yes,No,Yes,Yes
1824,no_evident_not_informative,informative,not_kind_staff,,,,No,No,,No
1825,no_evident_not_informative,informative,no_empathy_staff,,,,No,No,,No
1826,no_evident_not_informative,informative,staff_fail_to_communicate_with_taxi,,,,No,No,,No
1827,no_evident_not_informative,informative,staff_fail_to_guest_request,,,,No,No,,No
1828,no_evident_not_informative,informative,staff_cannot_provide_double_bed,,,,No,No,,No
1829,no_evident_not_informative,informative,offended_staff,,,,No,No,,No
1830,no_evident_not_informative,informative,staff_not_justify_booking_issue,,,,Yes,Yes,,Yes
1831,no_evident_not_informative,informative,staff_charge_for_cancellation_while_no_cancellation_charge_in_Booking.com,,,,No,No,,No
1832,no_evident_not_informative,informative,staff_enforce_cancellation_charge,,,,No,No,,No
1833,no_evident_not_informative,informative,staff_mistakenly_throw_valuable_item_during_cleaning_service,,,,No,No,,No
1834,no_evident_not_informative,informative,staff_not_provide_good_solution,,,,Yes,Yes,,Yes
1835,no_evident_not_informative,informative,staff_has_unaceptable_manner,,,,No,No,,No
1836,no_evident_not_informative,informative,staff_not_speak_Cypriot_language,,,,No,No,,No
1837,no_evident_not_informative,informative,no_staff_at_night,,,,Yes,No,No,No
1838,no_evident_not_informative,informative,staff_not_understand_English_well,,,,Yes,No,No,No
1839,no_evident_not_informative,informative,staff_cannot_give_bus_to_airport_information,,,,Yes,No,Yes,Yes
1840,no_evident_not_informative,informative,only_one_staff_wear_mask,,,,No,No,,No
1841,no_evident_not_reassuring_service,reassuring_service,staff_not_speak_English_properly,,,,Yes,No,Yes,Yes
1842,no_evident_not_reassuring_service,reassuring_service,staff_clean_after_complaint,,,,No,No,,No
1843,no_evident_not_reassuring_service,reassuring_service,staff_should_learn_better_English,,,,No,No,,No
1844,no_evident_not_reassuring_service,reassuring_service,staff_need_improve_organization,,,,No,No,,No
1845,no_evident_not_reassuring_service,reassuring_service,staff_need_improve_collaboration,,,,No,No,,No
1846,no_evident_not_reassuring_service,reassuring_service,staff_need_keep_update,,,,No,No,,No
1847,no_evident_not_reassuring_service,reassuring_service,not_kind_staff,,,,Yes,Yes,,Yes
1848,no_evident_not_reassuring_service,reassuring_service,no_empathy_staff,,,,Yes,Yes,,Yes
1849,no_evident_not_reassuring_service,reassuring_service,staff_fail_to_communicate_with_taxi,,,,Yes,No,Yes,Yes
1850,no_evident_not_reassuring_service,reassuring_service,staff_fail_to_guest_request,,,,Yes,Yes,,Yes
1851,no_evident_not_reassuring_service,reassuring_service,staff_cannot_provide_double_bed,,,,No,No,,No
1852,no_evident_not_reassuring_service,reassuring_service,offended_staff,,,,No,Yes,Yes,Yes
1853,no_evident_not_reassuring_service,reassuring_service,staff_not_justify_booking_issue,,,,Yes,Yes,,Yes
1854,no_evident_not_reassuring_service,reassuring_service,staff_charge_for_cancellation_while_no_cancellation_charge_in_Booking.com,,,,Yes,Yes,,Yes
1855,no_evident_not_reassuring_service,reassuring_service,staff_enforce_cancellation_charge,,,,No,No,,No
1856,no_evident_not_reassuring_service,reassuring_service,staff_mistakenly_throw_valuable_item_during_cleaning_service,,,,Yes,Yes,,Yes
1857,no_evident_not_reassuring_service,reassuring_service,staff_not_provide_good_solution,,,,Yes,No,Yes,Yes
1858,no_evident_not_reassuring_service,reassuring_service,staff_has_unaceptable_manner,,,,Yes,Yes,,Yes
1859,no_evident_not_reassuring_service,reassuring_service,staff_not_speak_Cypriot_language,,,,Yes,No,Yes,Yes
1860,no_evident_not_reassuring_service,reassuring_service,no_staff_at_night,,,,Yes,Yes,,Yes
1861,no_evident_not_reassuring_service,reassuring_service,staff_not_understand_English_well,,,,Yes,No,Yes,Yes
1862,no_evident_not_reassuring_service,reassuring_service,staff_cannot_give_bus_to_airport_information,,,,Yes,No,Yes,Yes
1863,no_evident_not_reassuring_service,reassuring_service,only_one_staff_wear_mask,,,,Yes,No,Yes,Yes
1864,no_evident_not_5_star_service,5_star_service,staff_not_speak_English_properly,,,,Yes,No,Yes,Yes
1865,no_evident_not_5_star_service,5_star_service,staff_clean_after_complaint,,,,No,No,,No
1866,no_evident_not_5_star_service,5_star_service,staff_should_learn_better_English,,,,Yes,No,Yes,Yes
1867,no_evident_not_5_star_service,5_star_service,staff_need_improve_organization,,,,Yes,Yes,,Yes
1868,no_evident_not_5_star_service,5_star_service,staff_need_improve_collaboration,,,,Yes,Yes,,Yes
1869,no_evident_not_5_star_service,5_star_service,staff_need_keep_update,,,,Yes,Yes,,Yes
1870,no_evident_not_5_star_service,5_star_service,not_kind_staff,,,,Yes,Yes,,Yes
1871,no_evident_not_5_star_service,5_star_service,no_empathy_staff,,,,Yes,Yes,,Yes
1872,no_evident_not_5_star_service,5_star_service,staff_fail_to_communicate_with_taxi,,,,Yes,Yes,,Yes
1873,no_evident_not_5_star_service,5_star_service,staff_fail_to_guest_request,,,,Yes,Yes,,Yes
1874,no_evident_not_5_star_service,5_star_service,staff_cannot_provide_double_bed,,,,Yes,Yes,,Yes
1875,no_evident_not_5_star_service,5_star_service,offended_staff,,,,Yes,Yes,,Yes
1876,no_evident_not_5_star_service,5_star_service,staff_not_justify_booking_issue,,,,Yes,Yes,,Yes
1877,no_evident_not_5_star_service,5_star_service,staff_charge_for_cancellation_while_no_cancellation_charge_in_Booking.com,,,,Yes,Yes,,Yes
1878,no_evident_not_5_star_service,5_star_service,staff_enforce_cancellation_charge,,,,No,No,,No
1879,no_evident_not_5_star_service,5_star_service,staff_mistakenly_throw_valuable_item_during_cleaning_service,,,,Yes,Yes,,Yes
1880,no_evident_not_5_star_service,5_star_service,staff_not_provide_good_solution,,,,Yes,Yes,,Yes
1881,no_evident_not_5_star_service,5_star_service,staff_has_unaceptable_manner,,,,Yes,Yes,,Yes
1882,no_evident_not_5_star_service,5_star_service,staff_not_speak_Cypriot_language,,,,Yes,No,Yes,Yes
1883,no_evident_not_5_star_service,5_star_service,no_staff_at_night,,,,Yes,Yes,,Yes
1884,no_evident_not_5_star_service,5_star_service,staff_not_understand_English_well,,,,Yes,No,Yes,Yes
1885,no_evident_not_5_star_service,5_star_service,staff_cannot_give_bus_to_airport_information,,,,Yes,Yes,,Yes
1886,no_evident_not_5_star_service,5_star_service,only_one_staff_wear_mask,,,,Yes,Yes,,Yes
1887,no_evident_not_lend_adaptor,lend_adaptor,staff_not_speak_English_properly,,,,No,No,,No
1888,no_evident_not_lend_adaptor,lend_adaptor,staff_clean_after_complaint,,,,No,No,,No
1889,no_evident_not_lend_adaptor,lend_adaptor,staff_should_learn_better_English,,,,No,No,,No
1890,no_evident_not_lend_adaptor,lend_adaptor,staff_need_improve_organization,,,,No,No,,No
1891,no_evident_not_lend_adaptor,lend_adaptor,staff_need_improve_collaboration,,,,No,No,,No
1892,no_evident_not_lend_adaptor,lend_adaptor,staff_need_keep_update,,,,No,No,,No
1893,no_evident_not_lend_adaptor,lend_adaptor,not_kind_staff,,,,No,Yes,Yes,Yes
1894,no_evident_not_lend_adaptor,lend_adaptor,no_empathy_staff,,,,No,Yes,Yes,Yes
1895,no_evident_not_lend_adaptor,lend_adaptor,staff_fail_to_communicate_with_taxi,,,,No,No,,No
1896,no_evident_not_lend_adaptor,lend_adaptor,staff_fail_to_guest_request,,,,No,No,,No
1897,no_evident_not_lend_adaptor,lend_adaptor,staff_cannot_provide_double_bed,,,,No,No,,No
1898,no_evident_not_lend_adaptor,lend_adaptor,offended_staff,,,,No,No,,No
1899,no_evident_not_lend_adaptor,lend_adaptor,staff_not_justify_booking_issue,,,,No,No,,No
1900,no_evident_not_lend_adaptor,lend_adaptor,staff_charge_for_cancellation_while_no_cancellation_charge_in_Booking.com,,,,No,No,,No
1901,no_evident_not_lend_adaptor,lend_adaptor,staff_enforce_cancellation_charge,,,,No,No,,No
1902,no_evident_not_lend_adaptor,lend_adaptor,staff_mistakenly_throw_valuable_item_during_cleaning_service,,,,No,No,,No
1903,no_evident_not_lend_adaptor,lend_adaptor,staff_not_provide_good_solution,,,,No,No,,No
1904,no_evident_not_lend_adaptor,lend_adaptor,staff_has_unaceptable_manner,,,,No,No,,No
1905,no_evident_not_lend_adaptor,lend_adaptor,staff_not_speak_Cypriot_language,,,,No,No,,No
1906,no_evident_not_lend_adaptor,lend_adaptor,no_staff_at_night,,,,No,No,,No
1907,no_evident_not_lend_adaptor,lend_adaptor,staff_not_understand_English_well,,,,No,No,,No
1908,no_evident_not_lend_adaptor,lend_adaptor,staff_cannot_give_bus_to_airport_information,,,,No,No,,No
1909,no_evident_not_lend_adaptor,lend_adaptor,only_one_staff_wear_mask,,,,No,No,,No
1910,no_evident_not_professional_staff,professional_staff,staff_not_speak_English_properly,,,,Yes,No,Yes,Yes
1911,no_evident_not_professional_staff,professional_staff,staff_clean_after_complaint,,,,No,No,,No
1912,no_evident_not_professional_staff,professional_staff,staff_should_learn_better_English,,,,Yes,No,Yes,Yes
1913,no_evident_not_professional_staff,professional_staff,staff_need_improve_organization,,,,Yes,Yes,,Yes
1914,no_evident_not_professional_staff,professional_staff,staff_need_improve_collaboration,,,,Yes,Yes,,Yes
1915,no_evident_not_professional_staff,professional_staff,staff_need_keep_update,,,,Yes,Yes,,Yes
1916,no_evident_not_professional_staff,professional_staff,not_kind_staff,,,,No,Yes,Yes,Yes
1917,no_evident_not_professional_staff,professional_staff,no_empathy_staff,,,,No,Yes,Yes,Yes
1918,no_evident_not_professional_staff,professional_staff,staff_fail_to_communicate_with_taxi,,,,Yes,Yes,,Yes
1919,no_evident_not_professional_staff,professional_staff,staff_fail_to_guest_request,,,,Yes,Yes,,Yes
1920,no_evident_not_professional_staff,professional_staff,staff_cannot_provide_double_bed,,,,No,No,,No
1921,no_evident_not_professional_staff,professional_staff,offended_staff,,,,Yes,Yes,,Yes
1922,no_evident_not_professional_staff,professional_staff,staff_not_justify_booking_issue,,,,Yes,Yes,,Yes
1923,no_evident_not_professional_staff,professional_staff,staff_charge_for_cancellation_while_no_cancellation_charge_in_Booking.com,,,,Yes,Yes,,Yes
1924,no_evident_not_professional_staff,professional_staff,staff_enforce_cancellation_charge,,,,Yes,No,Yes,Yes
1925,no_evident_not_professional_staff,professional_staff,staff_mistakenly_throw_valuable_item_during_cleaning_service,,,,No,Yes,Yes,Yes
1926,no_evident_not_professional_staff,professional_staff,staff_not_provide_good_solution,,,,Yes,Yes,,Yes
1927,no_evident_not_professional_staff,professional_staff,staff_has_unaceptable_manner,,,,Yes,Yes,,Yes
1928,no_evident_not_professional_staff,professional_staff,staff_not_speak_Cypriot_language,,,,Yes,No,Yes,Yes
1929,no_evident_not_professional_staff,professional_staff,no_staff_at_night,,,,Yes,No,Yes,Yes
1930,no_evident_not_professional_staff,professional_staff,staff_not_understand_English_well,,,,Yes,No,Yes,Yes
1931,no_evident_not_professional_staff,professional_staff,staff_cannot_give_bus_to_airport_information,,,,Yes,Yes,,Yes
1932,no_evident_not_professional_staff,professional_staff,only_one_staff_wear_mask,,,,No,No,,No
1933,no_evident_not_staff_arrange_car_to_airport,staff_arrange_car_to_airport,staff_not_speak_English_properly,,,,No,No,,No
1934,no_evident_not_staff_arrange_car_to_airport,staff_arrange_car_to_airport,staff_clean_after_complaint,,,,No,No,,No
1935,no_evident_not_staff_arrange_car_to_airport,staff_arrange_car_to_airport,staff_should_learn_better_English,,,,No,No,,No
1936,no_evident_not_staff_arrange_car_to_airport,staff_arrange_car_to_airport,staff_need_improve_organization,,,,No,No,,No
1937,no_evident_not_staff_arrange_car_to_airport,staff_arrange_car_to_airport,staff_need_improve_collaboration,,,,No,No,,No
1938,no_evident_not_staff_arrange_car_to_airport,staff_arrange_car_to_airport,staff_need_keep_update,,,,No,No,,No
1939,no_evident_not_staff_arrange_car_to_airport,staff_arrange_car_to_airport,not_kind_staff,,,,No,No,,No
1940,no_evident_not_staff_arrange_car_to_airport,staff_arrange_car_to_airport,no_empathy_staff,,,,No,No,,No
1941,no_evident_not_staff_arrange_car_to_airport,staff_arrange_car_to_airport,staff_fail_to_communicate_with_taxi,,,,No,Yes,Yes,Yes
1942,no_evident_not_staff_arrange_car_to_airport,staff_arrange_car_to_airport,staff_fail_to_guest_request,,,,Yes,No,Yes,Yes
1943,no_evident_not_staff_arrange_car_to_airport,staff_arrange_car_to_airport,staff_cannot_provide_double_bed,,,,No,No,,No
1944,no_evident_not_staff_arrange_car_to_airport,staff_arrange_car_to_airport,offended_staff,,,,No,No,,No
1945,no_evident_not_staff_arrange_car_to_airport,staff_arrange_car_to_airport,staff_not_justify_booking_issue,,,,No,No,,No
1946,no_evident_not_staff_arrange_car_to_airport,staff_arrange_car_to_airport,staff_charge_for_cancellation_while_no_cancellation_charge_in_Booking.com,,,,No,No,,No
1947,no_evident_not_staff_arrange_car_to_airport,staff_arrange_car_to_airport,staff_enforce_cancellation_charge,,,,No,No,,No
1948,no_evident_not_staff_arrange_car_to_airport,staff_arrange_car_to_airport,staff_mistakenly_throw_valuable_item_during_cleaning_service,,,,No,No,,No
1949,no_evident_not_staff_arrange_car_to_airport,staff_arrange_car_to_airport,staff_not_provide_good_solution,,,,No,No,,No
1950,no_evident_not_staff_arrange_car_to_airport,staff_arrange_car_to_airport,staff_has_unaceptable_manner,,,,No,No,,No
1951,no_evident_not_staff_arrange_car_to_airport,staff_arrange_car_to_airport,staff_not_speak_Cypriot_language,,,,No,No,,No
1952,no_evident_not_staff_arrange_car_to_airport,staff_arrange_car_to_airport,no_staff_at_night,,,,Yes,Yes,,Yes
1953,no_evident_not_staff_arrange_car_to_airport,staff_arrange_car_to_airport,staff_not_understand_English_well,,,,No,No,,No
1954,no_evident_not_staff_arrange_car_to_airport,staff_arrange_car_to_airport,staff_cannot_give_bus_to_airport_information,,,,No,No,,No
1955,no_evident_not_staff_arrange_car_to_airport,staff_arrange_car_to_airport,only_one_staff_wear_mask,,,,No,No,,No
1956,no_evident_not_staff_arrange_taxi_from_airport,staff_arrange_taxi_from_airport,staff_not_speak_English_properly,,,,No,No,,No
1957,no_evident_not_staff_arrange_taxi_from_airport,staff_arrange_taxi_from_airport,staff_clean_after_complaint,,,,No,No,,No
1958,no_evident_not_staff_arrange_taxi_from_airport,staff_arrange_taxi_from_airport,staff_should_learn_better_English,,,,No,No,,No
1959,no_evident_not_staff_arrange_taxi_from_airport,staff_arrange_taxi_from_airport,staff_need_improve_organization,,,,No,No,,No
1960,no_evident_not_staff_arrange_taxi_from_airport,staff_arrange_taxi_from_airport,staff_need_improve_collaboration,,,,No,No,,No
1961,no_evident_not_staff_arrange_taxi_from_airport,staff_arrange_taxi_from_airport,staff_need_keep_update,,,,No,No,,No
1962,no_evident_not_staff_arrange_taxi_from_airport,staff_arrange_taxi_from_airport,not_kind_staff,,,,No,No,,No
1963,no_evident_not_staff_arrange_taxi_from_airport,staff_arrange_taxi_from_airport,no_empathy_staff,,,,No,No,,No
1964,no_evident_not_staff_arrange_taxi_from_airport,staff_arrange_taxi_from_airport,staff_fail_to_communicate_with_taxi,,,,Yes,Yes,,Yes
1965,no_evident_not_staff_arrange_taxi_from_airport,staff_arrange_taxi_from_airport,staff_fail_to_guest_request,,,,Yes,No,Yes,Yes
1966,no_evident_not_staff_arrange_taxi_from_airport,staff_arrange_taxi_from_airport,staff_cannot_provide_double_bed,,,,No,No,,No
1967,no_evident_not_staff_arrange_taxi_from_airport,staff_arrange_taxi_from_airport,offended_staff,,,,No,No,,No
1968,no_evident_not_staff_arrange_taxi_from_airport,staff_arrange_taxi_from_airport,staff_not_justify_booking_issue,,,,No,No,,No
1969,no_evident_not_staff_arrange_taxi_from_airport,staff_arrange_taxi_from_airport,staff_charge_for_cancellation_while_no_cancellation_charge_in_Booking.com,,,,No,No,,No
1970,no_evident_not_staff_arrange_taxi_from_airport,staff_arrange_taxi_from_airport,staff_enforce_cancellation_charge,,,,No,No,,No
1971,no_evident_not_staff_arrange_taxi_from_airport,staff_arrange_taxi_from_airport,staff_mistakenly_throw_valuable_item_during_cleaning_service,,,,No,No,,No
1972,no_evident_not_staff_arrange_taxi_from_airport,staff_arrange_taxi_from_airport,staff_not_provide_good_solution,,,,No,No,,No
1973,no_evident_not_staff_arrange_taxi_from_airport,staff_arrange_taxi_from_airport,staff_has_unaceptable_manner,,,,No,No,,No
1974,no_evident_not_staff_arrange_taxi_from_airport,staff_arrange_taxi_from_airport,staff_not_speak_Cypriot_language,,,,No,No,,No
1975,no_evident_not_staff_arrange_taxi_from_airport,staff_arrange_taxi_from_airport,no_staff_at_night,,,,Yes,Yes,,Yes
1976,no_evident_not_staff_arrange_taxi_from_airport,staff_arrange_taxi_from_airport,staff_not_understand_English_well,,,,No,No,,No
1977,no_evident_not_staff_arrange_taxi_from_airport,staff_arrange_taxi_from_airport,staff_cannot_give_bus_to_airport_information,,,,No,No,,No
1978,no_evident_not_staff_arrange_taxi_from_airport,staff_arrange_taxi_from_airport,only_one_staff_wear_mask,,,,No,No,,No
1979,no_evident_not_delightful_staff,delightful_staff,staff_not_speak_English_properly,,,,Yes,No,Yes,Yes
1980,no_evident_not_delightful_staff,delightful_staff,staff_clean_after_complaint,,,,No,No,,No
1981,no_evident_not_delightful_staff,delightful_staff,staff_should_learn_better_English,,,,Yes,No,Yes,Yes
1982,no_evident_not_delightful_staff,delightful_staff,staff_need_improve_organization,,,,Yes,No,Yes,Yes
1983,no_evident_not_delightful_staff,delightful_staff,staff_need_improve_collaboration,,,,Yes,No,Yes,Yes
1984,no_evident_not_delightful_staff,delightful_staff,staff_need_keep_update,,,,Yes,No,Yes,Yes
1985,no_evident_not_delightful_staff,delightful_staff,not_kind_staff,,,,Yes,Yes,,Yes
1986,no_evident_not_delightful_staff,delightful_staff,no_empathy_staff,,,,Yes,Yes,,Yes
1987,no_evident_not_delightful_staff,delightful_staff,staff_fail_to_communicate_with_taxi,,,,Yes,No,Yes,Yes
1988,no_evident_not_delightful_staff,delightful_staff,staff_fail_to_guest_request,,,,Yes,No,Yes,Yes
1989,no_evident_not_delightful_staff,delightful_staff,staff_cannot_provide_double_bed,,,,Yes,No,Yes,Yes
1990,no_evident_not_delightful_staff,delightful_staff,offended_staff,,,,Yes,Yes,,Yes
1991,no_evident_not_delightful_staff,delightful_staff,staff_not_justify_booking_issue,,,,Yes,Yes,,Yes
1992,no_evident_not_delightful_staff,delightful_staff,staff_charge_for_cancellation_while_no_cancellation_charge_in_Booking.com,,,,Yes,Yes,,Yes
1993,no_evident_not_delightful_staff,delightful_staff,staff_enforce_cancellation_charge,,,,No,No,,No
1994,no_evident_not_delightful_staff,delightful_staff,staff_mistakenly_throw_valuable_item_during_cleaning_service,,,,No,Yes,Yes,Yes
1995,no_evident_not_delightful_staff,delightful_staff,staff_not_provide_good_solution,,,,No,No,,No
1996,no_evident_not_delightful_staff,delightful_staff,staff_has_unaceptable_manner,,,,Yes,Yes,,Yes
1997,no_evident_not_delightful_staff,delightful_staff,staff_not_speak_Cypriot_language,,,,No,No,,No
1998,no_evident_not_delightful_staff,delightful_staff,no_staff_at_night,,,,No,No,,No
1999,no_evident_not_delightful_staff,delightful_staff,staff_not_understand_English_well,,,,No,No,,No
2000,no_evident_not_delightful_staff,delightful_staff,staff_cannot_give_bus_to_airport_information,,,,No,No,,No
2001,no_evident_not_delightful_staff,delightful_staff,only_one_staff_wear_mask,,,,No,No,,No
2002,no_evident_not_eager_to_help,eager_to_help,staff_not_speak_English_properly,,,,Yes,No,No,No
2003,no_evident_not_eager_to_help,eager_to_help,staff_clean_after_complaint,,,,No,No,,No
2004,no_evident_not_eager_to_help,eager_to_help,staff_should_learn_better_English,,,,No,No,,No
2005,no_evident_not_eager_to_help,eager_to_help,staff_need_improve_organization,,,,No,No,,No
2006,no_evident_not_eager_to_help,eager_to_help,staff_need_improve_collaboration,,,,No,No,,No
2007,no_evident_not_eager_to_help,eager_to_help,staff_need_keep_update,,,,No,No,,No
2008,no_evident_not_eager_to_help,eager_to_help,not_kind_staff,,,,Yes,Yes,,Yes
2009,no_evident_not_eager_to_help,eager_to_help,no_empathy_staff,,,,Yes,Yes,,Yes
2010,no_evident_not_eager_to_help,eager_to_help,staff_fail_to_communicate_with_taxi,,,,No,No,,No
2011,no_evident_not_eager_to_help,eager_to_help,staff_fail_to_guest_request,,,,No,No,,No
2012,no_evident_not_eager_to_help,eager_to_help,staff_cannot_provide_double_bed,,,,No,No,,No
2013,no_evident_not_eager_to_help,eager_to_help,offended_staff,,,,No,Yes,Yes,Yes
2014,no_evident_not_eager_to_help,eager_to_help,staff_not_justify_booking_issue,,,,Yes,No,Yes,Yes
2015,no_evident_not_eager_to_help,eager_to_help,staff_charge_for_cancellation_while_no_cancellation_charge_in_Booking.com,,,,No,No,,No
2016,no_evident_not_eager_to_help,eager_to_help,staff_enforce_cancellation_charge,,,,No,No,,No
2017,no_evident_not_eager_to_help,eager_to_help,staff_mistakenly_throw_valuable_item_during_cleaning_service,,,,No,No,,No
2018,no_evident_not_eager_to_help,eager_to_help,staff_not_provide_good_solution,,,,Yes,No,Yes,Yes
2019,no_evident_not_eager_to_help,eager_to_help,staff_has_unaceptable_manner,,,,No,Yes,Yes,Yes
2020,no_evident_not_eager_to_help,eager_to_help,staff_not_speak_Cypriot_language,,,,Yes,No,No,No
2021,no_evident_not_eager_to_help,eager_to_help,no_staff_at_night,,,,No,No,,No
2022,no_evident_not_eager_to_help,eager_to_help,staff_not_understand_English_well,,,,Yes,No,No,No
2023,no_evident_not_eager_to_help,eager_to_help,staff_cannot_give_bus_to_airport_information,,,,No,No,,No
2024,no_evident_not_eager_to_help,eager_to_help,only_one_staff_wear_mask,,,,No,No,,No
2025,no_evident_not_staff_make_stay_enjoyable,staff_make_stay_enjoyable,staff_not_speak_English_properly,,,,No,No,,No
2026,no_evident_not_staff_make_stay_enjoyable,staff_make_stay_enjoyable,staff_clean_after_complaint,,,,No,No,,No
2027,no_evident_not_staff_make_stay_enjoyable,staff_make_stay_enjoyable,staff_should_learn_better_English,,,,No,No,,No
2028,no_evident_not_staff_make_stay_enjoyable,staff_make_stay_enjoyable,staff_need_improve_organization,,,,No,No,,No
2029,no_evident_not_staff_make_stay_enjoyable,staff_make_stay_enjoyable,staff_need_improve_collaboration,,,,No,No,,No
2030,no_evident_not_staff_make_stay_enjoyable,staff_make_stay_enjoyable,staff_need_keep_update,,,,No,No,,No
2031,no_evident_not_staff_make_stay_enjoyable,staff_make_stay_enjoyable,not_kind_staff,,,,Yes,Yes,,Yes
2032,no_evident_not_staff_make_stay_enjoyable,staff_make_stay_enjoyable,no_empathy_staff,,,,Yes,Yes,,Yes
2033,no_evident_not_staff_make_stay_enjoyable,staff_make_stay_enjoyable,staff_fail_to_communicate_with_taxi,,,,No,No,,No
2034,no_evident_not_staff_make_stay_enjoyable,staff_make_stay_enjoyable,staff_fail_to_guest_request,,,,Yes,Yes,,Yes
2035,no_evident_not_staff_make_stay_enjoyable,staff_make_stay_enjoyable,staff_cannot_provide_double_bed,,,,No,No,,No
2036,no_evident_not_staff_make_stay_enjoyable,staff_make_stay_enjoyable,offended_staff,,,,Yes,Yes,,Yes
2037,no_evident_not_staff_make_stay_enjoyable,staff_make_stay_enjoyable,staff_not_justify_booking_issue,,,,Yes,Yes,,Yes
2038,no_evident_not_staff_make_stay_enjoyable,staff_make_stay_enjoyable,staff_charge_for_cancellation_while_no_cancellation_charge_in_Booking.com,,,,Yes,Yes,,Yes
2039,no_evident_not_staff_make_stay_enjoyable,staff_make_stay_enjoyable,staff_enforce_cancellation_charge,,,,No,No,,No
2040,no_evident_not_staff_make_stay_enjoyable,staff_make_stay_enjoyable,staff_mistakenly_throw_valuable_item_during_cleaning_service,,,,No,Yes,Yes,Yes
2041,no_evident_not_staff_make_stay_enjoyable,staff_make_stay_enjoyable,staff_not_provide_good_solution,,,,Yes,No,Yes,Yes
2042,no_evident_not_staff_make_stay_enjoyable,staff_make_stay_enjoyable,staff_has_unaceptable_manner,,,,Yes,Yes,,Yes
2043,no_evident_not_staff_make_stay_enjoyable,staff_make_stay_enjoyable,staff_not_speak_Cypriot_language,,,,No,No,,No
2044,no_evident_not_staff_make_stay_enjoyable,staff_make_stay_enjoyable,no_staff_at_night,,,,No,Yes,Yes,Yes
2045,no_evident_not_staff_make_stay_enjoyable,staff_make_stay_enjoyable,staff_not_understand_English_well,,,,No,No,,No
2046,no_evident_not_staff_make_stay_enjoyable,staff_make_stay_enjoyable,staff_cannot_give_bus_to_airport_information,,,,No,No,,No
2047,no_evident_not_staff_make_stay_enjoyable,staff_make_stay_enjoyable,only_one_staff_wear_mask,,,,No,No,,No
2048,no_evident_not_staff_allow_early_check-in_in_morning,staff_allow_early_check-in_in_morning,staff_not_speak_English_properly,,,,No,No,,No
2049,no_evident_not_staff_allow_early_check-in_in_morning,staff_allow_early_check-in_in_morning,staff_clean_after_complaint,,,,No,No,,No
2050,no_evident_not_staff_allow_early_check-in_in_morning,staff_allow_early_check-in_in_morning,staff_should_learn_better_English,,,,No,No,,No
2051,no_evident_not_staff_allow_early_check-in_in_morning,staff_allow_early_check-in_in_morning,staff_need_improve_organization,,,,No,No,,No
2052,no_evident_not_staff_allow_early_check-in_in_morning,staff_allow_early_check-in_in_morning,staff_need_improve_collaboration,,,,No,No,,No
2053,no_evident_not_staff_allow_early_check-in_in_morning,staff_allow_early_check-in_in_morning,staff_need_keep_update,,,,No,No,,No
2054,no_evident_not_staff_allow_early_check-in_in_morning,staff_allow_early_check-in_in_morning,not_kind_staff,,,,Yes,No,Yes,Yes
2055,no_evident_not_staff_allow_early_check-in_in_morning,staff_allow_early_check-in_in_morning,no_empathy_staff,,,,Yes,No,Yes,Yes
2056,no_evident_not_staff_allow_early_check-in_in_morning,staff_allow_early_check-in_in_morning,staff_fail_to_communicate_with_taxi,,,,No,No,,No
2057,no_evident_not_staff_allow_early_check-in_in_morning,staff_allow_early_check-in_in_morning,staff_fail_to_guest_request,,,,No,No,,No
2058,no_evident_not_staff_allow_early_check-in_in_morning,staff_allow_early_check-in_in_morning,staff_cannot_provide_double_bed,,,,No,No,,No
2059,no_evident_not_staff_allow_early_check-in_in_morning,staff_allow_early_check-in_in_morning,offended_staff,,,,No,No,,No
2060,no_evident_not_staff_allow_early_check-in_in_morning,staff_allow_early_check-in_in_morning,staff_not_justify_booking_issue,,,,No,No,,No
2061,no_evident_not_staff_allow_early_check-in_in_morning,staff_allow_early_check-in_in_morning,staff_charge_for_cancellation_while_no_cancellation_charge_in_Booking.com,,,,No,No,,No
2062,no_evident_not_staff_allow_early_check-in_in_morning,staff_allow_early_check-in_in_morning,staff_enforce_cancellation_charge,,,,No,No,,No
2063,no_evident_not_staff_allow_early_check-in_in_morning,staff_allow_early_check-in_in_morning,staff_mistakenly_throw_valuable_item_during_cleaning_service,,,,No,No,,No
2064,no_evident_not_staff_allow_early_check-in_in_morning,staff_allow_early_check-in_in_morning,staff_not_provide_good_solution,,,,No,No,,No
2065,no_evident_not_staff_allow_early_check-in_in_morning,staff_allow_early_check-in_in_morning,staff_has_unaceptable_manner,,,,No,No,,No
2066,no_evident_not_staff_allow_early_check-in_in_morning,staff_allow_early_check-in_in_morning,staff_not_speak_Cypriot_language,,,,No,No,,No
2067,no_evident_not_staff_allow_early_check-in_in_morning,staff_allow_early_check-in_in_morning,no_staff_at_night,,,,No,No,,No
2068,no_evident_not_staff_allow_early_check-in_in_morning,staff_allow_early_check-in_in_morning,staff_not_understand_English_well,,,,No,No,,No
2069,no_evident_not_staff_allow_early_check-in_in_morning,staff_allow_early_check-in_in_morning,staff_cannot_give_bus_to_airport_information,,,,No,No,,No
2070,no_evident_not_staff_allow_early_check-in_in_morning,staff_allow_early_check-in_in_morning,only_one_staff_wear_mask,,,,No,No,,No
2071,no_evident_not_staff_print_off_flight_documentation,staff_print_off_flight_documentation,staff_not_speak_English_properly,,,,No,No,,No
2072,no_evident_not_staff_print_off_flight_documentation,staff_print_off_flight_documentation,staff_clean_after_complaint,,,,No,No,,No
2073,no_evident_not_staff_print_off_flight_documentation,staff_print_off_flight_documentation,staff_should_learn_better_English,,,,No,No,,No
2074,no_evident_not_staff_print_off_flight_documentation,staff_print_off_flight_documentation,staff_need_improve_organization,,,,No,No,,No
2075,no_evident_not_staff_print_off_flight_documentation,staff_print_off_flight_documentation,staff_need_improve_collaboration,,,,No,No,,No
2076,no_evident_not_staff_print_off_flight_documentation,staff_print_off_flight_documentation,staff_need_keep_update,,,,No,Yes,Yes,Yes
2077,no_evident_not_staff_print_off_flight_documentation,staff_print_off_flight_documentation,not_kind_staff,,,,No,No,,No
2078,no_evident_not_staff_print_off_flight_documentation,staff_print_off_flight_documentation,no_empathy_staff,,,,No,No,,No
2079,no_evident_not_staff_print_off_flight_documentation,staff_print_off_flight_documentation,staff_fail_to_communicate_with_taxi,,,,No,No,,No
2080,no_evident_not_staff_print_off_flight_documentation,staff_print_off_flight_documentation,staff_fail_to_guest_request,,,,No,No,,No
2081,no_evident_not_staff_print_off_flight_documentation,staff_print_off_flight_documentation,staff_cannot_provide_double_bed,,,,No,No,,No
2082,no_evident_not_staff_print_off_flight_documentation,staff_print_off_flight_documentation,offended_staff,,,,No,No,,No
2083,no_evident_not_staff_print_off_flight_documentation,staff_print_off_flight_documentation,staff_not_justify_booking_issue,,,,No,No,,No
2084,no_evident_not_staff_print_off_flight_documentation,staff_print_off_flight_documentation,staff_charge_for_cancellation_while_no_cancellation_charge_in_Booking.com,,,,No,No,,No
2085,no_evident_not_staff_print_off_flight_documentation,staff_print_off_flight_documentation,staff_enforce_cancellation_charge,,,,No,No,,No
2086,no_evident_not_staff_print_off_flight_documentation,staff_print_off_flight_documentation,staff_mistakenly_throw_valuable_item_during_cleaning_service,,,,No,No,,No
2087,no_evident_not_staff_print_off_flight_documentation,staff_print_off_flight_documentation,staff_not_provide_good_solution,,,,No,No,,No
2088,no_evident_not_staff_print_off_flight_documentation,staff_print_off_flight_documentation,staff_has_unaceptable_manner,,,,No,No,,No
2089,no_evident_not_staff_print_off_flight_documentation,staff_print_off_flight_documentation,staff_not_speak_Cypriot_language,,,,No,No,,No
2090,no_evident_not_staff_print_off_flight_documentation,staff_print_off_flight_documentation,no_staff_at_night,,,,No,No,,No
2091,no_evident_not_staff_print_off_flight_documentation,staff_print_off_flight_documentation,staff_not_understand_English_well,,,,No,No,,No
2092,no_evident_not_staff_print_off_flight_documentation,staff_print_off_flight_documentation,staff_cannot_give_bus_to_airport_information,,,,No,No,,No
2093,no_evident_not_staff_print_off_flight_documentation,staff_print_off_flight_documentation,only_one_staff_wear_mask,,,,No,No,,No
2094,no_evident_not_staff_book_taxi,staff_book_taxi,staff_not_speak_English_properly,,,,No,No,,No
2095,no_evident_not_staff_book_taxi,staff_book_taxi,staff_clean_after_complaint,,,,No,No,,No
2096,no_evident_not_staff_book_taxi,staff_book_taxi,staff_should_learn_better_English,,,,No,No,,No
2097,no_evident_not_staff_book_taxi,staff_book_taxi,staff_need_improve_organization,,,,No,No,,No
2098,no_evident_not_staff_book_taxi,staff_book_taxi,staff_need_improve_collaboration,,,,No,No,,No
2099,no_evident_not_staff_book_taxi,staff_book_taxi,staff_need_keep_update,,,,No,No,,No
2100,no_evident_not_staff_book_taxi,staff_book_taxi,not_kind_staff,,,,No,No,,No
2101,no_evident_not_staff_book_taxi,staff_book_taxi,no_empathy_staff,,,,No,No,,No
2102,no_evident_not_staff_book_taxi,staff_book_taxi,staff_fail_to_communicate_with_taxi,,,,Yes,Yes,,Yes
2103,no_evident_not_staff_book_taxi,staff_book_taxi,staff_fail_to_guest_request,,,,No,No,,No
2104,no_evident_not_staff_book_taxi,staff_book_taxi,staff_cannot_provide_double_bed,,,,No,No,,No
2105,no_evident_not_staff_book_taxi,staff_book_taxi,offended_staff,,,,No,No,,No
2106,no_evident_not_staff_book_taxi,staff_book_taxi,staff_not_justify_booking_issue,,,,No,No,,No
2107,no_evident_not_staff_book_taxi,staff_book_taxi,staff_charge_for_cancellation_while_no_cancellation_charge_in_Booking.com,,,,No,No,,No
2108,no_evident_not_staff_book_taxi,staff_book_taxi,staff_enforce_cancellation_charge,,,,No,No,,No
2109,no_evident_not_staff_book_taxi,staff_book_taxi,staff_mistakenly_throw_valuable_item_during_cleaning_service,,,,No,No,,No
2110,no_evident_not_staff_book_taxi,staff_book_taxi,staff_not_provide_good_solution,,,,No,No,,No
2111,no_evident_not_staff_book_taxi,staff_book_taxi,staff_has_unaceptable_manner,,,,No,No,,No
2112,no_evident_not_staff_book_taxi,staff_book_taxi,staff_not_speak_Cypriot_language,,,,No,No,,No
2113,no_evident_not_staff_book_taxi,staff_book_taxi,no_staff_at_night,,,,No,No,,No
2114,no_evident_not_staff_book_taxi,staff_book_taxi,staff_not_understand_English_well,,,,No,No,,No
2115,no_evident_not_staff_book_taxi,staff_book_taxi,staff_cannot_give_bus_to_airport_information,,,,No,No,,No
2116,no_evident_not_staff_book_taxi,staff_book_taxi,only_one_staff_wear_mask,,,,No,No,,No
2117,no_evident_not_staff_allow_to_keep_room_longer_because_flight_cancelled,staff_allow_to_keep_room_longer_because_flight_cancelled,staff_not_speak_English_properly,,,,No,No,,No
2118,no_evident_not_staff_allow_to_keep_room_longer_because_flight_cancelled,staff_allow_to_keep_room_longer_because_flight_cancelled,staff_clean_after_complaint,,,,No,No,,No
2119,no_evident_not_staff_allow_to_keep_room_longer_because_flight_cancelled,staff_allow_to_keep_room_longer_because_flight_cancelled,staff_should_learn_better_English,,,,No,No,,No
2120,no_evident_not_staff_allow_to_keep_room_longer_because_flight_cancelled,staff_allow_to_keep_room_longer_because_flight_cancelled,staff_need_improve_organization,,,,No,No,,No
2121,no_evident_not_staff_allow_to_keep_room_longer_because_flight_cancelled,staff_allow_to_keep_room_longer_because_flight_cancelled,staff_need_improve_collaboration,,,,No,No,,No
2122,no_evident_not_staff_allow_to_keep_room_longer_because_flight_cancelled,staff_allow_to_keep_room_longer_because_flight_cancelled,staff_need_keep_update,,,,No,No,,No
2123,no_evident_not_staff_allow_to_keep_room_longer_because_flight_cancelled,staff_allow_to_keep_room_longer_because_flight_cancelled,not_kind_staff,,,,Yes,Yes,,Yes
2124,no_evident_not_staff_allow_to_keep_room_longer_because_flight_cancelled,staff_allow_to_keep_room_longer_because_flight_cancelled,no_empathy_staff,,,,Yes,Yes,,Yes
2125,no_evident_not_staff_allow_to_keep_room_longer_because_flight_cancelled,staff_allow_to_keep_room_longer_because_flight_cancelled,staff_fail_to_communicate_with_taxi,,,,No,No,,No
2126,no_evident_not_staff_allow_to_keep_room_longer_because_flight_cancelled,staff_allow_to_keep_room_longer_because_flight_cancelled,staff_fail_to_guest_request,,,,No,No,,No
2127,no_evident_not_staff_allow_to_keep_room_longer_because_flight_cancelled,staff_allow_to_keep_room_longer_because_flight_cancelled,staff_cannot_provide_double_bed,,,,No,No,,No
2128,no_evident_not_staff_allow_to_keep_room_longer_because_flight_cancelled,staff_allow_to_keep_room_longer_because_flight_cancelled,offended_staff,,,,No,No,,No
2129,no_evident_not_staff_allow_to_keep_room_longer_because_flight_cancelled,staff_allow_to_keep_room_longer_because_flight_cancelled,staff_not_justify_booking_issue,,,,No,No,,No
2130,no_evident_not_staff_allow_to_keep_room_longer_because_flight_cancelled,staff_allow_to_keep_room_longer_because_flight_cancelled,staff_charge_for_cancellation_while_no_cancellation_charge_in_Booking.com,,,,No,No,,No
2131,no_evident_not_staff_allow_to_keep_room_longer_because_flight_cancelled,staff_allow_to_keep_room_longer_because_flight_cancelled,staff_enforce_cancellation_charge,,,,No,No,,No
2132,no_evident_not_staff_allow_to_keep_room_longer_because_flight_cancelled,staff_allow_to_keep_room_longer_because_flight_cancelled,staff_mistakenly_throw_valuable_item_during_cleaning_service,,,,No,No,,No
2133,no_evident_not_staff_allow_to_keep_room_longer_because_flight_cancelled,staff_allow_to_keep_room_longer_because_flight_cancelled,staff_not_provide_good_solution,,,,Yes,Yes,,Yes
2134,no_evident_not_staff_allow_to_keep_room_longer_because_flight_cancelled,staff_allow_to_keep_room_longer_because_flight_cancelled,staff_has_unaceptable_manner,,,,No,No,,No
2135,no_evident_not_staff_allow_to_keep_room_longer_because_flight_cancelled,staff_allow_to_keep_room_longer_because_flight_cancelled,staff_not_speak_Cypriot_language,,,,No,No,,No
2136,no_evident_not_staff_allow_to_keep_room_longer_because_flight_cancelled,staff_allow_to_keep_room_longer_because_flight_cancelled,no_staff_at_night,,,,No,No,,No
2137,no_evident_not_staff_allow_to_keep_room_longer_because_flight_cancelled,staff_allow_to_keep_room_longer_because_flight_cancelled,staff_not_understand_English_well,,,,No,No,,No
2138,no_evident_not_staff_allow_to_keep_room_longer_because_flight_cancelled,staff_allow_to_keep_room_longer_because_flight_cancelled,staff_cannot_give_bus_to_airport_information,,,,No,No,,No
2139,no_evident_not_staff_allow_to_keep_room_longer_because_flight_cancelled,staff_allow_to_keep_room_longer_because_flight_cancelled,only_one_staff_wear_mask,,,,No,No,,No
2140,no_evident_not_staff_responsive_to_pre-arrival_question,staff_responsive_to_pre-arrival_question,staff_not_speak_English_properly,,,,No,No,,No
2141,no_evident_not_staff_responsive_to_pre-arrival_question,staff_responsive_to_pre-arrival_question,staff_clean_after_complaint,,,,No,No,,No
2142,no_evident_not_staff_responsive_to_pre-arrival_question,staff_responsive_to_pre-arrival_question,staff_should_learn_better_English,,,,No,No,,No
2143,no_evident_not_staff_responsive_to_pre-arrival_question,staff_responsive_to_pre-arrival_question,staff_need_improve_organization,,,,No,Yes,Yes,Yes
2144,no_evident_not_staff_responsive_to_pre-arrival_question,staff_responsive_to_pre-arrival_question,staff_need_improve_collaboration,,,,No,No,,No
2145,no_evident_not_staff_responsive_to_pre-arrival_question,staff_responsive_to_pre-arrival_question,staff_need_keep_update,,,,No,Yes,Yes,Yes
2146,no_evident_not_staff_responsive_to_pre-arrival_question,staff_responsive_to_pre-arrival_question,not_kind_staff,,,,Yes,No,Yes,Yes
2147,no_evident_not_staff_responsive_to_pre-arrival_question,staff_responsive_to_pre-arrival_question,no_empathy_staff,,,,Yes,No,No,No
2148,no_evident_not_staff_responsive_to_pre-arrival_question,staff_responsive_to_pre-arrival_question,staff_fail_to_communicate_with_taxi,,,,No,No,,No
2149,no_evident_not_staff_responsive_to_pre-arrival_question,staff_responsive_to_pre-arrival_question,staff_fail_to_guest_request,,,,Yes,No,Yes,Yes
2150,no_evident_not_staff_responsive_to_pre-arrival_question,staff_responsive_to_pre-arrival_question,staff_cannot_provide_double_bed,,,,No,No,,No
2151,no_evident_not_staff_responsive_to_pre-arrival_question,staff_responsive_to_pre-arrival_question,offended_staff,,,,No,No,,No
2152,no_evident_not_staff_responsive_to_pre-arrival_question,staff_responsive_to_pre-arrival_question,staff_not_justify_booking_issue,,,,No,No,,No
2153,no_evident_not_staff_responsive_to_pre-arrival_question,staff_responsive_to_pre-arrival_question,staff_charge_for_cancellation_while_no_cancellation_charge_in_Booking.com,,,,No,No,,No
2154,no_evident_not_staff_responsive_to_pre-arrival_question,staff_responsive_to_pre-arrival_question,staff_enforce_cancellation_charge,,,,No,No,,No
2155,no_evident_not_staff_responsive_to_pre-arrival_question,staff_responsive_to_pre-arrival_question,staff_mistakenly_throw_valuable_item_during_cleaning_service,,,,No,No,,No
2156,no_evident_not_staff_responsive_to_pre-arrival_question,staff_responsive_to_pre-arrival_question,staff_not_provide_good_solution,,,,Yes,No,Yes,Yes
2157,no_evident_not_staff_responsive_to_pre-arrival_question,staff_responsive_to_pre-arrival_question,staff_has_unaceptable_manner,,,,No,No,,No
2158,no_evident_not_staff_responsive_to_pre-arrival_question,staff_responsive_to_pre-arrival_question,staff_not_speak_Cypriot_language,,,,No,No,,No
2159,no_evident_not_staff_responsive_to_pre-arrival_question,staff_responsive_to_pre-arrival_question,no_staff_at_night,,,,No,No,,No
2160,no_evident_not_staff_responsive_to_pre-arrival_question,staff_responsive_to_pre-arrival_question,staff_not_understand_English_well,,,,No,No,,No
2161,no_evident_not_staff_responsive_to_pre-arrival_question,staff_responsive_to_pre-arrival_question,staff_cannot_give_bus_to_airport_information,,,,No,No,,No
2162,no_evident_not_staff_responsive_to_pre-arrival_question,staff_responsive_to_pre-arrival_question,only_one_staff_wear_mask,,,,No,No,,No
2163,no_evident_not_happy_to_help_with_Covid_restriction,happy_to_help_with_Covid_restriction,staff_not_speak_English_properly,,,,No,No,,No
2164,no_evident_not_happy_to_help_with_Covid_restriction,happy_to_help_with_Covid_restriction,staff_clean_after_complaint,,,,No,No,,No
2165,no_evident_not_happy_to_help_with_Covid_restriction,happy_to_help_with_Covid_restriction,staff_should_learn_better_English,,,,No,No,,No
2166,no_evident_not_happy_to_help_with_Covid_restriction,happy_to_help_with_Covid_restriction,staff_need_improve_organization,,,,No,No,,No
2167,no_evident_not_happy_to_help_with_Covid_restriction,happy_to_help_with_Covid_restriction,staff_need_improve_collaboration,,,,No,No,,No
2168,no_evident_not_happy_to_help_with_Covid_restriction,happy_to_help_with_Covid_restriction,staff_need_keep_update,,,,No,No,,No
2169,no_evident_not_happy_to_help_with_Covid_restriction,happy_to_help_with_Covid_restriction,not_kind_staff,,,,Yes,Yes,,Yes
2170,no_evident_not_happy_to_help_with_Covid_restriction,happy_to_help_with_Covid_restriction,no_empathy_staff,,,,Yes,Yes,,Yes
2171,no_evident_not_happy_to_help_with_Covid_restriction,happy_to_help_with_Covid_restriction,staff_fail_to_communicate_with_taxi,,,,No,No,,No
2172,no_evident_not_happy_to_help_with_Covid_restriction,happy_to_help_with_Covid_restriction,staff_fail_to_guest_request,,,,Yes,No,Yes,Yes
2173,no_evident_not_happy_to_help_with_Covid_restriction,happy_to_help_with_Covid_restriction,staff_cannot_provide_double_bed,,,,No,No,,No
2174,no_evident_not_happy_to_help_with_Covid_restriction,happy_to_help_with_Covid_restriction,offended_staff,,,,Yes,Yes,,Yes
2175,no_evident_not_happy_to_help_with_Covid_restriction,happy_to_help_with_Covid_restriction,staff_not_justify_booking_issue,,,,No,No,,No
2176,no_evident_not_happy_to_help_with_Covid_restriction,happy_to_help_with_Covid_restriction,staff_charge_for_cancellation_while_no_cancellation_charge_in_Booking.com,,,,No,No,,No
2177,no_evident_not_happy_to_help_with_Covid_restriction,happy_to_help_with_Covid_restriction,staff_enforce_cancellation_charge,,,,No,No,,No
2178,no_evident_not_happy_to_help_with_Covid_restriction,happy_to_help_with_Covid_restriction,staff_mistakenly_throw_valuable_item_during_cleaning_service,,,,No,No,,No
2179,no_evident_not_happy_to_help_with_Covid_restriction,happy_to_help_with_Covid_restriction,staff_not_provide_good_solution,,,,No,No,,No
2180,no_evident_not_happy_to_help_with_Covid_restriction,happy_to_help_with_Covid_restriction,staff_has_unaceptable_manner,,,,Yes,Yes,,Yes
2181,no_evident_not_happy_to_help_with_Covid_restriction,happy_to_help_with_Covid_restriction,staff_not_speak_Cypriot_language,,,,No,No,,No
2182,no_evident_not_happy_to_help_with_Covid_restriction,happy_to_help_with_Covid_restriction,no_staff_at_night,,,,No,No,,No
2183,no_evident_not_happy_to_help_with_Covid_restriction,happy_to_help_with_Covid_restriction,staff_not_understand_English_well,,,,No,No,,No
2184,no_evident_not_happy_to_help_with_Covid_restriction,happy_to_help_with_Covid_restriction,staff_cannot_give_bus_to_airport_information,,,,No,No,,No
2185,no_evident_not_happy_to_help_with_Covid_restriction,happy_to_help_with_Covid_restriction,only_one_staff_wear_mask,,,,Yes,No,Yes,Yes
2186,no_evident_not_felt_like_home_staff,felt_like_home_staff,staff_not_speak_English_properly,,,,No,No,,No
2187,no_evident_not_felt_like_home_staff,felt_like_home_staff,staff_clean_after_complaint,,,,No,No,,No
2188,no_evident_not_felt_like_home_staff,felt_like_home_staff,staff_should_learn_better_English,,,,No,No,,No
2189,no_evident_not_felt_like_home_staff,felt_like_home_staff,staff_need_improve_organization,,,,No,No,,No
2190,no_evident_not_felt_like_home_staff,felt_like_home_staff,staff_need_improve_collaboration,,,,No,No,,No
2191,no_evident_not_felt_like_home_staff,felt_like_home_staff,staff_need_keep_update,,,,No,No,,No
2192,no_evident_not_felt_like_home_staff,felt_like_home_staff,not_kind_staff,,,,Yes,Yes,,Yes
2193,no_evident_not_felt_like_home_staff,felt_like_home_staff,no_empathy_staff,,,,Yes,Yes,,Yes
2194,no_evident_not_felt_like_home_staff,felt_like_home_staff,staff_fail_to_communicate_with_taxi,,,,No,No,,No
2195,no_evident_not_felt_like_home_staff,felt_like_home_staff,staff_fail_to_guest_request,,,,No,No,,No
2196,no_evident_not_felt_like_home_staff,felt_like_home_staff,staff_cannot_provide_double_bed,,,,No,No,,No
2197,no_evident_not_felt_like_home_staff,felt_like_home_staff,offended_staff,,,,Yes,Yes,,Yes
2198,no_evident_not_felt_like_home_staff,felt_like_home_staff,staff_not_justify_booking_issue,,,,No,Yes,No,No
2199,no_evident_not_felt_like_home_staff,felt_like_home_staff,staff_charge_for_cancellation_while_no_cancellation_charge_in_Booking.com,,,,No,No,,No
2200,no_evident_not_felt_like_home_staff,felt_like_home_staff,staff_enforce_cancellation_charge,,,,No,No,,No
2201,no_evident_not_felt_like_home_staff,felt_like_home_staff,staff_mistakenly_throw_valuable_item_during_cleaning_service,,,,No,No,,No
2202,no_evident_not_felt_like_home_staff,felt_like_home_staff,staff_not_provide_good_solution,,,,No,No,,No
2203,no_evident_not_felt_like_home_staff,felt_like_home_staff,staff_has_unaceptable_manner,,,,Yes,Yes,,Yes
2204,no_evident_not_felt_like_home_staff,felt_like_home_staff,staff_not_speak_Cypriot_language,,,,No,No,,No
2205,no_evident_not_felt_like_home_staff,felt_like_home_staff,no_staff_at_night,,,,No,No,,No
2206,no_evident_not_felt_like_home_staff,felt_like_home_staff,staff_not_understand_English_well,,,,No,No,,No
2207,no_evident_not_felt_like_home_staff,felt_like_home_staff,staff_cannot_give_bus_to_airport_information,,,,No,No,,No
2208,no_evident_not_felt_like_home_staff,felt_like_home_staff,only_one_staff_wear_mask,,,,No,No,,No
2209,no_evident_not_staff_make_feel_like_home,staff_make_feel_like_home,staff_not_speak_English_properly,,,,No,No,,No
2210,no_evident_not_staff_make_feel_like_home,staff_make_feel_like_home,staff_clean_after_complaint,,,,No,No,,No
2211,no_evident_not_staff_make_feel_like_home,staff_make_feel_like_home,staff_should_learn_better_English,,,,No,No,,No
2212,no_evident_not_staff_make_feel_like_home,staff_make_feel_like_home,staff_need_improve_organization,,,,No,No,,No
2213,no_evident_not_staff_make_feel_like_home,staff_make_feel_like_home,staff_need_improve_collaboration,,,,No,No,,No
2214,no_evident_not_staff_make_feel_like_home,staff_make_feel_like_home,staff_need_keep_update,,,,No,No,,No
2215,no_evident_not_staff_make_feel_like_home,staff_make_feel_like_home,not_kind_staff,,,,Yes,Yes,,Yes
2216,no_evident_not_staff_make_feel_like_home,staff_make_feel_like_home,no_empathy_staff,,,,Yes,Yes,,Yes
2217,no_evident_not_staff_make_feel_like_home,staff_make_feel_like_home,staff_fail_to_communicate_with_taxi,,,,No,No,,No
2218,no_evident_not_staff_make_feel_like_home,staff_make_feel_like_home,staff_fail_to_guest_request,,,,No,No,,No
2219,no_evident_not_staff_make_feel_like_home,staff_make_feel_like_home,staff_cannot_provide_double_bed,,,,No,No,,No
2220,no_evident_not_staff_make_feel_like_home,staff_make_feel_like_home,offended_staff,,,,Yes,Yes,,Yes
2221,no_evident_not_staff_make_feel_like_home,staff_make_feel_like_home,staff_not_justify_booking_issue,,,,No,No,,No
2222,no_evident_not_staff_make_feel_like_home,staff_make_feel_like_home,staff_charge_for_cancellation_while_no_cancellation_charge_in_Booking.com,,,,No,No,,No
2223,no_evident_not_staff_make_feel_like_home,staff_make_feel_like_home,staff_enforce_cancellation_charge,,,,No,No,,No
2224,no_evident_not_staff_make_feel_like_home,staff_make_feel_like_home,staff_mistakenly_throw_valuable_item_during_cleaning_service,,,,No,No,,No
2225,no_evident_not_staff_make_feel_like_home,staff_make_feel_like_home,staff_not_provide_good_solution,,,,No,No,,No
2226,no_evident_not_staff_make_feel_like_home,staff_make_feel_like_home,staff_has_unaceptable_manner,,,,Yes,Yes,,Yes
2227,no_evident_not_staff_make_feel_like_home,staff_make_feel_like_home,staff_not_speak_Cypriot_language,,,,No,No,,No
2228,no_evident_not_staff_make_feel_like_home,staff_make_feel_like_home,no_staff_at_night,,,,No,No,,No
2229,no_evident_not_staff_make_feel_like_home,staff_make_feel_like_home,staff_not_understand_English_well,,,,No,No,,No
2230,no_evident_not_staff_make_feel_like_home,staff_make_feel_like_home,staff_cannot_give_bus_to_airport_information,,,,No,No,,No
2231,no_evident_not_staff_make_feel_like_home,staff_make_feel_like_home,only_one_staff_wear_mask,,,,No,No,,No
2232,no_evident_not_happy_to_help_any_situation,happy_to_help_any_situation,staff_not_speak_English_properly,,,,No,No,,No
2233,no_evident_not_happy_to_help_any_situation,happy_to_help_any_situation,staff_clean_after_complaint,,,,No,No,,No
2234,no_evident_not_happy_to_help_any_situation,happy_to_help_any_situation,staff_should_learn_better_English,,,,No,No,,No
2235,no_evident_not_happy_to_help_any_situation,happy_to_help_any_situation,staff_need_improve_organization,,,,No,No,,No
2236,no_evident_not_happy_to_help_any_situation,happy_to_help_any_situation,staff_need_improve_collaboration,,,,No,No,,No
2237,no_evident_not_happy_to_help_any_situation,happy_to_help_any_situation,staff_need_keep_update,,,,No,No,,No
2238,no_evident_not_happy_to_help_any_situation,happy_to_help_any_situation,not_kind_staff,,,,Yes,Yes,,Yes
2239,no_evident_not_happy_to_help_any_situation,happy_to_help_any_situation,no_empathy_staff,,,,Yes,Yes,,Yes
2240,no_evident_not_happy_to_help_any_situation,happy_to_help_any_situation,staff_fail_to_communicate_with_taxi,,,,No,No,,No
2241,no_evident_not_happy_to_help_any_situation,happy_to_help_any_situation,staff_fail_to_guest_request,,,,No,No,,No
2242,no_evident_not_happy_to_help_any_situation,happy_to_help_any_situation,staff_cannot_provide_double_bed,,,,No,No,,No
2243,no_evident_not_happy_to_help_any_situation,happy_to_help_any_situation,offended_staff,,,,Yes,Yes,,Yes
2244,no_evident_not_happy_to_help_any_situation,happy_to_help_any_situation,staff_not_justify_booking_issue,,,,Yes,No,Yes,Yes
2245,no_evident_not_happy_to_help_any_situation,happy_to_help_any_situation,staff_charge_for_cancellation_while_no_cancellation_charge_in_Booking.com,,,,No,No,,No
2246,no_evident_not_happy_to_help_any_situation,happy_to_help_any_situation,staff_enforce_cancellation_charge,,,,No,No,,No
2247,no_evident_not_happy_to_help_any_situation,happy_to_help_any_situation,staff_mistakenly_throw_valuable_item_during_cleaning_service,,,,No,No,,No
2248,no_evident_not_happy_to_help_any_situation,happy_to_help_any_situation,staff_not_provide_good_solution,,,,Yes,No,Yes,Yes
2249,no_evident_not_happy_to_help_any_situation,happy_to_help_any_situation,staff_has_unaceptable_manner,,,,Yes,Yes,,Yes
2250,no_evident_not_happy_to_help_any_situation,happy_to_help_any_situation,staff_not_speak_Cypriot_language,,,,No,No,,No
2251,no_evident_not_happy_to_help_any_situation,happy_to_help_any_situation,no_staff_at_night,,,,Yes,No,Yes,Yes
2252,no_evident_not_happy_to_help_any_situation,happy_to_help_any_situation,staff_not_understand_English_well,,,,No,No,,No
2253,no_evident_not_happy_to_help_any_situation,happy_to_help_any_situation,staff_cannot_give_bus_to_airport_information,,,,No,No,,No
2254,no_evident_not_happy_to_help_any_situation,happy_to_help_any_situation,only_one_staff_wear_mask,,,,No,No,,No
2255,no_evident_not_happy_to_help_any_question,happy_to_help_any_question,staff_not_speak_English_properly,,,,No,No,,No
2256,no_evident_not_happy_to_help_any_question,happy_to_help_any_question,staff_clean_after_complaint,,,,No,No,,No
2257,no_evident_not_happy_to_help_any_question,happy_to_help_any_question,staff_should_learn_better_English,,,,No,No,,No
2258,no_evident_not_happy_to_help_any_question,happy_to_help_any_question,staff_need_improve_organization,,,,No,No,,No
2259,no_evident_not_happy_to_help_any_question,happy_to_help_any_question,staff_need_improve_collaboration,,,,No,No,,No
2260,no_evident_not_happy_to_help_any_question,happy_to_help_any_question,staff_need_keep_update,,,,No,No,,No
2261,no_evident_not_happy_to_help_any_question,happy_to_help_any_question,not_kind_staff,,,,Yes,Yes,,Yes
2262,no_evident_not_happy_to_help_any_question,happy_to_help_any_question,no_empathy_staff,,,,Yes,Yes,,Yes
2263,no_evident_not_happy_to_help_any_question,happy_to_help_any_question,staff_fail_to_communicate_with_taxi,,,,No,No,,No
2264,no_evident_not_happy_to_help_any_question,happy_to_help_any_question,staff_fail_to_guest_request,,,,No,No,,No
2265,no_evident_not_happy_to_help_any_question,happy_to_help_any_question,staff_cannot_provide_double_bed,,,,No,No,,No
2266,no_evident_not_happy_to_help_any_question,happy_to_help_any_question,offended_staff,,,,Yes,Yes,,Yes
2267,no_evident_not_happy_to_help_any_question,happy_to_help_any_question,staff_not_justify_booking_issue,,,,Yes,No,Yes,Yes
2268,no_evident_not_happy_to_help_any_question,happy_to_help_any_question,staff_charge_for_cancellation_while_no_cancellation_charge_in_Booking.com,,,,No,No,,No
2269,no_evident_not_happy_to_help_any_question,happy_to_help_any_question,staff_enforce_cancellation_charge,,,,No,No,,No
2270,no_evident_not_happy_to_help_any_question,happy_to_help_any_question,staff_mistakenly_throw_valuable_item_during_cleaning_service,,,,No,No,,No
2271,no_evident_not_happy_to_help_any_question,happy_to_help_any_question,staff_not_provide_good_solution,,,,No,No,,No
2272,no_evident_not_happy_to_help_any_question,happy_to_help_any_question,staff_has_unaceptable_manner,,,,Yes,Yes,,Yes
2273,no_evident_not_happy_to_help_any_question,happy_to_help_any_question,staff_not_speak_Cypriot_language,,,,No,No,,No
2274,no_evident_not_happy_to_help_any_question,happy_to_help_any_question,no_staff_at_night,,,,Yes,No,No,No
2275,no_evident_not_happy_to_help_any_question,happy_to_help_any_question,staff_not_understand_English_well,,,,No,No,,No
2276,no_evident_not_happy_to_help_any_question,happy_to_help_any_question,staff_cannot_give_bus_to_airport_information,,,,No,No,,No
2277,no_evident_not_happy_to_help_any_question,happy_to_help_any_question,only_one_staff_wear_mask,,,,No,No,,No
2278,no_evident_not_staff_recommend_place_to_visit,staff_recommend_place_to_visit,staff_not_speak_English_properly,,,,No,No,,No
2279,no_evident_not_staff_recommend_place_to_visit,staff_recommend_place_to_visit,staff_clean_after_complaint,,,,No,No,,No
2280,no_evident_not_staff_recommend_place_to_visit,staff_recommend_place_to_visit,staff_should_learn_better_English,,,,No,No,,No
2281,no_evident_not_staff_recommend_place_to_visit,staff_recommend_place_to_visit,staff_need_improve_organization,,,,No,No,,No
2282,no_evident_not_staff_recommend_place_to_visit,staff_recommend_place_to_visit,staff_need_improve_collaboration,,,,No,No,,No
2283,no_evident_not_staff_recommend_place_to_visit,staff_recommend_place_to_visit,staff_need_keep_update,,,,No,No,,No
2284,no_evident_not_staff_recommend_place_to_visit,staff_recommend_place_to_visit,not_kind_staff,,,,Yes,Yes,,Yes
2285,no_evident_not_staff_recommend_place_to_visit,staff_recommend_place_to_visit,no_empathy_staff,,,,Yes,No,Yes,Yes
2286,no_evident_not_staff_recommend_place_to_visit,staff_recommend_place_to_visit,staff_fail_to_communicate_with_taxi,,,,No,No,,No
2287,no_evident_not_staff_recommend_place_to_visit,staff_recommend_place_to_visit,staff_fail_to_guest_request,,,,No,No,,No
2288,no_evident_not_staff_recommend_place_to_visit,staff_recommend_place_to_visit,staff_cannot_provide_double_bed,,,,No,No,,No
2289,no_evident_not_staff_recommend_place_to_visit,staff_recommend_place_to_visit,offended_staff,,,,No,Yes,Yes,Yes
2290,no_evident_not_staff_recommend_place_to_visit,staff_recommend_place_to_visit,staff_not_justify_booking_issue,,,,No,No,,No
2291,no_evident_not_staff_recommend_place_to_visit,staff_recommend_place_to_visit,staff_charge_for_cancellation_while_no_cancellation_charge_in_Booking.com,,,,No,No,,No
2292,no_evident_not_staff_recommend_place_to_visit,staff_recommend_place_to_visit,staff_enforce_cancellation_charge,,,,No,No,,No
2293,no_evident_not_staff_recommend_place_to_visit,staff_recommend_place_to_visit,staff_mistakenly_throw_valuable_item_during_cleaning_service,,,,No,No,,No
2294,no_evident_not_staff_recommend_place_to_visit,staff_recommend_place_to_visit,staff_not_provide_good_solution,,,,No,Yes,Yes,Yes
2295,no_evident_not_staff_recommend_place_to_visit,staff_recommend_place_to_visit,staff_has_unaceptable_manner,,,,No,Yes,Yes,Yes
2296,no_evident_not_staff_recommend_place_to_visit,staff_recommend_place_to_visit,staff_not_speak_Cypriot_language,,,,No,No,,No
2297,no_evident_not_staff_recommend_place_to_visit,staff_recommend_place_to_visit,no_staff_at_night,,,,No,Yes,No,No
2298,no_evident_not_staff_recommend_place_to_visit,staff_recommend_place_to_visit,staff_not_understand_English_well,,,,No,No,,No
2299,no_evident_not_staff_recommend_place_to_visit,staff_recommend_place_to_visit,staff_cannot_give_bus_to_airport_information,,,,No,No,,No
2300,no_evident_not_staff_recommend_place_to_visit,staff_recommend_place_to_visit,only_one_staff_wear_mask,,,,No,No,,No
2301,no_evident_not_easy_to_deal_with,easy_to_deal_with,staff_not_speak_English_properly,,,,No,Yes,Yes,Yes
2302,no_evident_not_easy_to_deal_with,easy_to_deal_with,staff_clean_after_complaint,,,,No,No,,No
2303,no_evident_not_easy_to_deal_with,easy_to_deal_with,staff_should_learn_better_English,,,,No,Yes,Yes,Yes
2304,no_evident_not_easy_to_deal_with,easy_to_deal_with,staff_need_improve_organization,,,,No,No,,No
2305,no_evident_not_easy_to_deal_with,easy_to_deal_with,staff_need_improve_collaboration,,,,No,No,,No
2306,no_evident_not_easy_to_deal_with,easy_to_deal_with,staff_need_keep_update,,,,No,Yes,Yes,Yes
2307,no_evident_not_easy_to_deal_with,easy_to_deal_with,not_kind_staff,,,,Yes,Yes,,Yes
2308,no_evident_not_easy_to_deal_with,easy_to_deal_with,no_empathy_staff,,,,Yes,Yes,,Yes
2309,no_evident_not_easy_to_deal_with,easy_to_deal_with,staff_fail_to_communicate_with_taxi,,,,No,Yes,Yes,Yes
2310,no_evident_not_easy_to_deal_with,easy_to_deal_with,staff_fail_to_guest_request,,,,No,Yes,Yes,Yes
2311,no_evident_not_easy_to_deal_with,easy_to_deal_with,staff_cannot_provide_double_bed,,,,No,No,,No
2312,no_evident_not_easy_to_deal_with,easy_to_deal_with,offended_staff,,,,Yes,Yes,,Yes
2313,no_evident_not_easy_to_deal_with,easy_to_deal_with,staff_not_justify_booking_issue,,,,Yes,Yes,,Yes
2314,no_evident_not_easy_to_deal_with,easy_to_deal_with,staff_charge_for_cancellation_while_no_cancellation_charge_in_Booking.com,,,,No,Yes,Yes,Yes
2315,no_evident_not_easy_to_deal_with,easy_to_deal_with,staff_enforce_cancellation_charge,,,,No,No,,No
2316,no_evident_not_easy_to_deal_with,easy_to_deal_with,staff_mistakenly_throw_valuable_item_during_cleaning_service,,,,No,No,,No
2317,no_evident_not_easy_to_deal_with,easy_to_deal_with,staff_not_provide_good_solution,,,,No,No,,No
2318,no_evident_not_easy_to_deal_with,easy_to_deal_with,staff_has_unaceptable_manner,,,,Yes,Yes,,Yes
2319,no_evident_not_easy_to_deal_with,easy_to_deal_with,staff_not_speak_Cypriot_language,,,,Yes,No,Yes,Yes
2320,no_evident_not_easy_to_deal_with,easy_to_deal_with,no_staff_at_night,,,,No,No,,No
2321,no_evident_not_easy_to_deal_with,easy_to_deal_with,staff_not_understand_English_well,,,,Yes,Yes,,Yes
2322,no_evident_not_easy_to_deal_with,easy_to_deal_with,staff_cannot_give_bus_to_airport_information,,,,No,No,,No
2323,no_evident_not_easy_to_deal_with,easy_to_deal_with,only_one_staff_wear_mask,,,,No,No,,No
2324,no_evident_not_gone_above_and_beyond_to_help_us,gone_above_and_beyond_to_help_us,staff_not_speak_English_properly,,,,Yes,No,Yes,Yes
2325,no_evident_not_gone_above_and_beyond_to_help_us,gone_above_and_beyond_to_help_us,staff_clean_after_complaint,,,,No,No,,No
2326,no_evident_not_gone_above_and_beyond_to_help_us,gone_above_and_beyond_to_help_us,staff_should_learn_better_English,,,,Yes,No,Yes,Yes
2327,no_evident_not_gone_above_and_beyond_to_help_us,gone_above_and_beyond_to_help_us,staff_need_improve_organization,,,,Yes,No,Yes,Yes
2328,no_evident_not_gone_above_and_beyond_to_help_us,gone_above_and_beyond_to_help_us,staff_need_improve_collaboration,,,,Yes,No,Yes,Yes
2329,no_evident_not_gone_above_and_beyond_to_help_us,gone_above_and_beyond_to_help_us,staff_need_keep_update,,,,Yes,No,Yes,Yes
2330,no_evident_not_gone_above_and_beyond_to_help_us,gone_above_and_beyond_to_help_us,not_kind_staff,,,,Yes,Yes,,Yes
2331,no_evident_not_gone_above_and_beyond_to_help_us,gone_above_and_beyond_to_help_us,no_empathy_staff,,,,Yes,Yes,,Yes
2332,no_evident_not_gone_above_and_beyond_to_help_us,gone_above_and_beyond_to_help_us,staff_fail_to_communicate_with_taxi,,,,Yes,No,Yes,Yes
2333,no_evident_not_gone_above_and_beyond_to_help_us,gone_above_and_beyond_to_help_us,staff_fail_to_guest_request,,,,Yes,No,Yes,Yes
2334,no_evident_not_gone_above_and_beyond_to_help_us,gone_above_and_beyond_to_help_us,staff_cannot_provide_double_bed,,,,Yes,No,Yes,Yes
2335,no_evident_not_gone_above_and_beyond_to_help_us,gone_above_and_beyond_to_help_us,offended_staff,,,,Yes,Yes,,Yes
2336,no_evident_not_gone_above_and_beyond_to_help_us,gone_above_and_beyond_to_help_us,staff_not_justify_booking_issue,,,,Yes,No,Yes,Yes
2337,no_evident_not_gone_above_and_beyond_to_help_us,gone_above_and_beyond_to_help_us,staff_charge_for_cancellation_while_no_cancellation_charge_in_Booking.com,,,,Yes,No,Yes,Yes
2338,no_evident_not_gone_above_and_beyond_to_help_us,gone_above_and_beyond_to_help_us,staff_enforce_cancellation_charge,,,,No,No,,No
2339,no_evident_not_gone_above_and_beyond_to_help_us,gone_above_and_beyond_to_help_us,staff_mistakenly_throw_valuable_item_during_cleaning_service,,,,No,No,,No
2340,no_evident_not_gone_above_and_beyond_to_help_us,gone_above_and_beyond_to_help_us,staff_not_provide_good_solution,,,,Yes,No,Yes,Yes
2341,no_evident_not_gone_above_and_beyond_to_help_us,gone_above_and_beyond_to_help_us,staff_has_unaceptable_manner,,,,Yes,Yes,,Yes
2342,no_evident_not_gone_above_and_beyond_to_help_us,gone_above_and_beyond_to_help_us,staff_not_speak_Cypriot_language,,,,Yes,No,Yes,Yes
2343,no_evident_not_gone_above_and_beyond_to_help_us,gone_above_and_beyond_to_help_us,no_staff_at_night,,,,Yes,No,Yes,Yes
2344,no_evident_not_gone_above_and_beyond_to_help_us,gone_above_and_beyond_to_help_us,staff_not_understand_English_well,,,,Yes,No,Yes,Yes
2345,no_evident_not_gone_above_and_beyond_to_help_us,gone_above_and_beyond_to_help_us,staff_cannot_give_bus_to_airport_information,,,,Yes,No,Yes,Yes
2346,no_evident_not_gone_above_and_beyond_to_help_us,gone_above_and_beyond_to_help_us,only_one_staff_wear_mask,,,,No,No,,No
2347,no_evident_not_staff_arrange_taxi_to_airport,staff_arrange_taxi_to_airport,staff_not_speak_English_properly,,,,No,No,,No
2348,no_evident_not_staff_arrange_taxi_to_airport,staff_arrange_taxi_to_airport,staff_clean_after_complaint,,,,No,No,,No
2349,no_evident_not_staff_arrange_taxi_to_airport,staff_arrange_taxi_to_airport,staff_should_learn_better_English,,,,No,No,,No
2350,no_evident_not_staff_arrange_taxi_to_airport,staff_arrange_taxi_to_airport,staff_need_improve_organization,,,,No,No,,No
2351,no_evident_not_staff_arrange_taxi_to_airport,staff_arrange_taxi_to_airport,staff_need_improve_collaboration,,,,No,No,,No
2352,no_evident_not_staff_arrange_taxi_to_airport,staff_arrange_taxi_to_airport,staff_need_keep_update,,,,No,No,,No
2353,no_evident_not_staff_arrange_taxi_to_airport,staff_arrange_taxi_to_airport,not_kind_staff,,,,Yes,No,No,No
2354,no_evident_not_staff_arrange_taxi_to_airport,staff_arrange_taxi_to_airport,no_empathy_staff,,,,Yes,No,No,No
2355,no_evident_not_staff_arrange_taxi_to_airport,staff_arrange_taxi_to_airport,staff_fail_to_communicate_with_taxi,,,,Yes,Yes,,Yes
2356,no_evident_not_staff_arrange_taxi_to_airport,staff_arrange_taxi_to_airport,staff_fail_to_guest_request,,,,No,No,,No
2357,no_evident_not_staff_arrange_taxi_to_airport,staff_arrange_taxi_to_airport,staff_cannot_provide_double_bed,,,,No,No,,No
2358,no_evident_not_staff_arrange_taxi_to_airport,staff_arrange_taxi_to_airport,offended_staff,,,,No,No,,No
2359,no_evident_not_staff_arrange_taxi_to_airport,staff_arrange_taxi_to_airport,staff_not_justify_booking_issue,,,,No,No,,No
2360,no_evident_not_staff_arrange_taxi_to_airport,staff_arrange_taxi_to_airport,staff_charge_for_cancellation_while_no_cancellation_charge_in_Booking.com,,,,No,No,,No
2361,no_evident_not_staff_arrange_taxi_to_airport,staff_arrange_taxi_to_airport,staff_enforce_cancellation_charge,,,,No,No,,No
2362,no_evident_not_staff_arrange_taxi_to_airport,staff_arrange_taxi_to_airport,staff_mistakenly_throw_valuable_item_during_cleaning_service,,,,No,No,,No
2363,no_evident_not_staff_arrange_taxi_to_airport,staff_arrange_taxi_to_airport,staff_not_provide_good_solution,,,,No,Yes,No,No
2364,no_evident_not_staff_arrange_taxi_to_airport,staff_arrange_taxi_to_airport,staff_has_unaceptable_manner,,,,No,No,,No
2365,no_evident_not_staff_arrange_taxi_to_airport,staff_arrange_taxi_to_airport,staff_not_speak_Cypriot_language,,,,No,No,,No
2366,no_evident_not_staff_arrange_taxi_to_airport,staff_arrange_taxi_to_airport,no_staff_at_night,,,,No,No,,No
2367,no_evident_not_staff_arrange_taxi_to_airport,staff_arrange_taxi_to_airport,staff_not_understand_English_well,,,,No,No,,No
2368,no_evident_not_staff_arrange_taxi_to_airport,staff_arrange_taxi_to_airport,staff_cannot_give_bus_to_airport_information,,,,No,No,,No
2369,no_evident_not_staff_arrange_taxi_to_airport,staff_arrange_taxi_to_airport,only_one_staff_wear_mask,,,,No,No,,No
2370,no_evident_not_alway_smile,alway_smile,staff_not_speak_English_properly,,,,No,No,,No
2371,no_evident_not_alway_smile,alway_smile,staff_clean_after_complaint,,,,No,No,,No
2372,no_evident_not_alway_smile,alway_smile,staff_should_learn_better_English,,,,No,No,,No
2373,no_evident_not_alway_smile,alway_smile,staff_need_improve_organization,,,,No,No,,No
2374,no_evident_not_alway_smile,alway_smile,staff_need_improve_collaboration,,,,No,No,,No
2375,no_evident_not_alway_smile,alway_smile,staff_need_keep_update,,,,No,No,,No
2376,no_evident_not_alway_smile,alway_smile,not_kind_staff,,,,Yes,Yes,,Yes
2377,no_evident_not_alway_smile,alway_smile,no_empathy_staff,,,,Yes,No,Yes,Yes
2378,no_evident_not_alway_smile,alway_smile,staff_fail_to_communicate_with_taxi,,,,No,No,,No
2379,no_evident_not_alway_smile,alway_smile,staff_fail_to_guest_request,,,,No,No,,No
2380,no_evident_not_alway_smile,alway_smile,staff_cannot_provide_double_bed,,,,No,No,,No
2381,no_evident_not_alway_smile,alway_smile,offended_staff,,,,Yes,Yes,,Yes
2382,no_evident_not_alway_smile,alway_smile,staff_not_justify_booking_issue,,,,No,No,,No
2383,no_evident_not_alway_smile,alway_smile,staff_charge_for_cancellation_while_no_cancellation_charge_in_Booking.com,,,,No,No,,No
2384,no_evident_not_alway_smile,alway_smile,staff_enforce_cancellation_charge,,,,No,No,,No
2385,no_evident_not_alway_smile,alway_smile,staff_mistakenly_throw_valuable_item_during_cleaning_service,,,,No,No,,No
2386,no_evident_not_alway_smile,alway_smile,staff_not_provide_good_solution,,,,No,No,,No
2387,no_evident_not_alway_smile,alway_smile,staff_has_unaceptable_manner,,,,Yes,Yes,,Yes
2388,no_evident_not_alway_smile,alway_smile,staff_not_speak_Cypriot_language,,,,No,No,,No
2389,no_evident_not_alway_smile,alway_smile,no_staff_at_night,,,,No,No,,No
2390,no_evident_not_alway_smile,alway_smile,staff_not_understand_English_well,,,,No,No,,No
2391,no_evident_not_alway_smile,alway_smile,staff_cannot_give_bus_to_airport_information,,,,No,No,,No
2392,no_evident_not_alway_smile,alway_smile,only_one_staff_wear_mask,,,,No,No,,No
2393,no_evident_not_glad_to_help,glad_to_help,staff_not_speak_English_properly,,,,No,No,,No
2394,no_evident_not_glad_to_help,glad_to_help,staff_clean_after_complaint,,,,No,No,,No
2395,no_evident_not_glad_to_help,glad_to_help,staff_should_learn_better_English,,,,No,No,,No
2396,no_evident_not_glad_to_help,glad_to_help,staff_need_improve_organization,,,,No,No,,No
2397,no_evident_not_glad_to_help,glad_to_help,staff_need_improve_collaboration,,,,No,No,,No
2398,no_evident_not_glad_to_help,glad_to_help,staff_need_keep_update,,,,No,No,,No
2399,no_evident_not_glad_to_help,glad_to_help,not_kind_staff,,,,No,Yes,Yes,Yes
2400,no_evident_not_glad_to_help,glad_to_help,no_empathy_staff,,,,Yes,Yes,,Yes
2401,no_evident_not_glad_to_help,glad_to_help,staff_fail_to_communicate_with_taxi,,,,No,No,,No
2402,no_evident_not_glad_to_help,glad_to_help,staff_fail_to_guest_request,,,,No,No,,No
2403,no_evident_not_glad_to_help,glad_to_help,staff_cannot_provide_double_bed,,,,No,No,,No
2404,no_evident_not_glad_to_help,glad_to_help,offended_staff,,,,Yes,Yes,,Yes
2405,no_evident_not_glad_to_help,glad_to_help,staff_not_justify_booking_issue,,,,No,No,,No
2406,no_evident_not_glad_to_help,glad_to_help,staff_charge_for_cancellation_while_no_cancellation_charge_in_Booking.com,,,,No,No,,No
2407,no_evident_not_glad_to_help,glad_to_help,staff_enforce_cancellation_charge,,,,No,No,,No
2408,no_evident_not_glad_to_help,glad_to_help,staff_mistakenly_throw_valuable_item_during_cleaning_service,,,,No,No,,No
2409,no_evident_not_glad_to_help,glad_to_help,staff_not_provide_good_solution,,,,No,No,,No
2410,no_evident_not_glad_to_help,glad_to_help,staff_has_unaceptable_manner,,,,Yes,Yes,,Yes
2411,no_evident_not_glad_to_help,glad_to_help,staff_not_speak_Cypriot_language,,,,No,No,,No
2412,no_evident_not_glad_to_help,glad_to_help,no_staff_at_night,,,,No,No,,No
2413,no_evident_not_glad_to_help,glad_to_help,staff_not_understand_English_well,,,,No,No,,No
2414,no_evident_not_glad_to_help,glad_to_help,staff_cannot_give_bus_to_airport_information,,,,No,No,,No
2415,no_evident_not_glad_to_help,glad_to_help,only_one_staff_wear_mask,,,,No,No,,No
2416,no_evident_not_fantastic_staff,fantastic_staff,staff_not_speak_English_properly,,,,Yes,No,Yes,Yes
2417,no_evident_not_fantastic_staff,fantastic_staff,staff_clean_after_complaint,,,,No,No,,No
2418,no_evident_not_fantastic_staff,fantastic_staff,staff_should_learn_better_English,,,,Yes,No,Yes,Yes
2419,no_evident_not_fantastic_staff,fantastic_staff,staff_need_improve_organization,,,,Yes,No,Yes,Yes
2420,no_evident_not_fantastic_staff,fantastic_staff,staff_need_improve_collaboration,,,,Yes,No,Yes,Yes
2421,no_evident_not_fantastic_staff,fantastic_staff,staff_need_keep_update,,,,Yes,No,Yes,Yes
2422,no_evident_not_fantastic_staff,fantastic_staff,not_kind_staff,,,,Yes,Yes,,Yes
2423,no_evident_not_fantastic_staff,fantastic_staff,no_empathy_staff,,,,Yes,Yes,,Yes
2424,no_evident_not_fantastic_staff,fantastic_staff,staff_fail_to_communicate_with_taxi,,,,Yes,Yes,,Yes
2425,no_evident_not_fantastic_staff,fantastic_staff,staff_fail_to_guest_request,,,,Yes,Yes,,Yes
2426,no_evident_not_fantastic_staff,fantastic_staff,staff_cannot_provide_double_bed,,,,Yes,No,Yes,Yes
2427,no_evident_not_fantastic_staff,fantastic_staff,offended_staff,,,,Yes,Yes,,Yes
2428,no_evident_not_fantastic_staff,fantastic_staff,staff_not_justify_booking_issue,,,,Yes,Yes,,Yes
2429,no_evident_not_fantastic_staff,fantastic_staff,staff_charge_for_cancellation_while_no_cancellation_charge_in_Booking.com,,,,Yes,Yes,,Yes
2430,no_evident_not_fantastic_staff,fantastic_staff,staff_enforce_cancellation_charge,,,,Yes,No,Yes,Yes
2431,no_evident_not_fantastic_staff,fantastic_staff,staff_mistakenly_throw_valuable_item_during_cleaning_service,,,,Yes,Yes,,Yes
2432,no_evident_not_fantastic_staff,fantastic_staff,staff_not_provide_good_solution,,,,Yes,Yes,,Yes
2433,no_evident_not_fantastic_staff,fantastic_staff,staff_has_unaceptable_manner,,,,Yes,Yes,,Yes
2434,no_evident_not_fantastic_staff,fantastic_staff,staff_not_speak_Cypriot_language,,,,Yes,No,Yes,Yes
2435,no_evident_not_fantastic_staff,fantastic_staff,no_staff_at_night,,,,Yes,No,Yes,Yes
2436,no_evident_not_fantastic_staff,fantastic_staff,staff_not_understand_English_well,,,,Yes,No,Yes,Yes
2437,no_evident_not_fantastic_staff,fantastic_staff,staff_cannot_give_bus_to_airport_information,,,,Yes,Yes,,Yes
2438,no_evident_not_fantastic_staff,fantastic_staff,only_one_staff_wear_mask,,,,Yes,No,No,No
2439,no_evident_not_quick_response_staff,quick_response_staff,staff_not_speak_English_properly,,,,No,No,,No
2440,no_evident_not_quick_response_staff,quick_response_staff,staff_clean_after_complaint,,,,No,No,,No
2441,no_evident_not_quick_response_staff,quick_response_staff,staff_should_learn_better_English,,,,No,No,,No
2442,no_evident_not_quick_response_staff,quick_response_staff,staff_need_improve_organization,,,,No,Yes,Yes,Yes
2443,no_evident_not_quick_response_staff,quick_response_staff,staff_need_improve_collaboration,,,,No,Yes,Yes,Yes
2444,no_evident_not_quick_response_staff,quick_response_staff,staff_need_keep_update,,,,No,No,,No
2445,no_evident_not_quick_response_staff,quick_response_staff,not_kind_staff,,,,Yes,No,Yes,Yes
2446,no_evident_not_quick_response_staff,quick_response_staff,no_empathy_staff,,,,Yes,No,Yes,Yes
2447,no_evident_not_quick_response_staff,quick_response_staff,staff_fail_to_communicate_with_taxi,,,,No,No,,No
2448,no_evident_not_quick_response_staff,quick_response_staff,staff_fail_to_guest_request,,,,No,No,,No
2449,no_evident_not_quick_response_staff,quick_response_staff,staff_cannot_provide_double_bed,,,,No,No,,No
2450,no_evident_not_quick_response_staff,quick_response_staff,offended_staff,,,,Yes,No,Yes,Yes
2451,no_evident_not_quick_response_staff,quick_response_staff,staff_not_justify_booking_issue,,,,Yes,No,Yes,Yes
2452,no_evident_not_quick_response_staff,quick_response_staff,staff_charge_for_cancellation_while_no_cancellation_charge_in_Booking.com,,,,Yes,No,No,No
2453,no_evident_not_quick_response_staff,quick_response_staff,staff_enforce_cancellation_charge,,,,No,No,,No
2454,no_evident_not_quick_response_staff,quick_response_staff,staff_mistakenly_throw_valuable_item_during_cleaning_service,,,,No,No,,No
2455,no_evident_not_quick_response_staff,quick_response_staff,staff_not_provide_good_solution,,,,No,No,,No
2456,no_evident_not_quick_response_staff,quick_response_staff,staff_has_unaceptable_manner,,,,No,No,,No
2457,no_evident_not_quick_response_staff,quick_response_staff,staff_not_speak_Cypriot_language,,,,No,No,,No
2458,no_evident_not_quick_response_staff,quick_response_staff,no_staff_at_night,,,,Yes,No,Yes,Yes
2459,no_evident_not_quick_response_staff,quick_response_staff,staff_not_understand_English_well,,,,Yes,No,No,No
2460,no_evident_not_quick_response_staff,quick_response_staff,staff_cannot_give_bus_to_airport_information,,,,No,No,,No
2461,no_evident_not_quick_response_staff,quick_response_staff,only_one_staff_wear_mask,,,,No,No,,No
2462,no_evident_not_flexible_to_our_schedule,flexible_to_our_schedule,staff_not_speak_English_properly,,,,No,No,,No
2463,no_evident_not_flexible_to_our_schedule,flexible_to_our_schedule,staff_clean_after_complaint,,,,No,No,,No
2464,no_evident_not_flexible_to_our_schedule,flexible_to_our_schedule,staff_should_learn_better_English,,,,No,No,,No
2465,no_evident_not_flexible_to_our_schedule,flexible_to_our_schedule,staff_need_improve_organization,,,,No,No,,No
2466,no_evident_not_flexible_to_our_schedule,flexible_to_our_schedule,staff_need_improve_collaboration,,,,No,No,,No
2467,no_evident_not_flexible_to_our_schedule,flexible_to_our_schedule,staff_need_keep_update,,,,No,No,,No
2468,no_evident_not_flexible_to_our_schedule,flexible_to_our_schedule,not_kind_staff,,,,No,No,,No
2469,no_evident_not_flexible_to_our_schedule,flexible_to_our_schedule,no_empathy_staff,,,,No,Yes,Yes,Yes
2470,no_evident_not_flexible_to_our_schedule,flexible_to_our_schedule,staff_fail_to_communicate_with_taxi,,,,No,No,,No
2471,no_evident_not_flexible_to_our_schedule,flexible_to_our_schedule,staff_fail_to_guest_request,,,,No,No,,No
2472,no_evident_not_flexible_to_our_schedule,flexible_to_our_schedule,staff_cannot_provide_double_bed,,,,No,No,,No
2473,no_evident_not_flexible_to_our_schedule,flexible_to_our_schedule,offended_staff,,,,No,No,,No
2474,no_evident_not_flexible_to_our_schedule,flexible_to_our_schedule,staff_not_justify_booking_issue,,,,No,No,,No
2475,no_evident_not_flexible_to_our_schedule,flexible_to_our_schedule,staff_charge_for_cancellation_while_no_cancellation_charge_in_Booking.com,,,,No,No,,No
2476,no_evident_not_flexible_to_our_schedule,flexible_to_our_schedule,staff_enforce_cancellation_charge,,,,No,No,,No
2477,no_evident_not_flexible_to_our_schedule,flexible_to_our_schedule,staff_mistakenly_throw_valuable_item_during_cleaning_service,,,,No,No,,No
2478,no_evident_not_flexible_to_our_schedule,flexible_to_our_schedule,staff_not_provide_good_solution,,,,No,Yes,Yes,Yes
2479,no_evident_not_flexible_to_our_schedule,flexible_to_our_schedule,staff_has_unaceptable_manner,,,,No,No,,No
2480,no_evident_not_flexible_to_our_schedule,flexible_to_our_schedule,staff_not_speak_Cypriot_language,,,,No,No,,No
2481,no_evident_not_flexible_to_our_schedule,flexible_to_our_schedule,no_staff_at_night,,,,No,No,,No
2482,no_evident_not_flexible_to_our_schedule,flexible_to_our_schedule,staff_not_understand_English_well,,,,No,No,,No
2483,no_evident_not_flexible_to_our_schedule,flexible_to_our_schedule,staff_cannot_give_bus_to_airport_information,,,,No,No,,No
2484,no_evident_not_flexible_to_our_schedule,flexible_to_our_schedule,only_one_staff_wear_mask,,,,No,No,,No
2485,no_evident_not_staff_wait_for_arrival_after_open_hour,staff_wait_for_arrival_after_open_hour,staff_not_speak_English_properly,,,,No,No,,No
2486,no_evident_not_staff_wait_for_arrival_after_open_hour,staff_wait_for_arrival_after_open_hour,staff_clean_after_complaint,,,,No,No,,No
2487,no_evident_not_staff_wait_for_arrival_after_open_hour,staff_wait_for_arrival_after_open_hour,staff_should_learn_better_English,,,,No,No,,No
2488,no_evident_not_staff_wait_for_arrival_after_open_hour,staff_wait_for_arrival_after_open_hour,staff_need_improve_organization,,,,No,No,,No
2489,no_evident_not_staff_wait_for_arrival_after_open_hour,staff_wait_for_arrival_after_open_hour,staff_need_improve_collaboration,,,,No,No,,No
2490,no_evident_not_staff_wait_for_arrival_after_open_hour,staff_wait_for_arrival_after_open_hour,staff_need_keep_update,,,,No,No,,No
2491,no_evident_not_staff_wait_for_arrival_after_open_hour,staff_wait_for_arrival_after_open_hour,not_kind_staff,,,,Yes,No,Yes,Yes
2492,no_evident_not_staff_wait_for_arrival_after_open_hour,staff_wait_for_arrival_after_open_hour,no_empathy_staff,,,,Yes,No,Yes,Yes
2493,no_evident_not_staff_wait_for_arrival_after_open_hour,staff_wait_for_arrival_after_open_hour,staff_fail_to_communicate_with_taxi,,,,No,No,,No
2494,no_evident_not_staff_wait_for_arrival_after_open_hour,staff_wait_for_arrival_after_open_hour,staff_fail_to_guest_request,,,,No,No,,No
2495,no_evident_not_staff_wait_for_arrival_after_open_hour,staff_wait_for_arrival_after_open_hour,staff_cannot_provide_double_bed,,,,No,No,,No
2496,no_evident_not_staff_wait_for_arrival_after_open_hour,staff_wait_for_arrival_after_open_hour,offended_staff,,,,No,No,,No
2497,no_evident_not_staff_wait_for_arrival_after_open_hour,staff_wait_for_arrival_after_open_hour,staff_not_justify_booking_issue,,,,No,No,,No
2498,no_evident_not_staff_wait_for_arrival_after_open_hour,staff_wait_for_arrival_after_open_hour,staff_charge_for_cancellation_while_no_cancellation_charge_in_Booking.com,,,,No,No,,No
2499,no_evident_not_staff_wait_for_arrival_after_open_hour,staff_wait_for_arrival_after_open_hour,staff_enforce_cancellation_charge,,,,No,No,,No
2500,no_evident_not_staff_wait_for_arrival_after_open_hour,staff_wait_for_arrival_after_open_hour,staff_mistakenly_throw_valuable_item_during_cleaning_service,,,,No,No,,No
2501,no_evident_not_staff_wait_for_arrival_after_open_hour,staff_wait_for_arrival_after_open_hour,staff_not_provide_good_solution,,,,No,No,,No
2502,no_evident_not_staff_wait_for_arrival_after_open_hour,staff_wait_for_arrival_after_open_hour,staff_has_unaceptable_manner,,,,No,No,,No
2503,no_evident_not_staff_wait_for_arrival_after_open_hour,staff_wait_for_arrival_after_open_hour,staff_not_speak_Cypriot_language,,,,No,No,,No
2504,no_evident_not_staff_wait_for_arrival_after_open_hour,staff_wait_for_arrival_after_open_hour,no_staff_at_night,,,,No,No,,No
2505,no_evident_not_staff_wait_for_arrival_after_open_hour,staff_wait_for_arrival_after_open_hour,staff_not_understand_English_well,,,,No,No,,No
2506,no_evident_not_staff_wait_for_arrival_after_open_hour,staff_wait_for_arrival_after_open_hour,staff_cannot_give_bus_to_airport_information,,,,No,No,,No
2507,no_evident_not_staff_wait_for_arrival_after_open_hour,staff_wait_for_arrival_after_open_hour,only_one_staff_wear_mask,,,,No,No,,No
2508,no_evident_not_staff_make_room_ready_early,staff_make_room_ready_early,staff_not_speak_English_properly,,,,No,No,,No
2509,no_evident_not_staff_make_room_ready_early,staff_make_room_ready_early,staff_clean_after_complaint,,,,No,No,,No
2510,no_evident_not_staff_make_room_ready_early,staff_make_room_ready_early,staff_should_learn_better_English,,,,No,No,,No
2511,no_evident_not_staff_make_room_ready_early,staff_make_room_ready_early,staff_need_improve_organization,,,,No,No,,No
2512,no_evident_not_staff_make_room_ready_early,staff_make_room_ready_early,staff_need_improve_collaboration,,,,No,No,,No
2513,no_evident_not_staff_make_room_ready_early,staff_make_room_ready_early,staff_need_keep_update,,,,No,No,,No
2514,no_evident_not_staff_make_room_ready_early,staff_make_room_ready_early,not_kind_staff,,,,No,No,,No
2515,no_evident_not_staff_make_room_ready_early,staff_make_room_ready_early,no_empathy_staff,,,,Yes,No,Yes,Yes
2516,no_evident_not_staff_make_room_ready_early,staff_make_room_ready_early,staff_fail_to_communicate_with_taxi,,,,No,No,,No
2517,no_evident_not_staff_make_room_ready_early,staff_make_room_ready_early,staff_fail_to_guest_request,,,,No,No,,No
2518,no_evident_not_staff_make_room_ready_early,staff_make_room_ready_early,staff_cannot_provide_double_bed,,,,No,No,,No
2519,no_evident_not_staff_make_room_ready_early,staff_make_room_ready_early,offended_staff,,,,No,No,,No
2520,no_evident_not_staff_make_room_ready_early,staff_make_room_ready_early,staff_not_justify_booking_issue,,,,No,No,,No
2521,no_evident_not_staff_make_room_ready_early,staff_make_room_ready_early,staff_charge_for_cancellation_while_no_cancellation_charge_in_Booking.com,,,,No,No,,No
2522,no_evident_not_staff_make_room_ready_early,staff_make_room_ready_early,staff_enforce_cancellation_charge,,,,No,No,,No
2523,no_evident_not_staff_make_room_ready_early,staff_make_room_ready_early,staff_mistakenly_throw_valuable_item_during_cleaning_service,,,,No,No,,No
2524,no_evident_not_staff_make_room_ready_early,staff_make_room_ready_early,staff_not_provide_good_solution,,,,No,No,,No
2525,no_evident_not_staff_make_room_ready_early,staff_make_room_ready_early,staff_has_unaceptable_manner,,,,No,Yes,No,No
2526,no_evident_not_staff_make_room_ready_early,staff_make_room_ready_early,staff_not_speak_Cypriot_language,,,,No,No,,No
2527,no_evident_not_staff_make_room_ready_early,staff_make_room_ready_early,no_staff_at_night,,,,No,No,,No
2528,no_evident_not_staff_make_room_ready_early,staff_make_room_ready_early,staff_not_understand_English_well,,,,No,No,,No
2529,no_evident_not_staff_make_room_ready_early,staff_make_room_ready_early,staff_cannot_give_bus_to_airport_information,,,,No,No,,No
2530,no_evident_not_staff_make_room_ready_early,staff_make_room_ready_early,only_one_staff_wear_mask,,,,No,No,,No
2531,no_evident_not_great_energy_staff,great_energy_staff,staff_not_speak_English_properly,,,,No,No,,No
2532,no_evident_not_great_energy_staff,great_energy_staff,staff_clean_after_complaint,,,,No,No,,No
2533,no_evident_not_great_energy_staff,great_energy_staff,staff_should_learn_better_English,,,,No,No,,No
2534,no_evident_not_great_energy_staff,great_energy_staff,staff_need_improve_organization,,,,No,No,,No
2535,no_evident_not_great_energy_staff,great_energy_staff,staff_need_improve_collaboration,,,,No,No,,No
2536,no_evident_not_great_energy_staff,great_energy_staff,staff_need_keep_update,,,,No,No,,No
2537,no_evident_not_great_energy_staff,great_energy_staff,not_kind_staff,,,,Yes,Yes,,Yes
2538,no_evident_not_great_energy_staff,great_energy_staff,no_empathy_staff,,,,Yes,Yes,,Yes
2539,no_evident_not_great_energy_staff,great_energy_staff,staff_fail_to_communicate_with_taxi,,,,No,No,,No
2540,no_evident_not_great_energy_staff,great_energy_staff,staff_fail_to_guest_request,,,,No,No,,No
2541,no_evident_not_great_energy_staff,great_energy_staff,staff_cannot_provide_double_bed,,,,No,No,,No
2542,no_evident_not_great_energy_staff,great_energy_staff,offended_staff,,,,Yes,Yes,,Yes
2543,no_evident_not_great_energy_staff,great_energy_staff,staff_not_justify_booking_issue,,,,No,No,,No
2544,no_evident_not_great_energy_staff,great_energy_staff,staff_charge_for_cancellation_while_no_cancellation_charge_in_Booking.com,,,,No,No,,No
2545,no_evident_not_great_energy_staff,great_energy_staff,staff_enforce_cancellation_charge,,,,No,No,,No
2546,no_evident_not_great_energy_staff,great_energy_staff,staff_mistakenly_throw_valuable_item_during_cleaning_service,,,,No,No,,No
2547,no_evident_not_great_energy_staff,great_energy_staff,staff_not_provide_good_solution,,,,No,No,,No
2548,no_evident_not_great_energy_staff,great_energy_staff,staff_has_unaceptable_manner,,,,Yes,Yes,,Yes
2549,no_evident_not_great_energy_staff,great_energy_staff,staff_not_speak_Cypriot_language,,,,No,No,,No
2550,no_evident_not_great_energy_staff,great_energy_staff,no_staff_at_night,,,,No,No,,No
2551,no_evident_not_great_energy_staff,great_energy_staff,staff_not_understand_English_well,,,,No,No,,No
2552,no_evident_not_great_energy_staff,great_energy_staff,staff_cannot_give_bus_to_airport_information,,,,No,No,,No
2553,no_evident_not_great_energy_staff,great_energy_staff,only_one_staff_wear_mask,,,,No,No,,No
2554,no_evident_not_staff_make_sure_we_had_great_stay,staff_make_sure_we_had_great_stay,staff_not_speak_English_properly,,,,No,No,,No
2555,no_evident_not_staff_make_sure_we_had_great_stay,staff_make_sure_we_had_great_stay,staff_clean_after_complaint,,,,No,No,,No
2556,no_evident_not_staff_make_sure_we_had_great_stay,staff_make_sure_we_had_great_stay,staff_should_learn_better_English,,,,No,No,,No
2557,no_evident_not_staff_make_sure_we_had_great_stay,staff_make_sure_we_had_great_stay,staff_need_improve_organization,,,,No,No,,No
2558,no_evident_not_staff_make_sure_we_had_great_stay,staff_make_sure_we_had_great_stay,staff_need_improve_collaboration,,,,No,No,,No
2559,no_evident_not_staff_make_sure_we_had_great_stay,staff_make_sure_we_had_great_stay,staff_need_keep_update,,,,No,No,,No
2560,no_evident_not_staff_make_sure_we_had_great_stay,staff_make_sure_we_had_great_stay,not_kind_staff,,,,Yes,Yes,,Yes
2561,no_evident_not_staff_make_sure_we_had_great_stay,staff_make_sure_we_had_great_stay,no_empathy_staff,,,,Yes,Yes,,Yes
2562,no_evident_not_staff_make_sure_we_had_great_stay,staff_make_sure_we_had_great_stay,staff_fail_to_communicate_with_taxi,,,,No,No,,No
2563,no_evident_not_staff_make_sure_we_had_great_stay,staff_make_sure_we_had_great_stay,staff_fail_to_guest_request,,,,No,Yes,Yes,Yes
2564,no_evident_not_staff_make_sure_we_had_great_stay,staff_make_sure_we_had_great_stay,staff_cannot_provide_double_bed,,,,No,No,,No
2565,no_evident_not_staff_make_sure_we_had_great_stay,staff_make_sure_we_had_great_stay,offended_staff,,,,No,Yes,Yes,Yes
2566,no_evident_not_staff_make_sure_we_had_great_stay,staff_make_sure_we_had_great_stay,staff_not_justify_booking_issue,,,,No,Yes,Yes,Yes
2567,no_evident_not_staff_make_sure_we_had_great_stay,staff_make_sure_we_had_great_stay,staff_charge_for_cancellation_while_no_cancellation_charge_in_Booking.com,,,,No,Yes,Yes,Yes
2568,no_evident_not_staff_make_sure_we_had_great_stay,staff_make_sure_we_had_great_stay,staff_enforce_cancellation_charge,,,,No,No,,No
2569,no_evident_not_staff_make_sure_we_had_great_stay,staff_make_sure_we_had_great_stay,staff_mistakenly_throw_valuable_item_during_cleaning_service,,,,No,No,,No
2570,no_evident_not_staff_make_sure_we_had_great_stay,staff_make_sure_we_had_great_stay,staff_not_provide_good_solution,,,,No,Yes,Yes,Yes
2571,no_evident_not_staff_make_sure_we_had_great_stay,staff_make_sure_we_had_great_stay,staff_has_unaceptable_manner,,,,No,Yes,Yes,Yes
2572,no_evident_not_staff_make_sure_we_had_great_stay,staff_make_sure_we_had_great_stay,staff_not_speak_Cypriot_language,,,,No,No,,No
2573,no_evident_not_staff_make_sure_we_had_great_stay,staff_make_sure_we_had_great_stay,no_staff_at_night,,,,No,Yes,Yes,Yes
2574,no_evident_not_staff_make_sure_we_had_great_stay,staff_make_sure_we_had_great_stay,staff_not_understand_English_well,,,,No,No,,No
2575,no_evident_not_staff_make_sure_we_had_great_stay,staff_make_sure_we_had_great_stay,staff_cannot_give_bus_to_airport_information,,,,No,No,,No
2576,no_evident_not_staff_make_sure_we_had_great_stay,staff_make_sure_we_had_great_stay,only_one_staff_wear_mask,,,,No,No,,No
2577,no_evident_not_customer-centric_staff,customer-centric_staff,staff_not_speak_English_properly,,,,No,No,,No
2578,no_evident_not_customer-centric_staff,customer-centric_staff,staff_clean_after_complaint,,,,No,No,,No
2579,no_evident_not_customer-centric_staff,customer-centric_staff,staff_should_learn_better_English,,,,No,No,,No
2580,no_evident_not_customer-centric_staff,customer-centric_staff,staff_need_improve_organization,,,,No,No,,No
2581,no_evident_not_customer-centric_staff,customer-centric_staff,staff_need_improve_collaboration,,,,No,No,,No
2582,no_evident_not_customer-centric_staff,customer-centric_staff,staff_need_keep_update,,,,No,No,,No
2583,no_evident_not_customer-centric_staff,customer-centric_staff,not_kind_staff,,,,Yes,Yes,,Yes
2584,no_evident_not_customer-centric_staff,customer-centric_staff,no_empathy_staff,,,,Yes,Yes,,Yes
2585,no_evident_not_customer-centric_staff,customer-centric_staff,staff_fail_to_communicate_with_taxi,,,,No,No,,No
2586,no_evident_not_customer-centric_staff,customer-centric_staff,staff_fail_to_guest_request,,,,No,Yes,Yes,Yes
2587,no_evident_not_customer-centric_staff,customer-centric_staff,staff_cannot_provide_double_bed,,,,No,No,,No
2588,no_evident_not_customer-centric_staff,customer-centric_staff,offended_staff,,,,No,Yes,Yes,Yes
2589,no_evident_not_customer-centric_staff,customer-centric_staff,staff_not_justify_booking_issue,,,,Yes,Yes,,Yes
2590,no_evident_not_customer-centric_staff,customer-centric_staff,staff_charge_for_cancellation_while_no_cancellation_charge_in_Booking.com,,,,No,Yes,Yes,Yes
2591,no_evident_not_customer-centric_staff,customer-centric_staff,staff_enforce_cancellation_charge,,,,No,No,,No
2592,no_evident_not_customer-centric_staff,customer-centric_staff,staff_mistakenly_throw_valuable_item_during_cleaning_service,,,,No,No,,No
2593,no_evident_not_customer-centric_staff,customer-centric_staff,staff_not_provide_good_solution,,,,Yes,No,Yes,Yes
2594,no_evident_not_customer-centric_staff,customer-centric_staff,staff_has_unaceptable_manner,,,,Yes,Yes,,Yes
2595,no_evident_not_customer-centric_staff,customer-centric_staff,staff_not_speak_Cypriot_language,,,,No,No,,No
2596,no_evident_not_customer-centric_staff,customer-centric_staff,no_staff_at_night,,,,Yes,No,Yes,Yes
2597,no_evident_not_customer-centric_staff,customer-centric_staff,staff_not_understand_English_well,,,,No,No,,No
2598,no_evident_not_customer-centric_staff,customer-centric_staff,staff_cannot_give_bus_to_airport_information,,,,Yes,No,Yes,Yes
2599,no_evident_not_customer-centric_staff,customer-centric_staff,only_one_staff_wear_mask,,,,No,No,,No
2600,no_evident_not_staff_give_free_room_upgrade,staff_give_free_room_upgrade,staff_not_speak_English_properly,,,,No,No,,No
2601,no_evident_not_staff_give_free_room_upgrade,staff_give_free_room_upgrade,staff_clean_after_complaint,,,,No,No,,No
2602,no_evident_not_staff_give_free_room_upgrade,staff_give_free_room_upgrade,staff_should_learn_better_English,,,,No,No,,No
2603,no_evident_not_staff_give_free_room_upgrade,staff_give_free_room_upgrade,staff_need_improve_organization,,,,No,No,,No
2604,no_evident_not_staff_give_free_room_upgrade,staff_give_free_room_upgrade,staff_need_improve_collaboration,,,,No,No,,No
2605,no_evident_not_staff_give_free_room_upgrade,staff_give_free_room_upgrade,staff_need_keep_update,,,,No,No,,No
2606,no_evident_not_staff_give_free_room_upgrade,staff_give_free_room_upgrade,not_kind_staff,,,,Yes,Yes,,Yes
2607,no_evident_not_staff_give_free_room_upgrade,staff_give_free_room_upgrade,no_empathy_staff,,,,Yes,No,No,No
2608,no_evident_not_staff_give_free_room_upgrade,staff_give_free_room_upgrade,staff_fail_to_communicate_with_taxi,,,,No,No,,No
2609,no_evident_not_staff_give_free_room_upgrade,staff_give_free_room_upgrade,staff_fail_to_guest_request,,,,No,No,,No
2610,no_evident_not_staff_give_free_room_upgrade,staff_give_free_room_upgrade,staff_cannot_provide_double_bed,,,,No,No,,No
2611,no_evident_not_staff_give_free_room_upgrade,staff_give_free_room_upgrade,offended_staff,,,,No,No,,No
2612,no_evident_not_staff_give_free_room_upgrade,staff_give_free_room_upgrade,staff_not_justify_booking_issue,,,,No,No,,No
2613,no_evident_not_staff_give_free_room_upgrade,staff_give_free_room_upgrade,staff_charge_for_cancellation_while_no_cancellation_charge_in_Booking.com,,,,No,No,,No
2614,no_evident_not_staff_give_free_room_upgrade,staff_give_free_room_upgrade,staff_enforce_cancellation_charge,,,,No,No,,No
2615,no_evident_not_staff_give_free_room_upgrade,staff_give_free_room_upgrade,staff_mistakenly_throw_valuable_item_during_cleaning_service,,,,No,No,,No
2616,no_evident_not_staff_give_free_room_upgrade,staff_give_free_room_upgrade,staff_not_provide_good_solution,,,,No,No,,No
2617,no_evident_not_staff_give_free_room_upgrade,staff_give_free_room_upgrade,staff_has_unaceptable_manner,,,,No,No,,No
2618,no_evident_not_staff_give_free_room_upgrade,staff_give_free_room_upgrade,staff_not_speak_Cypriot_language,,,,No,No,,No
2619,no_evident_not_staff_give_free_room_upgrade,staff_give_free_room_upgrade,no_staff_at_night,,,,No,Yes,No,No
2620,no_evident_not_staff_give_free_room_upgrade,staff_give_free_room_upgrade,staff_not_understand_English_well,,,,No,No,,No
2621,no_evident_not_staff_give_free_room_upgrade,staff_give_free_room_upgrade,staff_cannot_give_bus_to_airport_information,,,,No,No,,No
2622,no_evident_not_staff_give_free_room_upgrade,staff_give_free_room_upgrade,only_one_staff_wear_mask,,,,No,No,,No
2623,no_evident_not_staff_make_sure_we_had_everything,staff_make_sure_we_had_everything,staff_not_speak_English_properly,,,,No,No,,No
2624,no_evident_not_staff_make_sure_we_had_everything,staff_make_sure_we_had_everything,staff_clean_after_complaint,,,,No,No,,No
2625,no_evident_not_staff_make_sure_we_had_everything,staff_make_sure_we_had_everything,staff_should_learn_better_English,,,,No,No,,No
2626,no_evident_not_staff_make_sure_we_had_everything,staff_make_sure_we_had_everything,staff_need_improve_organization,,,,No,No,,No
2627,no_evident_not_staff_make_sure_we_had_everything,staff_make_sure_we_had_everything,staff_need_improve_collaboration,,,,No,No,,No
2628,no_evident_not_staff_make_sure_we_had_everything,staff_make_sure_we_had_everything,staff_need_keep_update,,,,No,No,,No
2629,no_evident_not_staff_make_sure_we_had_everything,staff_make_sure_we_had_everything,not_kind_staff,,,,Yes,No,Yes,Yes
2630,no_evident_not_staff_make_sure_we_had_everything,staff_make_sure_we_had_everything,no_empathy_staff,,,,Yes,No,Yes,Yes
2631,no_evident_not_staff_make_sure_we_had_everything,staff_make_sure_we_had_everything,staff_fail_to_communicate_with_taxi,,,,No,No,,No
2632,no_evident_not_staff_make_sure_we_had_everything,staff_make_sure_we_had_everything,staff_fail_to_guest_request,,,,No,Yes,Yes,Yes
2633,no_evident_not_staff_make_sure_we_had_everything,staff_make_sure_we_had_everything,staff_cannot_provide_double_bed,,,,No,Yes,Yes,Yes
2634,no_evident_not_staff_make_sure_we_had_everything,staff_make_sure_we_had_everything,offended_staff,,,,No,Yes,Yes,Yes
2635,no_evident_not_staff_make_sure_we_had_everything,staff_make_sure_we_had_everything,staff_not_justify_booking_issue,,,,No,No,,No
2636,no_evident_not_staff_make_sure_we_had_everything,staff_make_sure_we_had_everything,staff_charge_for_cancellation_while_no_cancellation_charge_in_Booking.com,,,,No,No,,No
2637,no_evident_not_staff_make_sure_we_had_everything,staff_make_sure_we_had_everything,staff_enforce_cancellation_charge,,,,No,No,,No
2638,no_evident_not_staff_make_sure_we_had_everything,staff_make_sure_we_had_everything,staff_mistakenly_throw_valuable_item_during_cleaning_service,,,,No,No,,No
2639,no_evident_not_staff_make_sure_we_had_everything,staff_make_sure_we_had_everything,staff_not_provide_good_solution,,,,No,Yes,No,No
2640,no_evident_not_staff_make_sure_we_had_everything,staff_make_sure_we_had_everything,staff_has_unaceptable_manner,,,,No,Yes,No,No
2641,no_evident_not_staff_make_sure_we_had_everything,staff_make_sure_we_had_everything,staff_not_speak_Cypriot_language,,,,No,No,,No
2642,no_evident_not_staff_make_sure_we_had_everything,staff_make_sure_we_had_everything,no_staff_at_night,,,,No,Yes,No,No
2643,no_evident_not_staff_make_sure_we_had_everything,staff_make_sure_we_had_everything,staff_not_understand_English_well,,,,No,No,,No
2644,no_evident_not_staff_make_sure_we_had_everything,staff_make_sure_we_had_everything,staff_cannot_give_bus_to_airport_information,,,,No,No,,No
2645,no_evident_not_staff_make_sure_we_had_everything,staff_make_sure_we_had_everything,only_one_staff_wear_mask,,,,No,No,,No
2646,no_evident_not_staff_help_any_possible_way,staff_help_any_possible_way,staff_not_speak_English_properly,,,,No,No,,No
2647,no_evident_not_staff_help_any_possible_way,staff_help_any_possible_way,staff_clean_after_complaint,,,,No,No,,No
2648,no_evident_not_staff_help_any_possible_way,staff_help_any_possible_way,staff_should_learn_better_English,,,,No,No,,No
2649,no_evident_not_staff_help_any_possible_way,staff_help_any_possible_way,staff_need_improve_organization,,,,No,No,,No
2650,no_evident_not_staff_help_any_possible_way,staff_help_any_possible_way,staff_need_improve_collaboration,,,,No,No,,No
2651,no_evident_not_staff_help_any_possible_way,staff_help_any_possible_way,staff_need_keep_update,,,,No,No,,No
2652,no_evident_not_staff_help_any_possible_way,staff_help_any_possible_way,not_kind_staff,,,,Yes,Yes,,Yes
2653,no_evident_not_staff_help_any_possible_way,staff_help_any_possible_way,no_empathy_staff,,,,Yes,Yes,,Yes
2654,no_evident_not_staff_help_any_possible_way,staff_help_any_possible_way,staff_fail_to_communicate_with_taxi,,,,No,Yes,Yes,Yes
2655,no_evident_not_staff_help_any_possible_way,staff_help_any_possible_way,staff_fail_to_guest_request,,,,No,Yes,Yes,Yes
2656,no_evident_not_staff_help_any_possible_way,staff_help_any_possible_way,staff_cannot_provide_double_bed,,,,No,Yes,Yes,Yes
2657,no_evident_not_staff_help_any_possible_way,staff_help_any_possible_way,offended_staff,,,,No,Yes,Yes,Yes
2658,no_evident_not_staff_help_any_possible_way,staff_help_any_possible_way,staff_not_justify_booking_issue,,,,Yes,Yes,,Yes
2659,no_evident_not_staff_help_any_possible_way,staff_help_any_possible_way,staff_charge_for_cancellation_while_no_cancellation_charge_in_Booking.com,,,,Yes,Yes,,Yes
2660,no_evident_not_staff_help_any_possible_way,staff_help_any_possible_way,staff_enforce_cancellation_charge,,,,No,No,,No
2661,no_evident_not_staff_help_any_possible_way,staff_help_any_possible_way,staff_mistakenly_throw_valuable_item_during_cleaning_service,,,,No,No,,No
2662,no_evident_not_staff_help_any_possible_way,staff_help_any_possible_way,staff_not_provide_good_solution,,,,Yes,Yes,,Yes
2663,no_evident_not_staff_help_any_possible_way,staff_help_any_possible_way,staff_has_unaceptable_manner,,,,No,Yes,Yes,Yes
2664,no_evident_not_staff_help_any_possible_way,staff_help_any_possible_way,staff_not_speak_Cypriot_language,,,,No,No,,No
2665,no_evident_not_staff_help_any_possible_way,staff_help_any_possible_way,no_staff_at_night,,,,No,Yes,Yes,Yes
2666,no_evident_not_staff_help_any_possible_way,staff_help_any_possible_way,staff_not_understand_English_well,,,,No,No,,No
2667,no_evident_not_staff_help_any_possible_way,staff_help_any_possible_way,staff_cannot_give_bus_to_airport_information,,,,No,Yes,Yes,Yes
2668,no_evident_not_staff_help_any_possible_way,staff_help_any_possible_way,only_one_staff_wear_mask,,,,No,No,,No
2669,no_evident_not_staff_take_to_room,staff_take_to_room,staff_not_speak_English_properly,,,,No,No,,No
2670,no_evident_not_staff_take_to_room,staff_take_to_room,staff_clean_after_complaint,,,,No,No,,No
2671,no_evident_not_staff_take_to_room,staff_take_to_room,staff_should_learn_better_English,,,,No,No,,No
2672,no_evident_not_staff_take_to_room,staff_take_to_room,staff_need_improve_organization,,,,No,No,,No
2673,no_evident_not_staff_take_to_room,staff_take_to_room,staff_need_improve_collaboration,,,,No,No,,No
2674,no_evident_not_staff_take_to_room,staff_take_to_room,staff_need_keep_update,,,,No,No,,No
2675,no_evident_not_staff_take_to_room,staff_take_to_room,not_kind_staff,,,,Yes,Yes,,Yes
2676,no_evident_not_staff_take_to_room,staff_take_to_room,no_empathy_staff,,,,Yes,No,Yes,Yes
2677,no_evident_not_staff_take_to_room,staff_take_to_room,staff_fail_to_communicate_with_taxi,,,,No,No,,No
2678,no_evident_not_staff_take_to_room,staff_take_to_room,staff_fail_to_guest_request,,,,No,No,,No
2679,no_evident_not_staff_take_to_room,staff_take_to_room,staff_cannot_provide_double_bed,,,,No,No,,No
2680,no_evident_not_staff_take_to_room,staff_take_to_room,offended_staff,,,,No,Yes,No,No
2681,no_evident_not_staff_take_to_room,staff_take_to_room,staff_not_justify_booking_issue,,,,No,No,,No
2682,no_evident_not_staff_take_to_room,staff_take_to_room,staff_charge_for_cancellation_while_no_cancellation_charge_in_Booking.com,,,,No,No,,No
2683,no_evident_not_staff_take_to_room,staff_take_to_room,staff_enforce_cancellation_charge,,,,No,No,,No
2684,no_evident_not_staff_take_to_room,staff_take_to_room,staff_mistakenly_throw_valuable_item_during_cleaning_service,,,,No,No,,No
2685,no_evident_not_staff_take_to_room,staff_take_to_room,staff_not_provide_good_solution,,,,No,No,,No
2686,no_evident_not_staff_take_to_room,staff_take_to_room,staff_has_unaceptable_manner,,,,No,Yes,Yes,Yes
2687,no_evident_not_staff_take_to_room,staff_take_to_room,staff_not_speak_Cypriot_language,,,,No,No,,No
2688,no_evident_not_staff_take_to_room,staff_take_to_room,no_staff_at_night,,,,Yes,Yes,,Yes
2689,no_evident_not_staff_take_to_room,staff_take_to_room,staff_not_understand_English_well,,,,No,No,,No
2690,no_evident_not_staff_take_to_room,staff_take_to_room,staff_cannot_give_bus_to_airport_information,,,,No,No,,No
2691,no_evident_not_staff_take_to_room,staff_take_to_room,only_one_staff_wear_mask,,,,No,No,,No
2692,no_evident_not_staff_give_prime_parking,staff_give_prime_parking,staff_not_speak_English_properly,,,,No,No,,No
2693,no_evident_not_staff_give_prime_parking,staff_give_prime_parking,staff_clean_after_complaint,,,,No,No,,No
2694,no_evident_not_staff_give_prime_parking,staff_give_prime_parking,staff_should_learn_better_English,,,,No,No,,No
2695,no_evident_not_staff_give_prime_parking,staff_give_prime_parking,staff_need_improve_organization,,,,No,No,,No
2696,no_evident_not_staff_give_prime_parking,staff_give_prime_parking,staff_need_improve_collaboration,,,,No,No,,No
2697,no_evident_not_staff_give_prime_parking,staff_give_prime_parking,staff_need_keep_update,,,,No,No,,No
2698,no_evident_not_staff_give_prime_parking,staff_give_prime_parking,not_kind_staff,,,,Yes,Yes,,Yes
2699,no_evident_not_staff_give_prime_parking,staff_give_prime_parking,no_empathy_staff,,,,Yes,Yes,,Yes
2700,no_evident_not_staff_give_prime_parking,staff_give_prime_parking,staff_fail_to_communicate_with_taxi,,,,No,No,,No
2701,no_evident_not_staff_give_prime_parking,staff_give_prime_parking,staff_fail_to_guest_request,,,,No,No,,No
2702,no_evident_not_staff_give_prime_parking,staff_give_prime_parking,staff_cannot_provide_double_bed,,,,No,No,,No
2703,no_evident_not_staff_give_prime_parking,staff_give_prime_parking,offended_staff,,,,No,No,,No
2704,no_evident_not_staff_give_prime_parking,staff_give_prime_parking,staff_not_justify_booking_issue,,,,No,No,,No
2705,no_evident_not_staff_give_prime_parking,staff_give_prime_parking,staff_charge_for_cancellation_while_no_cancellation_charge_in_Booking.com,,,,No,No,,No
2706,no_evident_not_staff_give_prime_parking,staff_give_prime_parking,staff_enforce_cancellation_charge,,,,No,No,,No
2707,no_evident_not_staff_give_prime_parking,staff_give_prime_parking,staff_mistakenly_throw_valuable_item_during_cleaning_service,,,,No,No,,No
2708,no_evident_not_staff_give_prime_parking,staff_give_prime_parking,staff_not_provide_good_solution,,,,No,Yes,Yes,Yes
2709,no_evident_not_staff_give_prime_parking,staff_give_prime_parking,staff_has_unaceptable_manner,,,,No,Yes,No,No
2710,no_evident_not_staff_give_prime_parking,staff_give_prime_parking,staff_not_speak_Cypriot_language,,,,No,No,,No
2711,no_evident_not_staff_give_prime_parking,staff_give_prime_parking,no_staff_at_night,,,,No,Yes,No,No
2712,no_evident_not_staff_give_prime_parking,staff_give_prime_parking,staff_not_understand_English_well,,,,No,No,,No
2713,no_evident_not_staff_give_prime_parking,staff_give_prime_parking,staff_cannot_give_bus_to_airport_information,,,,No,No,,No
2714,no_evident_not_staff_give_prime_parking,staff_give_prime_parking,only_one_staff_wear_mask,,,,No,No,,No
2715,no_evident_not_pleasing_staff,pleasing_staff,staff_not_speak_English_properly,,,,No,No,,No
2716,no_evident_not_pleasing_staff,pleasing_staff,staff_clean_after_complaint,,,,No,No,,No
2717,no_evident_not_pleasing_staff,pleasing_staff,staff_should_learn_better_English,,,,No,No,,No
2718,no_evident_not_pleasing_staff,pleasing_staff,staff_need_improve_organization,,,,No,No,,No
2719,no_evident_not_pleasing_staff,pleasing_staff,staff_need_improve_collaboration,,,,No,No,,No
2720,no_evident_not_pleasing_staff,pleasing_staff,staff_need_keep_update,,,,No,No,,No
2721,no_evident_not_pleasing_staff,pleasing_staff,not_kind_staff,,,,Yes,Yes,,Yes
2722,no_evident_not_pleasing_staff,pleasing_staff,no_empathy_staff,,,,Yes,Yes,,Yes
2723,no_evident_not_pleasing_staff,pleasing_staff,staff_fail_to_communicate_with_taxi,,,,No,No,,No
2724,no_evident_not_pleasing_staff,pleasing_staff,staff_fail_to_guest_request,,,,No,No,,No
2725,no_evident_not_pleasing_staff,pleasing_staff,staff_cannot_provide_double_bed,,,,No,No,,No
2726,no_evident_not_pleasing_staff,pleasing_staff,offended_staff,,,,Yes,Yes,,Yes
2727,no_evident_not_pleasing_staff,pleasing_staff,staff_not_justify_booking_issue,,,,Yes,No,Yes,Yes
2728,no_evident_not_pleasing_staff,pleasing_staff,staff_charge_for_cancellation_while_no_cancellation_charge_in_Booking.com,,,,Yes,No,Yes,Yes
2729,no_evident_not_pleasing_staff,pleasing_staff,staff_enforce_cancellation_charge,,,,No,No,,No
2730,no_evident_not_pleasing_staff,pleasing_staff,staff_mistakenly_throw_valuable_item_during_cleaning_service,,,,No,No,,No
2731,no_evident_not_pleasing_staff,pleasing_staff,staff_not_provide_good_solution,,,,No,No,,No
2732,no_evident_not_pleasing_staff,pleasing_staff,staff_has_unaceptable_manner,,,,Yes,Yes,,Yes
2733,no_evident_not_pleasing_staff,pleasing_staff,staff_not_speak_Cypriot_language,,,,No,No,,No
2734,no_evident_not_pleasing_staff,pleasing_staff,no_staff_at_night,,,,No,No,,No
2735,no_evident_not_pleasing_staff,pleasing_staff,staff_not_understand_English_well,,,,No,No,,No
2736,no_evident_not_pleasing_staff,pleasing_staff,staff_cannot_give_bus_to_airport_information,,,,No,No,,No
2737,no_evident_not_pleasing_staff,pleasing_staff,only_one_staff_wear_mask,,,,No,No,,No
2738,no_evident_not_good_communication,good_communication,staff_not_speak_English_properly,,,,Yes,No,Yes,Yes
2739,no_evident_not_good_communication,good_communication,staff_clean_after_complaint,,,,No,No,,No
2740,no_evident_not_good_communication,good_communication,staff_should_learn_better_English,,,,Yes,No,Yes,Yes
2741,no_evident_not_good_communication,good_communication,staff_need_improve_organization,,,,No,No,,No
2742,no_evident_not_good_communication,good_communication,staff_need_improve_collaboration,,,,No,No,,No
2743,no_evident_not_good_communication,good_communication,staff_need_keep_update,,,,No,No,,No
2744,no_evident_not_good_communication,good_communication,not_kind_staff,,,,Yes,No,No,No
2745,no_evident_not_good_communication,good_communication,no_empathy_staff,,,,Yes,No,No,No
2746,no_evident_not_good_communication,good_communication,staff_fail_to_communicate_with_taxi,,,,Yes,Yes,,Yes
2747,no_evident_not_good_communication,good_communication,staff_fail_to_guest_request,,,,Yes,No,No,No
2748,no_evident_not_good_communication,good_communication,staff_cannot_provide_double_bed,,,,No,No,,No
2749,no_evident_not_good_communication,good_communication,offended_staff,,,,No,No,,No
2750,no_evident_not_good_communication,good_communication,staff_not_justify_booking_issue,,,,No,No,,No
2751,no_evident_not_good_communication,good_communication,staff_charge_for_cancellation_while_no_cancellation_charge_in_Booking.com,,,,No,No,,No
2752,no_evident_not_good_communication,good_communication,staff_enforce_cancellation_charge,,,,No,No,,No
2753,no_evident_not_good_communication,good_communication,staff_mistakenly_throw_valuable_item_during_cleaning_service,,,,No,No,,No
2754,no_evident_not_good_communication,good_communication,staff_not_provide_good_solution,,,,No,No,,No
2755,no_evident_not_good_communication,good_communication,staff_has_unaceptable_manner,,,,No,No,,No
2756,no_evident_not_good_communication,good_communication,staff_not_speak_Cypriot_language,,,,Yes,No,Yes,Yes
2757,no_evident_not_good_communication,good_communication,no_staff_at_night,,,,No,No,,No
2758,no_evident_not_good_communication,good_communication,staff_not_understand_English_well,,,,Yes,No,Yes,Yes
2759,no_evident_not_good_communication,good_communication,staff_cannot_give_bus_to_airport_information,,,,No,No,,No
2760,no_evident_not_good_communication,good_communication,only_one_staff_wear_mask,,,,No,No,,No
2761,no_evident_not_staff_keen_to_please,staff_keen_to_please,staff_not_speak_English_properly,,,,No,No,,No
2762,no_evident_not_staff_keen_to_please,staff_keen_to_please,staff_clean_after_complaint,,,,No,No,,No
2763,no_evident_not_staff_keen_to_please,staff_keen_to_please,staff_should_learn_better_English,,,,No,No,,No
2764,no_evident_not_staff_keen_to_please,staff_keen_to_please,staff_need_improve_organization,,,,No,No,,No
2765,no_evident_not_staff_keen_to_please,staff_keen_to_please,staff_need_improve_collaboration,,,,No,No,,No
2766,no_evident_not_staff_keen_to_please,staff_keen_to_please,staff_need_keep_update,,,,No,No,,No
2767,no_evident_not_staff_keen_to_please,staff_keen_to_please,not_kind_staff,,,,Yes,Yes,,Yes
2768,no_evident_not_staff_keen_to_please,staff_keen_to_please,no_empathy_staff,,,,Yes,Yes,,Yes
2769,no_evident_not_staff_keen_to_please,staff_keen_to_please,staff_fail_to_communicate_with_taxi,,,,Yes,No,No,No
2770,no_evident_not_staff_keen_to_please,staff_keen_to_please,staff_fail_to_guest_request,,,,Yes,No,Yes,Yes
2771,no_evident_not_staff_keen_to_please,staff_keen_to_please,staff_cannot_provide_double_bed,,,,Yes,No,Yes,Yes
2772,no_evident_not_staff_keen_to_please,staff_keen_to_please,offended_staff,,,,Yes,Yes,,Yes
2773,no_evident_not_staff_keen_to_please,staff_keen_to_please,staff_not_justify_booking_issue,,,,Yes,Yes,,Yes
2774,no_evident_not_staff_keen_to_please,staff_keen_to_please,staff_charge_for_cancellation_while_no_cancellation_charge_in_Booking.com,,,,Yes,Yes,,Yes
2775,no_evident_not_staff_keen_to_please,staff_keen_to_please,staff_enforce_cancellation_charge,,,,Yes,No,No,No
2776,no_evident_not_staff_keen_to_please,staff_keen_to_please,staff_mistakenly_throw_valuable_item_during_cleaning_service,,,,Yes,No,No,No
2777,no_evident_not_staff_keen_to_please,staff_keen_to_please,staff_not_provide_good_solution,,,,Yes,Yes,,Yes
2778,no_evident_not_staff_keen_to_please,staff_keen_to_please,staff_has_unaceptable_manner,,,,Yes,Yes,,Yes
2779,no_evident_not_staff_keen_to_please,staff_keen_to_please,staff_not_speak_Cypriot_language,,,,Yes,No,No,No
2780,no_evident_not_staff_keen_to_please,staff_keen_to_please,no_staff_at_night,,,,Yes,Yes,,Yes
2781,no_evident_not_staff_keen_to_please,staff_keen_to_please,staff_not_understand_English_well,,,,No,No,,No
2782,no_evident_not_staff_keen_to_please,staff_keen_to_please,staff_cannot_give_bus_to_airport_information,,,,Yes,No,Yes,Yes
2783,no_evident_not_staff_keen_to_please,staff_keen_to_please,only_one_staff_wear_mask,,,,No,No,,No
2784,no_evident_not_brilliant_communication_prior_arrival,brilliant_communication_prior_arrival,staff_not_speak_English_properly,,,,Yes,No,Yes,Yes
2785,no_evident_not_brilliant_communication_prior_arrival,brilliant_communication_prior_arrival,staff_clean_after_complaint,,,,No,No,,No
2786,no_evident_not_brilliant_communication_prior_arrival,brilliant_communication_prior_arrival,staff_should_learn_better_English,,,,Yes,No,Yes,Yes
2787,no_evident_not_brilliant_communication_prior_arrival,brilliant_communication_prior_arrival,staff_need_improve_organization,,,,No,Yes,Yes,Yes
2788,no_evident_not_brilliant_communication_prior_arrival,brilliant_communication_prior_arrival,staff_need_improve_collaboration,,,,No,Yes,Yes,Yes
2789,no_evident_not_brilliant_communication_prior_arrival,brilliant_communication_prior_arrival,staff_need_keep_update,,,,No,No,,No
2790,no_evident_not_brilliant_communication_prior_arrival,brilliant_communication_prior_arrival,not_kind_staff,,,,Yes,No,Yes,Yes
2791,no_evident_not_brilliant_communication_prior_arrival,brilliant_communication_prior_arrival,no_empathy_staff,,,,Yes,No,Yes,Yes
2792,no_evident_not_brilliant_communication_prior_arrival,brilliant_communication_prior_arrival,staff_fail_to_communicate_with_taxi,,,,Yes,No,No,No
2793,no_evident_not_brilliant_communication_prior_arrival,brilliant_communication_prior_arrival,staff_fail_to_guest_request,,,,Yes,No,Yes,Yes
2794,no_evident_not_brilliant_communication_prior_arrival,brilliant_communication_prior_arrival,staff_cannot_provide_double_bed,,,,No,No,,No
2795,no_evident_not_brilliant_communication_prior_arrival,brilliant_communication_prior_arrival,offended_staff,,,,No,No,,No
2796,no_evident_not_brilliant_communication_prior_arrival,brilliant_communication_prior_arrival,staff_not_justify_booking_issue,,,,Yes,No,Yes,Yes
2797,no_evident_not_brilliant_communication_prior_arrival,brilliant_communication_prior_arrival,staff_charge_for_cancellation_while_no_cancellation_charge_in_Booking.com,,,,Yes,No,No,No
2798,no_evident_not_brilliant_communication_prior_arrival,brilliant_communication_prior_arrival,staff_enforce_cancellation_charge,,,,No,No,,No
2799,no_evident_not_brilliant_communication_prior_arrival,brilliant_communication_prior_arrival,staff_mistakenly_throw_valuable_item_during_cleaning_service,,,,No,No,,No
2800,no_evident_not_brilliant_communication_prior_arrival,brilliant_communication_prior_arrival,staff_not_provide_good_solution,,,,Yes,No,Yes,Yes
2801,no_evident_not_brilliant_communication_prior_arrival,brilliant_communication_prior_arrival,staff_has_unaceptable_manner,,,,Yes,No,Yes,Yes
2802,no_evident_not_brilliant_communication_prior_arrival,brilliant_communication_prior_arrival,staff_not_speak_Cypriot_language,,,,Yes,No,Yes,Yes
2803,no_evident_not_brilliant_communication_prior_arrival,brilliant_communication_prior_arrival,no_staff_at_night,,,,No,No,,No
2804,no_evident_not_brilliant_communication_prior_arrival,brilliant_communication_prior_arrival,staff_not_understand_English_well,,,,Yes,No,Yes,Yes
2805,no_evident_not_brilliant_communication_prior_arrival,brilliant_communication_prior_arrival,staff_cannot_give_bus_to_airport_information,,,,Yes,No,Yes,Yes
2806,no_evident_not_brilliant_communication_prior_arrival,brilliant_communication_prior_arrival,only_one_staff_wear_mask,,,,No,No,,No
2807,no_evident_not_staff_nothing_too_much_for_them,staff_nothing_too_much_for_them,staff_not_speak_English_properly,,,,No,No,,No
2808,no_evident_not_staff_nothing_too_much_for_them,staff_nothing_too_much_for_them,staff_clean_after_complaint,,,,No,No,,No
2809,no_evident_not_staff_nothing_too_much_for_them,staff_nothing_too_much_for_them,staff_should_learn_better_English,,,,No,No,,No
2810,no_evident_not_staff_nothing_too_much_for_them,staff_nothing_too_much_for_them,staff_need_improve_organization,,,,No,No,,No
2811,no_evident_not_staff_nothing_too_much_for_them,staff_nothing_too_much_for_them,staff_need_improve_collaboration,,,,No,No,,No
2812,no_evident_not_staff_nothing_too_much_for_them,staff_nothing_too_much_for_them,staff_need_keep_update,,,,No,No,,No
2813,no_evident_not_staff_nothing_too_much_for_them,staff_nothing_too_much_for_them,not_kind_staff,,,,Yes,No,Yes,Yes
2814,no_evident_not_staff_nothing_too_much_for_them,staff_nothing_too_much_for_them,no_empathy_staff,,,,Yes,No,Yes,Yes
2815,no_evident_not_staff_nothing_too_much_for_them,staff_nothing_too_much_for_them,staff_fail_to_communicate_with_taxi,,,,No,No,,No
2816,no_evident_not_staff_nothing_too_much_for_them,staff_nothing_too_much_for_them,staff_fail_to_guest_request,,,,No,No,,No
2817,no_evident_not_staff_nothing_too_much_for_them,staff_nothing_too_much_for_them,staff_cannot_provide_double_bed,,,,No,No,,No
2818,no_evident_not_staff_nothing_too_much_for_them,staff_nothing_too_much_for_them,offended_staff,,,,No,No,,No
2819,no_evident_not_staff_nothing_too_much_for_them,staff_nothing_too_much_for_them,staff_not_justify_booking_issue,,,,Yes,No,Yes,Yes
2820,no_evident_not_staff_nothing_too_much_for_them,staff_nothing_too_much_for_them,staff_charge_for_cancellation_while_no_cancellation_charge_in_Booking.com,,,,Yes,No,Yes,Yes
2821,no_evident_not_staff_nothing_too_much_for_them,staff_nothing_too_much_for_them,staff_enforce_cancellation_charge,,,,No,No,,No
2822,no_evident_not_staff_nothing_too_much_for_them,staff_nothing_too_much_for_them,staff_mistakenly_throw_valuable_item_during_cleaning_service,,,,No,No,,No
2823,no_evident_not_staff_nothing_too_much_for_them,staff_nothing_too_much_for_them,staff_not_provide_good_solution,,,,No,No,,No
2824,no_evident_not_staff_nothing_too_much_for_them,staff_nothing_too_much_for_them,staff_has_unaceptable_manner,,,,Yes,No,Yes,Yes
2825,no_evident_not_staff_nothing_too_much_for_them,staff_nothing_too_much_for_them,staff_not_speak_Cypriot_language,,,,No,No,,No
2826,no_evident_not_staff_nothing_too_much_for_them,staff_nothing_too_much_for_them,no_staff_at_night,,,,No,No,,No
2827,no_evident_not_staff_nothing_too_much_for_them,staff_nothing_too_much_for_them,staff_not_understand_English_well,,,,No,No,,No
2828,no_evident_not_staff_nothing_too_much_for_them,staff_nothing_too_much_for_them,staff_cannot_give_bus_to_airport_information,,,,Yes,No,Yes,Yes
2829,no_evident_not_staff_nothing_too_much_for_them,staff_nothing_too_much_for_them,only_one_staff_wear_mask,,,,No,No,,No
2830,no_evident_not_willing_to_help,willing_to_help,staff_not_speak_English_properly,,,,No,No,,No
2831,no_evident_not_willing_to_help,willing_to_help,staff_clean_after_complaint,,,,No,No,,No
2832,no_evident_not_willing_to_help,willing_to_help,staff_should_learn_better_English,,,,No,No,,No
2833,no_evident_not_willing_to_help,willing_to_help,staff_need_improve_organization,,,,No,No,,No
2834,no_evident_not_willing_to_help,willing_to_help,staff_need_improve_collaboration,,,,No,No,,No
2835,no_evident_not_willing_to_help,willing_to_help,staff_need_keep_update,,,,No,No,,No
2836,no_evident_not_willing_to_help,willing_to_help,not_kind_staff,,,,Yes,Yes,,Yes
2837,no_evident_not_willing_to_help,willing_to_help,no_empathy_staff,,,,Yes,Yes,,Yes
2838,no_evident_not_willing_to_help,willing_to_help,staff_fail_to_communicate_with_taxi,,,,No,No,,No
2839,no_evident_not_willing_to_help,willing_to_help,staff_fail_to_guest_request,,,,No,No,,No
2840,no_evident_not_willing_to_help,willing_to_help,staff_cannot_provide_double_bed,,,,No,No,,No
2841,no_evident_not_willing_to_help,willing_to_help,offended_staff,,,,Yes,Yes,,Yes
2842,no_evident_not_willing_to_help,willing_to_help,staff_not_justify_booking_issue,,,,Yes,Yes,,Yes
2843,no_evident_not_willing_to_help,willing_to_help,staff_charge_for_cancellation_while_no_cancellation_charge_in_Booking.com,,,,No,Yes,No,No
2844,no_evident_not_willing_to_help,willing_to_help,staff_enforce_cancellation_charge,,,,No,No,,No
2845,no_evident_not_willing_to_help,willing_to_help,staff_mistakenly_throw_valuable_item_during_cleaning_service,,,,No,No,,No
2846,no_evident_not_willing_to_help,willing_to_help,staff_not_provide_good_solution,,,,No,Yes,Yes,Yes
2847,no_evident_not_willing_to_help,willing_to_help,staff_has_unaceptable_manner,,,,No,Yes,Yes,Yes
2848,no_evident_not_willing_to_help,willing_to_help,staff_not_speak_Cypriot_language,,,,No,No,,No
2849,no_evident_not_willing_to_help,willing_to_help,no_staff_at_night,,,,No,No,,No
2850,no_evident_not_willing_to_help,willing_to_help,staff_not_understand_English_well,,,,No,No,,No
2851,no_evident_not_willing_to_help,willing_to_help,staff_cannot_give_bus_to_airport_information,,,,No,No,,No
2852,no_evident_not_willing_to_help,willing_to_help,only_one_staff_wear_mask,,,,No,No,,No
2853,no_evident_not_make_stay_enjoyable,make_stay_enjoyable,staff_not_speak_English_properly,,,,No,No,,No
2854,no_evident_not_make_stay_enjoyable,make_stay_enjoyable,staff_clean_after_complaint,,,,No,No,,No
2855,no_evident_not_make_stay_enjoyable,make_stay_enjoyable,staff_should_learn_better_English,,,,No,No,,No
2856,no_evident_not_make_stay_enjoyable,make_stay_enjoyable,staff_need_improve_organization,,,,No,No,,No
2857,no_evident_not_make_stay_enjoyable,make_stay_enjoyable,staff_need_improve_collaboration,,,,No,No,,No
2858,no_evident_not_make_stay_enjoyable,make_stay_enjoyable,staff_need_keep_update,,,,No,No,,No
2859,no_evident_not_make_stay_enjoyable,make_stay_enjoyable,not_kind_staff,,,,Yes,Yes,,Yes
2860,no_evident_not_make_stay_enjoyable,make_stay_enjoyable,no_empathy_staff,,,,Yes,Yes,,Yes
2861,no_evident_not_make_stay_enjoyable,make_stay_enjoyable,staff_fail_to_communicate_with_taxi,,,,No,No,,No
2862,no_evident_not_make_stay_enjoyable,make_stay_enjoyable,staff_fail_to_guest_request,,,,No,Yes,Yes,Yes
2863,no_evident_not_make_stay_enjoyable,make_stay_enjoyable,staff_cannot_provide_double_bed,,,,No,No,,No
2864,no_evident_not_make_stay_enjoyable,make_stay_enjoyable,offended_staff,,,,No,Yes,Yes,Yes
2865,no_evident_not_make_stay_enjoyable,make_stay_enjoyable,staff_not_justify_booking_issue,,,,Yes,Yes,,Yes
2866,no_evident_not_make_stay_enjoyable,make_stay_enjoyable,staff_charge_for_cancellation_while_no_cancellation_charge_in_Booking.com,,,,Yes,Yes,,Yes
2867,no_evident_not_make_stay_enjoyable,make_stay_enjoyable,staff_enforce_cancellation_charge,,,,No,No,,No
2868,no_evident_not_make_stay_enjoyable,make_stay_enjoyable,staff_mistakenly_throw_valuable_item_during_cleaning_service,,,,No,Yes,Yes,Yes
2869,no_evident_not_make_stay_enjoyable,make_stay_enjoyable,staff_not_provide_good_solution,,,,No,No,,No
2870,no_evident_not_make_stay_enjoyable,make_stay_enjoyable,staff_has_unaceptable_manner,,,,Yes,Yes,,Yes
2871,no_evident_not_make_stay_enjoyable,make_stay_enjoyable,staff_not_speak_Cypriot_language,,,,No,No,,No
2872,no_evident_not_make_stay_enjoyable,make_stay_enjoyable,no_staff_at_night,,,,No,No,,No
2873,no_evident_not_make_stay_enjoyable,make_stay_enjoyable,staff_not_understand_English_well,,,,No,No,,No
2874,no_evident_not_make_stay_enjoyable,make_stay_enjoyable,staff_cannot_give_bus_to_airport_information,,,,No,No,,No
2875,no_evident_not_make_stay_enjoyable,make_stay_enjoyable,only_one_staff_wear_mask,,,,No,No,,No
2876,no_evident_not_staff_ensure_our_stay_plesant,staff_ensure_our_stay_plesant,staff_not_speak_English_properly,,,,No,No,,No
2877,no_evident_not_staff_ensure_our_stay_plesant,staff_ensure_our_stay_plesant,staff_clean_after_complaint,,,,No,No,,No
2878,no_evident_not_staff_ensure_our_stay_plesant,staff_ensure_our_stay_plesant,staff_should_learn_better_English,,,,No,No,,No
2879,no_evident_not_staff_ensure_our_stay_plesant,staff_ensure_our_stay_plesant,staff_need_improve_organization,,,,No,No,,No
2880,no_evident_not_staff_ensure_our_stay_plesant,staff_ensure_our_stay_plesant,staff_need_improve_collaboration,,,,No,No,,No
2881,no_evident_not_staff_ensure_our_stay_plesant,staff_ensure_our_stay_plesant,staff_need_keep_update,,,,No,No,,No
2882,no_evident_not_staff_ensure_our_stay_plesant,staff_ensure_our_stay_plesant,not_kind_staff,,,,Yes,Yes,,Yes
2883,no_evident_not_staff_ensure_our_stay_plesant,staff_ensure_our_stay_plesant,no_empathy_staff,,,,Yes,Yes,,Yes
2884,no_evident_not_staff_ensure_our_stay_plesant,staff_ensure_our_stay_plesant,staff_fail_to_communicate_with_taxi,,,,No,No,,No
2885,no_evident_not_staff_ensure_our_stay_plesant,staff_ensure_our_stay_plesant,staff_fail_to_guest_request,,,,No,Yes,Yes,Yes
2886,no_evident_not_staff_ensure_our_stay_plesant,staff_ensure_our_stay_plesant,staff_cannot_provide_double_bed,,,,No,No,,No
2887,no_evident_not_staff_ensure_our_stay_plesant,staff_ensure_our_stay_plesant,offended_staff,,,,No,Yes,No,No
2888,no_evident_not_staff_ensure_our_stay_plesant,staff_ensure_our_stay_plesant,staff_not_justify_booking_issue,,,,No,Yes,Yes,Yes
2889,no_evident_not_staff_ensure_our_stay_plesant,staff_ensure_our_stay_plesant,staff_charge_for_cancellation_while_no_cancellation_charge_in_Booking.com,,,,No,Yes,Yes,Yes
2890,no_evident_not_staff_ensure_our_stay_plesant,staff_ensure_our_stay_plesant,staff_enforce_cancellation_charge,,,,No,No,,No
2891,no_evident_not_staff_ensure_our_stay_plesant,staff_ensure_our_stay_plesant,staff_mistakenly_throw_valuable_item_during_cleaning_service,,,,No,Yes,Yes,Yes
2892,no_evident_not_staff_ensure_our_stay_plesant,staff_ensure_our_stay_plesant,staff_not_provide_good_solution,,,,No,No,,No
2893,no_evident_not_staff_ensure_our_stay_plesant,staff_ensure_our_stay_plesant,staff_has_unaceptable_manner,,,,No,Yes,Yes,Yes
2894,no_evident_not_staff_ensure_our_stay_plesant,staff_ensure_our_stay_plesant,staff_not_speak_Cypriot_language,,,,No,No,,No
2895,no_evident_not_staff_ensure_our_stay_plesant,staff_ensure_our_stay_plesant,no_staff_at_night,,,,Yes,Yes,,Yes
2896,no_evident_not_staff_ensure_our_stay_plesant,staff_ensure_our_stay_plesant,staff_not_understand_English_well,,,,No,No,,No
2897,no_evident_not_staff_ensure_our_stay_plesant,staff_ensure_our_stay_plesant,staff_cannot_give_bus_to_airport_information,,,,No,No,,No
2898,no_evident_not_staff_ensure_our_stay_plesant,staff_ensure_our_stay_plesant,only_one_staff_wear_mask,,,,No,No,,No
2899,no_evident_not_great_hospitality_staff,great_hospitality_staff,staff_not_speak_English_properly,,,,No,No,,No
2900,no_evident_not_great_hospitality_staff,great_hospitality_staff,staff_clean_after_complaint,,,,No,No,,No
2901,no_evident_not_great_hospitality_staff,great_hospitality_staff,staff_should_learn_better_English,,,,No,No,,No
2902,no_evident_not_great_hospitality_staff,great_hospitality_staff,staff_need_improve_organization,,,,No,No,,No
2903,no_evident_not_great_hospitality_staff,great_hospitality_staff,staff_need_improve_collaboration,,,,No,No,,No
2904,no_evident_not_great_hospitality_staff,great_hospitality_staff,staff_need_keep_update,,,,No,No,,No
2905,no_evident_not_great_hospitality_staff,great_hospitality_staff,not_kind_staff,,,,Yes,Yes,,Yes
2906,no_evident_not_great_hospitality_staff,great_hospitality_staff,no_empathy_staff,,,,Yes,Yes,,Yes
2907,no_evident_not_great_hospitality_staff,great_hospitality_staff,staff_fail_to_communicate_with_taxi,,,,No,No,,No
2908,no_evident_not_great_hospitality_staff,great_hospitality_staff,staff_fail_to_guest_request,,,,No,No,,No
2909,no_evident_not_great_hospitality_staff,great_hospitality_staff,staff_cannot_provide_double_bed,,,,No,No,,No
2910,no_evident_not_great_hospitality_staff,great_hospitality_staff,offended_staff,,,,Yes,Yes,,Yes
2911,no_evident_not_great_hospitality_staff,great_hospitality_staff,staff_not_justify_booking_issue,,,,Yes,Yes,,Yes
2912,no_evident_not_great_hospitality_staff,great_hospitality_staff,staff_charge_for_cancellation_while_no_cancellation_charge_in_Booking.com,,,,Yes,Yes,,Yes
2913,no_evident_not_great_hospitality_staff,great_hospitality_staff,staff_enforce_cancellation_charge,,,,No,No,,No
2914,no_evident_not_great_hospitality_staff,great_hospitality_staff,staff_mistakenly_throw_valuable_item_during_cleaning_service,,,,No,No,,No
2915,no_evident_not_great_hospitality_staff,great_hospitality_staff,staff_not_provide_good_solution,,,,Yes,No,Yes,Yes
2916,no_evident_not_great_hospitality_staff,great_hospitality_staff,staff_has_unaceptable_manner,,,,Yes,Yes,,Yes
2917,no_evident_not_great_hospitality_staff,great_hospitality_staff,staff_not_speak_Cypriot_language,,,,No,No,,No
2918,no_evident_not_great_hospitality_staff,great_hospitality_staff,no_staff_at_night,,,,Yes,No,Yes,Yes
2919,no_evident_not_great_hospitality_staff,great_hospitality_staff,staff_not_understand_English_well,,,,No,No,,No
2920,no_evident_not_great_hospitality_staff,great_hospitality_staff,staff_cannot_give_bus_to_airport_information,,,,No,No,,No
2921,no_evident_not_great_hospitality_staff,great_hospitality_staff,only_one_staff_wear_mask,,,,No,No,,No
2922,no_evident_not_best_staff_ever,best_staff_ever,staff_not_speak_English_properly,,,,Yes,No,Yes,Yes
2923,no_evident_not_best_staff_ever,best_staff_ever,staff_clean_after_complaint,,,,No,No,,No
2924,no_evident_not_best_staff_ever,best_staff_ever,staff_should_learn_better_English,,,,Yes,No,Yes,Yes
2925,no_evident_not_best_staff_ever,best_staff_ever,staff_need_improve_organization,,,,Yes,Yes,,Yes
2926,no_evident_not_best_staff_ever,best_staff_ever,staff_need_improve_collaboration,,,,Yes,Yes,,Yes
2927,no_evident_not_best_staff_ever,best_staff_ever,staff_need_keep_update,,,,No,Yes,Yes,Yes
2928,no_evident_not_best_staff_ever,best_staff_ever,not_kind_staff,,,,Yes,Yes,,Yes
2929,no_evident_not_best_staff_ever,best_staff_ever,no_empathy_staff,,,,Yes,Yes,,Yes
2930,no_evident_not_best_staff_ever,best_staff_ever,staff_fail_to_communicate_with_taxi,,,,Yes,Yes,,Yes
2931,no_evident_not_best_staff_ever,best_staff_ever,staff_fail_to_guest_request,,,,Yes,Yes,,Yes
2932,no_evident_not_best_staff_ever,best_staff_ever,staff_cannot_provide_double_bed,,,,Yes,Yes,,Yes
2933,no_evident_not_best_staff_ever,best_staff_ever,offended_staff,,,,Yes,Yes,,Yes
2934,no_evident_not_best_staff_ever,best_staff_ever,staff_not_justify_booking_issue,,,,Yes,Yes,,Yes
2935,no_evident_not_best_staff_ever,best_staff_ever,staff_charge_for_cancellation_while_no_cancellation_charge_in_Booking.com,,,,Yes,Yes,,Yes
2936,no_evident_not_best_staff_ever,best_staff_ever,staff_enforce_cancellation_charge,,,,Yes,No,Yes,Yes
2937,no_evident_not_best_staff_ever,best_staff_ever,staff_mistakenly_throw_valuable_item_during_cleaning_service,,,,Yes,Yes,,Yes
2938,no_evident_not_best_staff_ever,best_staff_ever,staff_not_provide_good_solution,,,,Yes,Yes,,Yes
2939,no_evident_not_best_staff_ever,best_staff_ever,staff_has_unaceptable_manner,,,,Yes,Yes,,Yes
2940,no_evident_not_best_staff_ever,best_staff_ever,staff_not_speak_Cypriot_language,,,,Yes,No,Yes,Yes
2941,no_evident_not_best_staff_ever,best_staff_ever,no_staff_at_night,,,,Yes,No,Yes,Yes
2942,no_evident_not_best_staff_ever,best_staff_ever,staff_not_understand_English_well,,,,Yes,No,Yes,Yes
2943,no_evident_not_best_staff_ever,best_staff_ever,staff_cannot_give_bus_to_airport_information,,,,Yes,Yes,,Yes
2944,no_evident_not_best_staff_ever,best_staff_ever,only_one_staff_wear_mask,,,,Yes,No,No,No
2945,no_evident_not_pleased_by_staff,pleased_by_staff,staff_not_speak_English_properly,,,,No,No,,No
2946,no_evident_not_pleased_by_staff,pleased_by_staff,staff_clean_after_complaint,,,,No,No,,No
2947,no_evident_not_pleased_by_staff,pleased_by_staff,staff_should_learn_better_English,,,,No,No,,No
2948,no_evident_not_pleased_by_staff,pleased_by_staff,staff_need_improve_organization,,,,No,Yes,Yes,Yes
2949,no_evident_not_pleased_by_staff,pleased_by_staff,staff_need_improve_collaboration,,,,No,Yes,Yes,Yes
2950,no_evident_not_pleased_by_staff,pleased_by_staff,staff_need_keep_update,,,,No,Yes,Yes,Yes
2951,no_evident_not_pleased_by_staff,pleased_by_staff,not_kind_staff,,,,Yes,Yes,,Yes
2952,no_evident_not_pleased_by_staff,pleased_by_staff,no_empathy_staff,,,,Yes,Yes,,Yes
2953,no_evident_not_pleased_by_staff,pleased_by_staff,staff_fail_to_communicate_with_taxi,,,,No,Yes,Yes,Yes
2954,no_evident_not_pleased_by_staff,pleased_by_staff,staff_fail_to_guest_request,,,,Yes,Yes,,Yes
2955,no_evident_not_pleased_by_staff,pleased_by_staff,staff_cannot_provide_double_bed,,,,No,Yes,Yes,Yes
2956,no_evident_not_pleased_by_staff,pleased_by_staff,offended_staff,,,,No,Yes,Yes,Yes
2957,no_evident_not_pleased_by_staff,pleased_by_staff,staff_not_justify_booking_issue,,,,Yes,Yes,,Yes
2958,no_evident_not_pleased_by_staff,pleased_by_staff,staff_charge_for_cancellation_while_no_cancellation_charge_in_Booking.com,,,,Yes,Yes,,Yes
2959,no_evident_not_pleased_by_staff,pleased_by_staff,staff_enforce_cancellation_charge,,,,No,No,,No
2960,no_evident_not_pleased_by_staff,pleased_by_staff,staff_mistakenly_throw_valuable_item_during_cleaning_service,,,,Yes,Yes,,Yes
2961,no_evident_not_pleased_by_staff,pleased_by_staff,staff_not_provide_good_solution,,,,Yes,Yes,,Yes
2962,no_evident_not_pleased_by_staff,pleased_by_staff,staff_has_unaceptable_manner,,,,Yes,Yes,,Yes
2963,no_evident_not_pleased_by_staff,pleased_by_staff,staff_not_speak_Cypriot_language,,,,No,No,,No
2964,no_evident_not_pleased_by_staff,pleased_by_staff,no_staff_at_night,,,,Yes,No,No,No
2965,no_evident_not_pleased_by_staff,pleased_by_staff,staff_not_understand_English_well,,,,No,No,,No
2966,no_evident_not_pleased_by_staff,pleased_by_staff,staff_cannot_give_bus_to_airport_information,,,,No,Yes,Yes,Yes
2967,no_evident_not_pleased_by_staff,pleased_by_staff,only_one_staff_wear_mask,,,,No,No,,No
2968,no_evident_not_staff_help_with_taxi,staff_help_with_taxi,staff_not_speak_English_properly,,No,,No,No,,No
2969,no_evident_not_staff_help_with_taxi,staff_help_with_taxi,staff_clean_after_complaint,,No,,No,No,,No
2970,no_evident_not_staff_help_with_taxi,staff_help_with_taxi,staff_should_learn_better_English,,No,,No,No,,No
2971,no_evident_not_staff_help_with_taxi,staff_help_with_taxi,staff_need_improve_organization,,No,,No,No,,No
2972,no_evident_not_staff_help_with_taxi,staff_help_with_taxi,staff_need_improve_collaboration,,No,,No,No,,No
2973,no_evident_not_staff_help_with_taxi,staff_help_with_taxi,staff_need_keep_update,,No,,No,No,,No
2974,no_evident_not_staff_help_with_taxi,staff_help_with_taxi,not_kind_staff,,No,,No,No,,No
2975,no_evident_not_staff_help_with_taxi,staff_help_with_taxi,no_empathy_staff,,No,,No,No,,No
2976,no_evident_not_staff_help_with_taxi,staff_help_with_taxi,staff_fail_to_communicate_with_taxi,,Yes,,Yes,Yes,,Yes
2977,no_evident_not_staff_help_with_taxi,staff_help_with_taxi,staff_fail_to_guest_request,,No,,No,No,,No
2978,no_evident_not_staff_help_with_taxi,staff_help_with_taxi,staff_cannot_provide_double_bed,,No,,No,No,,No
2979,no_evident_not_staff_help_with_taxi,staff_help_with_taxi,offended_staff,,No,,No,No,,No
2980,no_evident_not_staff_help_with_taxi,staff_help_with_taxi,staff_not_justify_booking_issue,,No,,No,No,,No
2981,no_evident_not_staff_help_with_taxi,staff_help_with_taxi,staff_charge_for_cancellation_while_no_cancellation_charge_in_Booking.com,,No,,No,No,,No
2982,no_evident_not_staff_help_with_taxi,staff_help_with_taxi,staff_enforce_cancellation_charge,,No,,No,No,,No
2983,no_evident_not_staff_help_with_taxi,staff_help_with_taxi,staff_mistakenly_throw_valuable_item_during_cleaning_service,,No,,No,No,,No
2984,no_evident_not_staff_help_with_taxi,staff_help_with_taxi,staff_not_provide_good_solution,,No,,No,No,,No
2985,no_evident_not_staff_help_with_taxi,staff_help_with_taxi,staff_has_unaceptable_manner,,No,,No,No,,No
2986,no_evident_not_staff_help_with_taxi,staff_help_with_taxi,staff_not_speak_Cypriot_language,,No,,No,No,,No
2987,no_evident_not_staff_help_with_taxi,staff_help_with_taxi,no_staff_at_night,,No,,No,Yes,,No
2988,no_evident_not_staff_help_with_taxi,staff_help_with_taxi,staff_not_understand_English_well,,No,,No,No,,No
2989,no_evident_not_staff_help_with_taxi,staff_help_with_taxi,staff_cannot_give_bus_to_airport_information,,No,,No,No,,No
2990,no_evident_not_staff_help_with_taxi,staff_help_with_taxi,only_one_staff_wear_mask,,No,,No,No,,No
2991,no_evident_not_satisfied_service,satisfied_service,staff_not_speak_English_properly,,Yes,,Yes,No,,Yes
2992,no_evident_not_satisfied_service,satisfied_service,staff_clean_after_complaint,,Yes,,No,No,,No
2993,no_evident_not_satisfied_service,satisfied_service,staff_should_learn_better_English,,Yes,,Yes,No,,Yes
2994,no_evident_not_satisfied_service,satisfied_service,staff_need_improve_organization,,Yes,,Yes,Yes,,Yes
2995,no_evident_not_satisfied_service,satisfied_service,staff_need_improve_collaboration,,Yes,,Yes,Yes,,Yes
2996,no_evident_not_satisfied_service,satisfied_service,staff_need_keep_update,,Yes,,Yes,Yes,,Yes
2997,no_evident_not_satisfied_service,satisfied_service,not_kind_staff,,Yes,,Yes,Yes,,Yes
2998,no_evident_not_satisfied_service,satisfied_service,no_empathy_staff,,Yes,,Yes,Yes,,Yes
2999,no_evident_not_satisfied_service,satisfied_service,staff_fail_to_communicate_with_taxi,,Yes,,Yes,Yes,,Yes
3000,no_evident_not_satisfied_service,satisfied_service,staff_fail_to_guest_request,,Yes,,Yes,Yes,,Yes
3001,no_evident_not_satisfied_service,satisfied_service,staff_cannot_provide_double_bed,,Yes,,Yes,No,,Yes
3002,no_evident_not_satisfied_service,satisfied_service,offended_staff,,Yes,,Yes,Yes,,Yes
3003,no_evident_not_satisfied_service,satisfied_service,staff_not_justify_booking_issue,,Yes,,Yes,Yes,,Yes
3004,no_evident_not_satisfied_service,satisfied_service,staff_charge_for_cancellation_while_no_cancellation_charge_in_Booking.com,,Yes,,Yes,Yes,,Yes
3005,no_evident_not_satisfied_service,satisfied_service,staff_enforce_cancellation_charge,,Yes,,Yes,No,,Yes
3006,no_evident_not_satisfied_service,satisfied_service,staff_mistakenly_throw_valuable_item_during_cleaning_service,,Yes,,Yes,Yes,,Yes
3007,no_evident_not_satisfied_service,satisfied_service,staff_not_provide_good_solution,,Yes,,Yes,Yes,,Yes
3008,no_evident_not_satisfied_service,satisfied_service,staff_has_unaceptable_manner,,Yes,,Yes,Yes,,Yes
3009,no_evident_not_satisfied_service,satisfied_service,staff_not_speak_Cypriot_language,,Yes,,Yes,No,,Yes
3010,no_evident_not_satisfied_service,satisfied_service,no_staff_at_night,,Yes,,Yes,No,,Yes
3011,no_evident_not_satisfied_service,satisfied_service,staff_not_understand_English_well,,Yes,,Yes,No,,Yes
3012,no_evident_not_satisfied_service,satisfied_service,staff_cannot_give_bus_to_airport_information,,Yes,,Yes,Yes,,Yes
3013,no_evident_not_satisfied_service,satisfied_service,only_one_staff_wear_mask,,Yes,,No,No,,No
3014,no_evident_not_staff_facilitate_shuttle_service_from_airport,staff_facilitate_shuttle_service_from_airport,staff_not_speak_English_properly,,No,,No,No,,No
3015,no_evident_not_staff_facilitate_shuttle_service_from_airport,staff_facilitate_shuttle_service_from_airport,staff_clean_after_complaint,,No,,No,No,,No
3016,no_evident_not_staff_facilitate_shuttle_service_from_airport,staff_facilitate_shuttle_service_from_airport,staff_should_learn_better_English,,No,,No,No,,No
3017,no_evident_not_staff_facilitate_shuttle_service_from_airport,staff_facilitate_shuttle_service_from_airport,staff_need_improve_organization,,No,,No,No,,No
3018,no_evident_not_staff_facilitate_shuttle_service_from_airport,staff_facilitate_shuttle_service_from_airport,staff_need_improve_collaboration,,No,,No,No,,No
3019,no_evident_not_staff_facilitate_shuttle_service_from_airport,staff_facilitate_shuttle_service_from_airport,staff_need_keep_update,,No,,No,No,,No
3020,no_evident_not_staff_facilitate_shuttle_service_from_airport,staff_facilitate_shuttle_service_from_airport,not_kind_staff,,No,,No,No,,No
3021,no_evident_not_staff_facilitate_shuttle_service_from_airport,staff_facilitate_shuttle_service_from_airport,no_empathy_staff,,No,,No,No,,No
3022,no_evident_not_staff_facilitate_shuttle_service_from_airport,staff_facilitate_shuttle_service_from_airport,staff_fail_to_communicate_with_taxi,,No,,No,No,,No
3023,no_evident_not_staff_facilitate_shuttle_service_from_airport,staff_facilitate_shuttle_service_from_airport,staff_fail_to_guest_request,,No,,No,No,,No
3024,no_evident_not_staff_facilitate_shuttle_service_from_airport,staff_facilitate_shuttle_service_from_airport,staff_cannot_provide_double_bed,,No,,No,No,,No
3025,no_evident_not_staff_facilitate_shuttle_service_from_airport,staff_facilitate_shuttle_service_from_airport,offended_staff,,No,,No,No,,No
3026,no_evident_not_staff_facilitate_shuttle_service_from_airport,staff_facilitate_shuttle_service_from_airport,staff_not_justify_booking_issue,,No,,No,No,,No
3027,no_evident_not_staff_facilitate_shuttle_service_from_airport,staff_facilitate_shuttle_service_from_airport,staff_charge_for_cancellation_while_no_cancellation_charge_in_Booking.com,,No,,No,No,,No
3028,no_evident_not_staff_facilitate_shuttle_service_from_airport,staff_facilitate_shuttle_service_from_airport,staff_enforce_cancellation_charge,,No,,No,No,,No
3029,no_evident_not_staff_facilitate_shuttle_service_from_airport,staff_facilitate_shuttle_service_from_airport,staff_mistakenly_throw_valuable_item_during_cleaning_service,,No,,No,No,,No
3030,no_evident_not_staff_facilitate_shuttle_service_from_airport,staff_facilitate_shuttle_service_from_airport,staff_not_provide_good_solution,,No,,No,No,,No
3031,no_evident_not_staff_facilitate_shuttle_service_from_airport,staff_facilitate_shuttle_service_from_airport,staff_has_unaceptable_manner,,No,,No,No,,No
3032,no_evident_not_staff_facilitate_shuttle_service_from_airport,staff_facilitate_shuttle_service_from_airport,staff_not_speak_Cypriot_language,,No,,No,No,,No
3033,no_evident_not_staff_facilitate_shuttle_service_from_airport,staff_facilitate_shuttle_service_from_airport,no_staff_at_night,,No,,No,Yes,,No
3034,no_evident_not_staff_facilitate_shuttle_service_from_airport,staff_facilitate_shuttle_service_from_airport,staff_not_understand_English_well,,No,,No,No,,No
3035,no_evident_not_staff_facilitate_shuttle_service_from_airport,staff_facilitate_shuttle_service_from_airport,staff_cannot_give_bus_to_airport_information,,Yes,,Yes,Yes,,Yes
3036,no_evident_not_staff_facilitate_shuttle_service_from_airport,staff_facilitate_shuttle_service_from_airport,only_one_staff_wear_mask,,No,,No,No,,No
3037,no_evident_not_responsive_staff,responsive_staff,staff_not_speak_English_properly,,No,,No,No,,No
3038,no_evident_not_responsive_staff,responsive_staff,staff_clean_after_complaint,,No,,No,No,,No
3039,no_evident_not_responsive_staff,responsive_staff,staff_should_learn_better_English,,No,,No,No,,No
3040,no_evident_not_responsive_staff,responsive_staff,staff_need_improve_organization,,No,,No,No,,No
3041,no_evident_not_responsive_staff,responsive_staff,staff_need_improve_collaboration,,No,,No,No,,No
3042,no_evident_not_responsive_staff,responsive_staff,staff_need_keep_update,,No,,No,No,,No
3043,no_evident_not_responsive_staff,responsive_staff,not_kind_staff,,No,,No,No,,No
3044,no_evident_not_responsive_staff,responsive_staff,no_empathy_staff,,No,,Yes,No,,No
3045,no_evident_not_responsive_staff,responsive_staff,staff_fail_to_communicate_with_taxi,,No,,No,No,,No
3046,no_evident_not_responsive_staff,responsive_staff,staff_fail_to_guest_request,,No,,Yes,No,,No
3047,no_evident_not_responsive_staff,responsive_staff,staff_cannot_provide_double_bed,,No,,No,No,,No
3048,no_evident_not_responsive_staff,responsive_staff,offended_staff,,No,,No,No,,No
3049,no_evident_not_responsive_staff,responsive_staff,staff_not_justify_booking_issue,,No,,Yes,No,,No
3050,no_evident_not_responsive_staff,responsive_staff,staff_charge_for_cancellation_while_no_cancellation_charge_in_Booking.com,,No,,No,No,,No
3051,no_evident_not_responsive_staff,responsive_staff,staff_enforce_cancellation_charge,,No,,No,No,,No
3052,no_evident_not_responsive_staff,responsive_staff,staff_mistakenly_throw_valuable_item_during_cleaning_service,,No,,No,No,,No
3053,no_evident_not_responsive_staff,responsive_staff,staff_not_provide_good_solution,,No,,No,No,,No
3054,no_evident_not_responsive_staff,responsive_staff,staff_has_unaceptable_manner,,No,,No,No,,No
3055,no_evident_not_responsive_staff,responsive_staff,staff_not_speak_Cypriot_language,,No,,No,No,,No
3056,no_evident_not_responsive_staff,responsive_staff,no_staff_at_night,,No,,No,No,,No
3057,no_evident_not_responsive_staff,responsive_staff,staff_not_understand_English_well,,No,,No,No,,No
3058,no_evident_not_responsive_staff,responsive_staff,staff_cannot_give_bus_to_airport_information,,No,,No,No,,No
3059,no_evident_not_responsive_staff,responsive_staff,only_one_staff_wear_mask,,No,,No,No,,No
3060,no_evident_not_great_management,great_management,staff_not_speak_English_properly,,,,No,No,,No
3061,no_evident_not_great_management,great_management,staff_clean_after_complaint,,,,No,No,,No
3062,no_evident_not_great_management,great_management,staff_should_learn_better_English,,,,No,No,,No
3063,no_evident_not_great_management,great_management,staff_need_improve_organization,,,,Yes,Yes,,Yes
3064,no_evident_not_great_management,great_management,staff_need_improve_collaboration,,,,Yes,Yes,,Yes
3065,no_evident_not_great_management,great_management,staff_need_keep_update,,,,Yes,Yes,,Yes
3066,no_evident_not_great_management,great_management,not_kind_staff,,,,No,No,,No
3067,no_evident_not_great_management,great_management,no_empathy_staff,,,,No,No,,No
3068,no_evident_not_great_management,great_management,staff_fail_to_communicate_with_taxi,,,,No,No,,No
3069,no_evident_not_great_management,great_management,staff_fail_to_guest_request,,,,No,No,,No
3070,no_evident_not_great_management,great_management,staff_cannot_provide_double_bed,,,,No,No,,No
3071,no_evident_not_great_management,great_management,offended_staff,,,,No,No,,No
3072,no_evident_not_great_management,great_management,staff_not_justify_booking_issue,,,,No,No,,No
3073,no_evident_not_great_management,great_management,staff_charge_for_cancellation_while_no_cancellation_charge_in_Booking.com,,,,Yes,No,Yes,Yes
3074,no_evident_not_great_management,great_management,staff_enforce_cancellation_charge,,,,No,No,,No
3075,no_evident_not_great_management,great_management,staff_mistakenly_throw_valuable_item_during_cleaning_service,,,,No,No,,No
3076,no_evident_not_great_management,great_management,staff_not_provide_good_solution,,,,No,No,,No
3077,no_evident_not_great_management,great_management,staff_has_unaceptable_manner,,,,No,No,,No
3078,no_evident_not_great_management,great_management,staff_not_speak_Cypriot_language,,,,No,No,,No
3079,no_evident_not_great_management,great_management,no_staff_at_night,,,,No,No,,No
3080,no_evident_not_great_management,great_management,staff_not_understand_English_well,,,,No,No,,No
3081,no_evident_not_great_management,great_management,staff_cannot_give_bus_to_airport_information,,,,No,No,,No
3082,no_evident_not_great_management,great_management,only_one_staff_wear_mask,,,,No,No,,No
3083,no_evident_not_can_borrow_converter,can_borrow_converter,staff_not_speak_English_properly,,No,,No,No,,No
3084,no_evident_not_can_borrow_converter,can_borrow_converter,staff_clean_after_complaint,,No,,No,No,,No
3085,no_evident_not_can_borrow_converter,can_borrow_converter,staff_should_learn_better_English,,No,,No,No,,No
3086,no_evident_not_can_borrow_converter,can_borrow_converter,staff_need_improve_organization,,No,,No,No,,No
3087,no_evident_not_can_borrow_converter,can_borrow_converter,staff_need_improve_collaboration,,No,,No,No,,No
3088,no_evident_not_can_borrow_converter,can_borrow_converter,staff_need_keep_update,,No,,No,No,,No
3089,no_evident_not_can_borrow_converter,can_borrow_converter,not_kind_staff,,No,,Yes,Yes,,Yes
3090,no_evident_not_can_borrow_converter,can_borrow_converter,no_empathy_staff,,No,,Yes,Yes,,Yes
3091,no_evident_not_can_borrow_converter,can_borrow_converter,staff_fail_to_communicate_with_taxi,,No,,No,No,,No
3092,no_evident_not_can_borrow_converter,can_borrow_converter,staff_fail_to_guest_request,,No,,No,No,,No
3093,no_evident_not_can_borrow_converter,can_borrow_converter,staff_cannot_provide_double_bed,,No,,No,No,,No
3094,no_evident_not_can_borrow_converter,can_borrow_converter,offended_staff,,No,,No,No,,No
3095,no_evident_not_can_borrow_converter,can_borrow_converter,staff_not_justify_booking_issue,,No,,No,No,,No
3096,no_evident_not_can_borrow_converter,can_borrow_converter,staff_charge_for_cancellation_while_no_cancellation_charge_in_Booking.com,,No,,No,No,,No
3097,no_evident_not_can_borrow_converter,can_borrow_converter,staff_enforce_cancellation_charge,,No,,No,No,,No
3098,no_evident_not_can_borrow_converter,can_borrow_converter,staff_mistakenly_throw_valuable_item_during_cleaning_service,,No,,No,No,,No
3099,no_evident_not_can_borrow_converter,can_borrow_converter,staff_not_provide_good_solution,,No,,No,No,,No
3100,no_evident_not_can_borrow_converter,can_borrow_converter,staff_has_unaceptable_manner,,No,,No,No,,No
3101,no_evident_not_can_borrow_converter,can_borrow_converter,staff_not_speak_Cypriot_language,,No,,No,No,,No
3102,no_evident_not_can_borrow_converter,can_borrow_converter,no_staff_at_night,,No,,No,No,,No
3103,no_evident_not_can_borrow_converter,can_borrow_converter,staff_not_understand_English_well,,No,,No,No,,No
3104,no_evident_not_can_borrow_converter,can_borrow_converter,staff_cannot_give_bus_to_airport_information,,No,,No,No,,No
3105,no_evident_not_can_borrow_converter,can_borrow_converter,only_one_staff_wear_mask,,No,,No,No,,No
3106,no_evident_not_can_borrow_luggage_scale,can_borrow_luggage_scale,staff_not_speak_English_properly,,No,,No,No,,No
3107,no_evident_not_can_borrow_luggage_scale,can_borrow_luggage_scale,staff_clean_after_complaint,,No,,No,No,,No
3108,no_evident_not_can_borrow_luggage_scale,can_borrow_luggage_scale,staff_should_learn_better_English,,No,,No,No,,No
3109,no_evident_not_can_borrow_luggage_scale,can_borrow_luggage_scale,staff_need_improve_organization,,No,,No,No,,No
3110,no_evident_not_can_borrow_luggage_scale,can_borrow_luggage_scale,staff_need_improve_collaboration,,No,,No,No,,No
3111,no_evident_not_can_borrow_luggage_scale,can_borrow_luggage_scale,staff_need_keep_update,,No,,No,No,,No
3112,no_evident_not_can_borrow_luggage_scale,can_borrow_luggage_scale,not_kind_staff,,No,,Yes,Yes,,Yes
3113,no_evident_not_can_borrow_luggage_scale,can_borrow_luggage_scale,no_empathy_staff,,No,,Yes,Yes,,Yes
3114,no_evident_not_can_borrow_luggage_scale,can_borrow_luggage_scale,staff_fail_to_communicate_with_taxi,,No,,No,No,,No
3115,no_evident_not_can_borrow_luggage_scale,can_borrow_luggage_scale,staff_fail_to_guest_request,,No,,No,No,,No
3116,no_evident_not_can_borrow_luggage_scale,can_borrow_luggage_scale,staff_cannot_provide_double_bed,,No,,No,No,,No
3117,no_evident_not_can_borrow_luggage_scale,can_borrow_luggage_scale,offended_staff,,No,,No,No,,No
3118,no_evident_not_can_borrow_luggage_scale,can_borrow_luggage_scale,staff_not_justify_booking_issue,,No,,No,No,,No
3119,no_evident_not_can_borrow_luggage_scale,can_borrow_luggage_scale,staff_charge_for_cancellation_while_no_cancellation_charge_in_Booking.com,,No,,No,No,,No
3120,no_evident_not_can_borrow_luggage_scale,can_borrow_luggage_scale,staff_enforce_cancellation_charge,,No,,No,No,,No
3121,no_evident_not_can_borrow_luggage_scale,can_borrow_luggage_scale,staff_mistakenly_throw_valuable_item_during_cleaning_service,,No,,No,No,,No
3122,no_evident_not_can_borrow_luggage_scale,can_borrow_luggage_scale,staff_not_provide_good_solution,,No,,No,No,,No
3123,no_evident_not_can_borrow_luggage_scale,can_borrow_luggage_scale,staff_has_unaceptable_manner,,No,,No,No,,No
3124,no_evident_not_can_borrow_luggage_scale,can_borrow_luggage_scale,staff_not_speak_Cypriot_language,,No,,No,No,,No
3125,no_evident_not_can_borrow_luggage_scale,can_borrow_luggage_scale,no_staff_at_night,,No,,No,No,,No
3126,no_evident_not_can_borrow_luggage_scale,can_borrow_luggage_scale,staff_not_understand_English_well,,No,,No,No,,No
3127,no_evident_not_can_borrow_luggage_scale,can_borrow_luggage_scale,staff_cannot_give_bus_to_airport_information,,No,,No,No,,No
3128,no_evident_not_can_borrow_luggage_scale,can_borrow_luggage_scale,only_one_staff_wear_mask,,No,,No,No,,No
3129,no_evident_not_effective_staff,effective_staff,staff_not_speak_English_properly,,,,Yes,Yes,,Yes
3130,no_evident_not_effective_staff,effective_staff,staff_clean_after_complaint,,,,No,No,,No
3131,no_evident_not_effective_staff,effective_staff,staff_should_learn_better_English,,,,Yes,Yes,,Yes
3132,no_evident_not_effective_staff,effective_staff,staff_need_improve_organization,,,,Yes,Yes,,Yes
3133,no_evident_not_effective_staff,effective_staff,staff_need_improve_collaboration,,,,Yes,Yes,,Yes
3134,no_evident_not_effective_staff,effective_staff,staff_need_keep_update,,,,Yes,Yes,,Yes
3135,no_evident_not_effective_staff,effective_staff,not_kind_staff,,,,No,Yes,Yes,Yes
3136,no_evident_not_effective_staff,effective_staff,no_empathy_staff,,,,No,Yes,Yes,Yes
3137,no_evident_not_effective_staff,effective_staff,staff_fail_to_communicate_with_taxi,,,,Yes,Yes,,Yes
3138,no_evident_not_effective_staff,effective_staff,staff_fail_to_guest_request,,,,Yes,Yes,,Yes
3139,no_evident_not_effective_staff,effective_staff,staff_cannot_provide_double_bed,,,,No,Yes,Yes,Yes
3140,no_evident_not_effective_staff,effective_staff,offended_staff,,,,No,Yes,Yes,Yes
3141,no_evident_not_effective_staff,effective_staff,staff_not_justify_booking_issue,,,,Yes,Yes,,Yes
3142,no_evident_not_effective_staff,effective_staff,staff_charge_for_cancellation_while_no_cancellation_charge_in_Booking.com,,,,Yes,Yes,,Yes
3143,no_evident_not_effective_staff,effective_staff,staff_enforce_cancellation_charge,,,,No,No,,No
3144,no_evident_not_effective_staff,effective_staff,staff_mistakenly_throw_valuable_item_during_cleaning_service,,,,Yes,Yes,,Yes
3145,no_evident_not_effective_staff,effective_staff,staff_not_provide_good_solution,,,,Yes,Yes,,Yes
3146,no_evident_not_effective_staff,effective_staff,staff_has_unaceptable_manner,,,,Yes,Yes,,Yes
3147,no_evident_not_effective_staff,effective_staff,staff_not_speak_Cypriot_language,,,,Yes,Yes,,Yes
3148,no_evident_not_effective_staff,effective_staff,no_staff_at_night,,,,Yes,No,No,No
3149,no_evident_not_effective_staff,effective_staff,staff_not_understand_English_well,,,,Yes,Yes,,Yes
3150,no_evident_not_effective_staff,effective_staff,staff_cannot_give_bus_to_airport_information,,,,Yes,Yes,,Yes
3151,no_evident_not_effective_staff,effective_staff,only_one_staff_wear_mask,,,,No,No,,No
3152,no_evident_not_good_customer_service,good_customer_service,staff_not_speak_English_properly,,No,,Yes,No,,No
3153,no_evident_not_good_customer_service,good_customer_service,staff_clean_after_complaint,,Yes,,No,No,,No
3154,no_evident_not_good_customer_service,good_customer_service,staff_should_learn_better_English,,,,Yes,No,Yes,Yes
3155,no_evident_not_good_customer_service,good_customer_service,staff_need_improve_organization,,,,No,No,,No
3156,no_evident_not_good_customer_service,good_customer_service,staff_need_improve_collaboration,,,,No,No,,No
3157,no_evident_not_good_customer_service,good_customer_service,staff_need_keep_update,,,,No,No,,No
3158,no_evident_not_good_customer_service,good_customer_service,not_kind_staff,,,,No,Yes,Yes,Yes
3159,no_evident_not_good_customer_service,good_customer_service,no_empathy_staff,,,,No,Yes,Yes,Yes
3160,no_evident_not_good_customer_service,good_customer_service,staff_fail_to_communicate_with_taxi,,,,No,No,,No
3161,no_evident_not_good_customer_service,good_customer_service,staff_fail_to_guest_request,,,,No,Yes,Yes,Yes
3162,no_evident_not_good_customer_service,good_customer_service,staff_cannot_provide_double_bed,,,,Yes,Yes,,Yes
3163,no_evident_not_good_customer_service,good_customer_service,offended_staff,,,,Yes,Yes,,Yes
3164,no_evident_not_good_customer_service,good_customer_service,staff_not_justify_booking_issue,,,,Yes,Yes,,Yes
3165,no_evident_not_good_customer_service,good_customer_service,staff_charge_for_cancellation_while_no_cancellation_charge_in_Booking.com,,,,Yes,Yes,,Yes
3166,no_evident_not_good_customer_service,good_customer_service,staff_enforce_cancellation_charge,,,,No,No,,No
3167,no_evident_not_good_customer_service,good_customer_service,staff_mistakenly_throw_valuable_item_during_cleaning_service,,,,No,Yes,Yes,Yes
3168,no_evident_not_good_customer_service,good_customer_service,staff_not_provide_good_solution,,,,Yes,Yes,,Yes
3169,no_evident_not_good_customer_service,good_customer_service,staff_has_unaceptable_manner,,,,Yes,Yes,,Yes
3170,no_evident_not_good_customer_service,good_customer_service,staff_not_speak_Cypriot_language,,,,No,No,,No
3171,no_evident_not_good_customer_service,good_customer_service,no_staff_at_night,,,,No,No,,No
3172,no_evident_not_good_customer_service,good_customer_service,staff_not_understand_English_well,,,,Yes,No,Yes,Yes
3173,no_evident_not_good_customer_service,good_customer_service,staff_cannot_give_bus_to_airport_information,,,,Yes,Yes,,Yes
3174,no_evident_not_good_customer_service,good_customer_service,only_one_staff_wear_mask,,,,No,No,,No
3175,no_evident_not_staff_help_take_are_of_girl,staff_help_take_are_of_girl,staff_not_speak_English_properly,,,,No,No,,No
3176,no_evident_not_staff_help_take_are_of_girl,staff_help_take_are_of_girl,staff_clean_after_complaint,,,,No,No,,No
3177,no_evident_not_staff_help_take_are_of_girl,staff_help_take_are_of_girl,staff_should_learn_better_English,,,,No,No,,No
3178,no_evident_not_staff_help_take_are_of_girl,staff_help_take_are_of_girl,staff_need_improve_organization,,,,No,No,,No
3179,no_evident_not_staff_help_take_are_of_girl,staff_help_take_are_of_girl,staff_need_improve_collaboration,,,,No,No,,No
3180,no_evident_not_staff_help_take_are_of_girl,staff_help_take_are_of_girl,staff_need_keep_update,,,,No,No,,No
3181,no_evident_not_staff_help_take_are_of_girl,staff_help_take_are_of_girl,not_kind_staff,,,,Yes,Yes,,Yes
3182,no_evident_not_staff_help_take_are_of_girl,staff_help_take_are_of_girl,no_empathy_staff,,,,Yes,Yes,,Yes
3183,no_evident_not_staff_help_take_are_of_girl,staff_help_take_are_of_girl,staff_fail_to_communicate_with_taxi,,,,No,No,,No
3184,no_evident_not_staff_help_take_are_of_girl,staff_help_take_are_of_girl,staff_fail_to_guest_request,,,,Yes,No,No,No
3185,no_evident_not_staff_help_take_are_of_girl,staff_help_take_are_of_girl,staff_cannot_provide_double_bed,,,,No,No,,No
3186,no_evident_not_staff_help_take_are_of_girl,staff_help_take_are_of_girl,offended_staff,,,,Yes,No,No,No
3187,no_evident_not_staff_help_take_are_of_girl,staff_help_take_are_of_girl,staff_not_justify_booking_issue,,,,No,No,,No
3188,no_evident_not_staff_help_take_are_of_girl,staff_help_take_are_of_girl,staff_charge_for_cancellation_while_no_cancellation_charge_in_Booking.com,,,,No,No,,No
3189,no_evident_not_staff_help_take_are_of_girl,staff_help_take_are_of_girl,staff_enforce_cancellation_charge,,,,No,No,,No
3190,no_evident_not_staff_help_take_are_of_girl,staff_help_take_are_of_girl,staff_mistakenly_throw_valuable_item_during_cleaning_service,,,,No,No,,No
3191,no_evident_not_staff_help_take_are_of_girl,staff_help_take_are_of_girl,staff_not_provide_good_solution,,,,No,No,,No
3192,no_evident_not_staff_help_take_are_of_girl,staff_help_take_are_of_girl,staff_has_unaceptable_manner,,,,No,Yes,No,No
3193,no_evident_not_staff_help_take_are_of_girl,staff_help_take_are_of_girl,staff_not_speak_Cypriot_language,,,,No,No,,No
3194,no_evident_not_staff_help_take_are_of_girl,staff_help_take_are_of_girl,no_staff_at_night,,,,No,No,,No
3195,no_evident_not_staff_help_take_are_of_girl,staff_help_take_are_of_girl,staff_not_understand_English_well,,,,No,No,,No
3196,no_evident_not_staff_help_take_are_of_girl,staff_help_take_are_of_girl,staff_cannot_give_bus_to_airport_information,,,,No,No,,No
3197,no_evident_not_staff_help_take_are_of_girl,staff_help_take_are_of_girl,only_one_staff_wear_mask,,,,No,No,,No
3198,no_evident_not_kind-hearted_staff,kind-hearted_staff,staff_not_speak_English_properly,,,,No,No,,No
3199,no_evident_not_kind-hearted_staff,kind-hearted_staff,staff_clean_after_complaint,,,,No,No,,No
3200,no_evident_not_kind-hearted_staff,kind-hearted_staff,staff_should_learn_better_English,,,,No,No,,No
3201,no_evident_not_kind-hearted_staff,kind-hearted_staff,staff_need_improve_organization,,,,No,No,,No
3202,no_evident_not_kind-hearted_staff,kind-hearted_staff,staff_need_improve_collaboration,,,,No,No,,No
3203,no_evident_not_kind-hearted_staff,kind-hearted_staff,staff_need_keep_update,,,,No,No,,No
3204,no_evident_not_kind-hearted_staff,kind-hearted_staff,not_kind_staff,,,,Yes,Yes,,Yes
3205,no_evident_not_kind-hearted_staff,kind-hearted_staff,no_empathy_staff,,,,Yes,Yes,,Yes
3206,no_evident_not_kind-hearted_staff,kind-hearted_staff,staff_fail_to_communicate_with_taxi,,,,No,No,,No
3207,no_evident_not_kind-hearted_staff,kind-hearted_staff,staff_fail_to_guest_request,,,,No,No,,No
3208,no_evident_not_kind-hearted_staff,kind-hearted_staff,staff_cannot_provide_double_bed,,,,No,No,,No
3209,no_evident_not_kind-hearted_staff,kind-hearted_staff,offended_staff,,,,Yes,Yes,,Yes
3210,no_evident_not_kind-hearted_staff,kind-hearted_staff,staff_not_justify_booking_issue,,,,No,No,,No
3211,no_evident_not_kind-hearted_staff,kind-hearted_staff,staff_charge_for_cancellation_while_no_cancellation_charge_in_Booking.com,,,,No,No,,No
3212,no_evident_not_kind-hearted_staff,kind-hearted_staff,staff_enforce_cancellation_charge,,,,No,No,,No
3213,no_evident_not_kind-hearted_staff,kind-hearted_staff,staff_mistakenly_throw_valuable_item_during_cleaning_service,,,,No,No,,No
3214,no_evident_not_kind-hearted_staff,kind-hearted_staff,staff_not_provide_good_solution,,,,No,No,,No
3215,no_evident_not_kind-hearted_staff,kind-hearted_staff,staff_has_unaceptable_manner,,,,No,No,,No
3216,no_evident_not_kind-hearted_staff,kind-hearted_staff,staff_not_speak_Cypriot_language,,,,No,No,,No
3217,no_evident_not_kind-hearted_staff,kind-hearted_staff,no_staff_at_night,,,,No,No,,No
3218,no_evident_not_kind-hearted_staff,kind-hearted_staff,staff_not_understand_English_well,,,,No,No,,No
3219,no_evident_not_kind-hearted_staff,kind-hearted_staff,staff_cannot_give_bus_to_airport_information,,,,No,No,,No
3220,no_evident_not_kind-hearted_staff,kind-hearted_staff,only_one_staff_wear_mask,,,,No,No,,No
3221,no_evident_not_staff_recommend_place,staff_recommend_place,staff_not_speak_English_properly,,,,No,No,,No
3222,no_evident_not_staff_recommend_place,staff_recommend_place,staff_clean_after_complaint,,,,No,No,,No
3223,no_evident_not_staff_recommend_place,staff_recommend_place,staff_should_learn_better_English,,,,No,No,,No
3224,no_evident_not_staff_recommend_place,staff_recommend_place,staff_need_improve_organization,,,,No,No,,No
3225,no_evident_not_staff_recommend_place,staff_recommend_place,staff_need_improve_collaboration,,,,No,No,,No
3226,no_evident_not_staff_recommend_place,staff_recommend_place,staff_need_keep_update,,,,No,No,,No
3227,no_evident_not_staff_recommend_place,staff_recommend_place,not_kind_staff,,,,No,Yes,Yes,Yes
3228,no_evident_not_staff_recommend_place,staff_recommend_place,no_empathy_staff,,,,No,No,,No
3229,no_evident_not_staff_recommend_place,staff_recommend_place,staff_fail_to_communicate_with_taxi,,,,No,No,,No
3230,no_evident_not_staff_recommend_place,staff_recommend_place,staff_fail_to_guest_request,,,,No,No,,No
3231,no_evident_not_staff_recommend_place,staff_recommend_place,staff_cannot_provide_double_bed,,,,No,No,,No
3232,no_evident_not_staff_recommend_place,staff_recommend_place,offended_staff,,,,No,No,,No
3233,no_evident_not_staff_recommend_place,staff_recommend_place,staff_not_justify_booking_issue,,,,No,No,,No
3234,no_evident_not_staff_recommend_place,staff_recommend_place,staff_charge_for_cancellation_while_no_cancellation_charge_in_Booking.com,,,,No,No,,No
3235,no_evident_not_staff_recommend_place,staff_recommend_place,staff_enforce_cancellation_charge,,,,No,No,,No
3236,no_evident_not_staff_recommend_place,staff_recommend_place,staff_mistakenly_throw_valuable_item_during_cleaning_service,,,,No,No,,No
3237,no_evident_not_staff_recommend_place,staff_recommend_place,staff_not_provide_good_solution,,,,No,Yes,No,No
3238,no_evident_not_staff_recommend_place,staff_recommend_place,staff_has_unaceptable_manner,,,,No,No,,No
3239,no_evident_not_staff_recommend_place,staff_recommend_place,staff_not_speak_Cypriot_language,,,,No,No,,No
3240,no_evident_not_staff_recommend_place,staff_recommend_place,no_staff_at_night,,,,No,No,,No
3241,no_evident_not_staff_recommend_place,staff_recommend_place,staff_not_understand_English_well,,,,No,No,,No
3242,no_evident_not_staff_recommend_place,staff_recommend_place,staff_cannot_give_bus_to_airport_information,,,,No,No,,No
3243,no_evident_not_staff_recommend_place,staff_recommend_place,only_one_staff_wear_mask,,,,No,No,,No
3244,no_evident_not_staff_recommend_route,staff_recommend_route,staff_not_speak_English_properly,,,,No,No,,No
3245,no_evident_not_staff_recommend_route,staff_recommend_route,staff_clean_after_complaint,,,,No,No,,No
3246,no_evident_not_staff_recommend_route,staff_recommend_route,staff_should_learn_better_English,,,,No,No,,No
3247,no_evident_not_staff_recommend_route,staff_recommend_route,staff_need_improve_organization,,,,No,No,,No
3248,no_evident_not_staff_recommend_route,staff_recommend_route,staff_need_improve_collaboration,,,,No,No,,No
3249,no_evident_not_staff_recommend_route,staff_recommend_route,staff_need_keep_update,,,,No,No,,No
3250,no_evident_not_staff_recommend_route,staff_recommend_route,not_kind_staff,,,,No,Yes,Yes,Yes
3251,no_evident_not_staff_recommend_route,staff_recommend_route,no_empathy_staff,,,,No,No,,No
3252,no_evident_not_staff_recommend_route,staff_recommend_route,staff_fail_to_communicate_with_taxi,,,,No,No,,No
3253,no_evident_not_staff_recommend_route,staff_recommend_route,staff_fail_to_guest_request,,,,No,No,,No
3254,no_evident_not_staff_recommend_route,staff_recommend_route,staff_cannot_provide_double_bed,,,,No,No,,No
3255,no_evident_not_staff_recommend_route,staff_recommend_route,offended_staff,,,,No,No,,No
3256,no_evident_not_staff_recommend_route,staff_recommend_route,staff_not_justify_booking_issue,,,,No,No,,No
3257,no_evident_not_staff_recommend_route,staff_recommend_route,staff_charge_for_cancellation_while_no_cancellation_charge_in_Booking.com,,,,No,No,,No
3258,no_evident_not_staff_recommend_route,staff_recommend_route,staff_enforce_cancellation_charge,,,,No,No,,No
3259,no_evident_not_staff_recommend_route,staff_recommend_route,staff_mistakenly_throw_valuable_item_during_cleaning_service,,,,No,No,,No
3260,no_evident_not_staff_recommend_route,staff_recommend_route,staff_not_provide_good_solution,,,,No,Yes,No,No
3261,no_evident_not_staff_recommend_route,staff_recommend_route,staff_has_unaceptable_manner,,,,No,No,,No
3262,no_evident_not_staff_recommend_route,staff_recommend_route,staff_not_speak_Cypriot_language,,,,No,No,,No
3263,no_evident_not_staff_recommend_route,staff_recommend_route,no_staff_at_night,,,,No,No,,No
3264,no_evident_not_staff_recommend_route,staff_recommend_route,staff_not_understand_English_well,,,,No,No,,No
3265,no_evident_not_staff_recommend_route,staff_recommend_route,staff_cannot_give_bus_to_airport_information,,,,No,No,,No
3266,no_evident_not_staff_recommend_route,staff_recommend_route,only_one_staff_wear_mask,,,,No,No,,No
3267,no_evident_not_superb_staff,superb_staff,staff_not_speak_English_properly,,,,Yes,Yes,,Yes
3268,no_evident_not_superb_staff,superb_staff,staff_clean_after_complaint,,,,No,No,,No
3269,no_evident_not_superb_staff,superb_staff,staff_should_learn_better_English,,,,Yes,Yes,,Yes
3270,no_evident_not_superb_staff,superb_staff,staff_need_improve_organization,,,,Yes,Yes,,Yes
3271,no_evident_not_superb_staff,superb_staff,staff_need_improve_collaboration,,,,Yes,Yes,,Yes
3272,no_evident_not_superb_staff,superb_staff,staff_need_keep_update,,,,No,Yes,Yes,Yes
3273,no_evident_not_superb_staff,superb_staff,not_kind_staff,,,,Yes,Yes,,Yes
3274,no_evident_not_superb_staff,superb_staff,no_empathy_staff,,,,Yes,Yes,,Yes
3275,no_evident_not_superb_staff,superb_staff,staff_fail_to_communicate_with_taxi,,,,Yes,Yes,,Yes
3276,no_evident_not_superb_staff,superb_staff,staff_fail_to_guest_request,,,,Yes,Yes,,Yes
3277,no_evident_not_superb_staff,superb_staff,staff_cannot_provide_double_bed,,,,Yes,Yes,,Yes
3278,no_evident_not_superb_staff,superb_staff,offended_staff,,,,Yes,Yes,,Yes
3279,no_evident_not_superb_staff,superb_staff,staff_not_justify_booking_issue,,,,Yes,Yes,,Yes
3280,no_evident_not_superb_staff,superb_staff,staff_charge_for_cancellation_while_no_cancellation_charge_in_Booking.com,,,,Yes,Yes,,Yes
3281,no_evident_not_superb_staff,superb_staff,staff_enforce_cancellation_charge,,,,No,No,,No
3282,no_evident_not_superb_staff,superb_staff,staff_mistakenly_throw_valuable_item_during_cleaning_service,,,,Yes,Yes,,Yes
3283,no_evident_not_superb_staff,superb_staff,staff_not_provide_good_solution,,,,Yes,Yes,,Yes
3284,no_evident_not_superb_staff,superb_staff,staff_has_unaceptable_manner,,,,Yes,Yes,,Yes
3285,no_evident_not_superb_staff,superb_staff,staff_not_speak_Cypriot_language,,,,Yes,No,Yes,Yes
3286,no_evident_not_superb_staff,superb_staff,no_staff_at_night,,,,No,No,,No
3287,no_evident_not_superb_staff,superb_staff,staff_not_understand_English_well,,,,Yes,Yes,,Yes
3288,no_evident_not_superb_staff,superb_staff,staff_cannot_give_bus_to_airport_information,,,,Yes,Yes,,Yes
3289,no_evident_not_superb_staff,superb_staff,only_one_staff_wear_mask,,,,No,No,,No
3290,no_evident_not_good_team,good_team,staff_not_speak_English_properly,,,,No,No,,No
3291,no_evident_not_good_team,good_team,staff_clean_after_complaint,,,,No,No,,No
3292,no_evident_not_good_team,good_team,staff_should_learn_better_English,,,,No,No,,No
3293,no_evident_not_good_team,good_team,staff_need_improve_organization,,,,No,Yes,Yes,Yes
3294,no_evident_not_good_team,good_team,staff_need_improve_collaboration,,,,Yes,Yes,,Yes
3295,no_evident_not_good_team,good_team,staff_need_keep_update,,,,No,Yes,Yes,Yes
3296,no_evident_not_good_team,good_team,not_kind_staff,,,,No,No,,No
3297,no_evident_not_good_team,good_team,no_empathy_staff,,,,No,No,,No
3298,no_evident_not_good_team,good_team,staff_fail_to_communicate_with_taxi,,,,No,No,,No
3299,no_evident_not_good_team,good_team,staff_fail_to_guest_request,,,,No,No,,No
3300,no_evident_not_good_team,good_team,staff_cannot_provide_double_bed,,,,No,No,,No
3301,no_evident_not_good_team,good_team,offended_staff,,,,No,No,,No
3302,no_evident_not_good_team,good_team,staff_not_justify_booking_issue,,,,No,No,,No
3303,no_evident_not_good_team,good_team,staff_charge_for_cancellation_while_no_cancellation_charge_in_Booking.com,,,,No,No,,No
3304,no_evident_not_good_team,good_team,staff_enforce_cancellation_charge,,,,No,No,,No
3305,no_evident_not_good_team,good_team,staff_mistakenly_throw_valuable_item_during_cleaning_service,,,,No,No,,No
3306,no_evident_not_good_team,good_team,staff_not_provide_good_solution,,,,No,No,,No
3307,no_evident_not_good_team,good_team,staff_has_unaceptable_manner,,,,No,No,,No
3308,no_evident_not_good_team,good_team,staff_not_speak_Cypriot_language,,,,No,No,,No
3309,no_evident_not_good_team,good_team,no_staff_at_night,,,,No,No,,No
3310,no_evident_not_good_team,good_team,staff_not_understand_English_well,,,,No,No,,No
3311,no_evident_not_good_team,good_team,staff_cannot_give_bus_to_airport_information,,,,No,No,,No
3312,no_evident_not_good_team,good_team,only_one_staff_wear_mask,,,,No,No,,No
3313,no_evident_not_good_hospitality_staff,good_hospitality_staff,staff_not_speak_English_properly,,,,Yes,No,Yes,Yes
3314,no_evident_not_good_hospitality_staff,good_hospitality_staff,staff_clean_after_complaint,,,,No,No,,No
3315,no_evident_not_good_hospitality_staff,good_hospitality_staff,staff_should_learn_better_English,,,,Yes,No,Yes,Yes
3316,no_evident_not_good_hospitality_staff,good_hospitality_staff,staff_need_improve_organization,,,,No,No,,No
3317,no_evident_not_good_hospitality_staff,good_hospitality_staff,staff_need_improve_collaboration,,,,No,No,,No
3318,no_evident_not_good_hospitality_staff,good_hospitality_staff,staff_need_keep_update,,,,No,No,,No
3319,no_evident_not_good_hospitality_staff,good_hospitality_staff,not_kind_staff,,,,Yes,Yes,,Yes
3320,no_evident_not_good_hospitality_staff,good_hospitality_staff,no_empathy_staff,,,,Yes,Yes,,Yes
3321,no_evident_not_good_hospitality_staff,good_hospitality_staff,staff_fail_to_communicate_with_taxi,,,,No,No,,No
3322,no_evident_not_good_hospitality_staff,good_hospitality_staff,staff_fail_to_guest_request,,,,No,No,,No
3323,no_evident_not_good_hospitality_staff,good_hospitality_staff,staff_cannot_provide_double_bed,,,,No,No,,No
3324,no_evident_not_good_hospitality_staff,good_hospitality_staff,offended_staff,,,,No,Yes,Yes,Yes
3325,no_evident_not_good_hospitality_staff,good_hospitality_staff,staff_not_justify_booking_issue,,,,No,Yes,No,No
3326,no_evident_not_good_hospitality_staff,good_hospitality_staff,staff_charge_for_cancellation_while_no_cancellation_charge_in_Booking.com,,,,No,Yes,No,No
3327,no_evident_not_good_hospitality_staff,good_hospitality_staff,staff_enforce_cancellation_charge,,,,No,No,,No
3328,no_evident_not_good_hospitality_staff,good_hospitality_staff,staff_mistakenly_throw_valuable_item_during_cleaning_service,,,,No,No,,No
3329,no_evident_not_good_hospitality_staff,good_hospitality_staff,staff_not_provide_good_solution,,,,No,No,,No
3330,no_evident_not_good_hospitality_staff,good_hospitality_staff,staff_has_unaceptable_manner,,,,Yes,Yes,,Yes
3331,no_evident_not_good_hospitality_staff,good_hospitality_staff,staff_not_speak_Cypriot_language,,,,No,No,,No
3332,no_evident_not_good_hospitality_staff,good_hospitality_staff,no_staff_at_night,,,,No,No,,No
3333,no_evident_not_good_hospitality_staff,good_hospitality_staff,staff_not_understand_English_well,,,,No,No,,No
3334,no_evident_not_good_hospitality_staff,good_hospitality_staff,staff_cannot_give_bus_to_airport_information,,,,No,No,,No
3335,no_evident_not_good_hospitality_staff,good_hospitality_staff,only_one_staff_wear_mask,,,,No,No,,No
3336,no_evident_not_willing_people,willing_people,staff_not_speak_English_properly,,,,No,No,,No
3337,no_evident_not_willing_people,willing_people,staff_clean_after_complaint,,,,No,No,,No
3338,no_evident_not_willing_people,willing_people,staff_should_learn_better_English,,,,No,No,,No
3339,no_evident_not_willing_people,willing_people,staff_need_improve_organization,,,,No,No,,No
3340,no_evident_not_willing_people,willing_people,staff_need_improve_collaboration,,,,No,No,,No
3341,no_evident_not_willing_people,willing_people,staff_need_keep_update,,,,No,No,,No
3342,no_evident_not_willing_people,willing_people,not_kind_staff,,,,Yes,Yes,,Yes
3343,no_evident_not_willing_people,willing_people,no_empathy_staff,,,,Yes,Yes,,Yes
3344,no_evident_not_willing_people,willing_people,staff_fail_to_communicate_with_taxi,,,,No,No,,No
3345,no_evident_not_willing_people,willing_people,staff_fail_to_guest_request,,,,No,No,,No
3346,no_evident_not_willing_people,willing_people,staff_cannot_provide_double_bed,,,,No,No,,No
3347,no_evident_not_willing_people,willing_people,offended_staff,,,,No,No,,No
3348,no_evident_not_willing_people,willing_people,staff_not_justify_booking_issue,,,,Yes,No,Yes,Yes
3349,no_evident_not_willing_people,willing_people,staff_charge_for_cancellation_while_no_cancellation_charge_in_Booking.com,,,,No,No,,No
3350,no_evident_not_willing_people,willing_people,staff_enforce_cancellation_charge,,,,No,No,,No
3351,no_evident_not_willing_people,willing_people,staff_mistakenly_throw_valuable_item_during_cleaning_service,,,,No,No,,No
3352,no_evident_not_willing_people,willing_people,staff_not_provide_good_solution,,,,Yes,No,Yes,Yes
3353,no_evident_not_willing_people,willing_people,staff_has_unaceptable_manner,,,,Yes,No,Yes,Yes
3354,no_evident_not_willing_people,willing_people,staff_not_speak_Cypriot_language,,,,No,No,,No
3355,no_evident_not_willing_people,willing_people,no_staff_at_night,,,,No,No,,No
3356,no_evident_not_willing_people,willing_people,staff_not_understand_English_well,,,,No,No,,No
3357,no_evident_not_willing_people,willing_people,staff_cannot_give_bus_to_airport_information,,,,No,No,,No
3358,no_evident_not_willing_people,willing_people,only_one_staff_wear_mask,,,,No,No,,No
3359,no_evident_not_ready_to_help,ready_to_help,staff_not_speak_English_properly,,,,No,No,,No
3360,no_evident_not_ready_to_help,ready_to_help,staff_clean_after_complaint,,,,No,No,,No
3361,no_evident_not_ready_to_help,ready_to_help,staff_should_learn_better_English,,,,No,No,,No
3362,no_evident_not_ready_to_help,ready_to_help,staff_need_improve_organization,,,,No,No,,No
3363,no_evident_not_ready_to_help,ready_to_help,staff_need_improve_collaboration,,,,No,No,,No
3364,no_evident_not_ready_to_help,ready_to_help,staff_need_keep_update,,,,No,No,,No
3365,no_evident_not_ready_to_help,ready_to_help,not_kind_staff,,,,No,Yes,Yes,Yes
3366,no_evident_not_ready_to_help,ready_to_help,no_empathy_staff,,,,No,Yes,Yes,Yes
3367,no_evident_not_ready_to_help,ready_to_help,staff_fail_to_communicate_with_taxi,,,,No,No,,No
3368,no_evident_not_ready_to_help,ready_to_help,staff_fail_to_guest_request,,,,No,No,,No
3369,no_evident_not_ready_to_help,ready_to_help,staff_cannot_provide_double_bed,,,,No,No,,No
3370,no_evident_not_ready_to_help,ready_to_help,offended_staff,,,,No,No,,No
3371,no_evident_not_ready_to_help,ready_to_help,staff_not_justify_booking_issue,,,,No,No,,No
3372,no_evident_not_ready_to_help,ready_to_help,staff_charge_for_cancellation_while_no_cancellation_charge_in_Booking.com,,,,No,No,,No
3373,no_evident_not_ready_to_help,ready_to_help,staff_enforce_cancellation_charge,,,,No,No,,No
3374,no_evident_not_ready_to_help,ready_to_help,staff_mistakenly_throw_valuable_item_during_cleaning_service,,,,No,No,,No
3375,no_evident_not_ready_to_help,ready_to_help,staff_not_provide_good_solution,,,,No,No,,No
3376,no_evident_not_ready_to_help,ready_to_help,staff_has_unaceptable_manner,,,,No,Yes,Yes,Yes
3377,no_evident_not_ready_to_help,ready_to_help,staff_not_speak_Cypriot_language,,,,No,No,,No
3378,no_evident_not_ready_to_help,ready_to_help,no_staff_at_night,,,,Yes,No,Yes,Yes
3379,no_evident_not_ready_to_help,ready_to_help,staff_not_understand_English_well,,,,No,No,,No
3380,no_evident_not_ready_to_help,ready_to_help,staff_cannot_give_bus_to_airport_information,,,,No,No,,No
3381,no_evident_not_ready_to_help,ready_to_help,only_one_staff_wear_mask,,,,No,No,,No
3382,no_evident_not_staff_invite_to_sit,staff_invite_to_sit,staff_not_speak_English_properly,,,,No,No,,No
3383,no_evident_not_staff_invite_to_sit,staff_invite_to_sit,staff_clean_after_complaint,,,,No,No,,No
3384,no_evident_not_staff_invite_to_sit,staff_invite_to_sit,staff_should_learn_better_English,,,,No,No,,No
3385,no_evident_not_staff_invite_to_sit,staff_invite_to_sit,staff_need_improve_organization,,,,No,No,,No
3386,no_evident_not_staff_invite_to_sit,staff_invite_to_sit,staff_need_improve_collaboration,,,,No,No,,No
3387,no_evident_not_staff_invite_to_sit,staff_invite_to_sit,staff_need_keep_update,,,,No,No,,No
3388,no_evident_not_staff_invite_to_sit,staff_invite_to_sit,not_kind_staff,,,,No,Yes,Yes,Yes
3389,no_evident_not_staff_invite_to_sit,staff_invite_to_sit,no_empathy_staff,,,,No,Yes,Yes,Yes
3390,no_evident_not_staff_invite_to_sit,staff_invite_to_sit,staff_fail_to_communicate_with_taxi,,,,No,No,,No
3391,no_evident_not_staff_invite_to_sit,staff_invite_to_sit,staff_fail_to_guest_request,,,,No,No,,No
3392,no_evident_not_staff_invite_to_sit,staff_invite_to_sit,staff_cannot_provide_double_bed,,,,No,No,,No
3393,no_evident_not_staff_invite_to_sit,staff_invite_to_sit,offended_staff,,,,No,Yes,Yes,Yes
3394,no_evident_not_staff_invite_to_sit,staff_invite_to_sit,staff_not_justify_booking_issue,,,,No,No,,No
3395,no_evident_not_staff_invite_to_sit,staff_invite_to_sit,staff_charge_for_cancellation_while_no_cancellation_charge_in_Booking.com,,,,No,No,,No
3396,no_evident_not_staff_invite_to_sit,staff_invite_to_sit,staff_enforce_cancellation_charge,,,,No,No,,No
3397,no_evident_not_staff_invite_to_sit,staff_invite_to_sit,staff_mistakenly_throw_valuable_item_during_cleaning_service,,,,No,No,,No
3398,no_evident_not_staff_invite_to_sit,staff_invite_to_sit,staff_not_provide_good_solution,,,,No,No,,No
3399,no_evident_not_staff_invite_to_sit,staff_invite_to_sit,staff_has_unaceptable_manner,,,,No,No,,No
3400,no_evident_not_staff_invite_to_sit,staff_invite_to_sit,staff_not_speak_Cypriot_language,,,,No,No,,No
3401,no_evident_not_staff_invite_to_sit,staff_invite_to_sit,no_staff_at_night,,,,No,Yes,No,No
3402,no_evident_not_staff_invite_to_sit,staff_invite_to_sit,staff_not_understand_English_well,,,,No,No,,No
3403,no_evident_not_staff_invite_to_sit,staff_invite_to_sit,staff_cannot_give_bus_to_airport_information,,,,No,No,,No
3404,no_evident_not_staff_invite_to_sit,staff_invite_to_sit,only_one_staff_wear_mask,,,,No,No,,No
3405,no_evident_not_staff_invite_to_drink,staff_invite_to_drink,staff_not_speak_English_properly,,,,No,No,,No
3406,no_evident_not_staff_invite_to_drink,staff_invite_to_drink,staff_clean_after_complaint,,,,No,No,,No
3407,no_evident_not_staff_invite_to_drink,staff_invite_to_drink,staff_should_learn_better_English,,,,No,No,,No
3408,no_evident_not_staff_invite_to_drink,staff_invite_to_drink,staff_need_improve_organization,,,,No,No,,No
3409,no_evident_not_staff_invite_to_drink,staff_invite_to_drink,staff_need_improve_collaboration,,,,No,No,,No
3410,no_evident_not_staff_invite_to_drink,staff_invite_to_drink,staff_need_keep_update,,,,No,No,,No
3411,no_evident_not_staff_invite_to_drink,staff_invite_to_drink,not_kind_staff,,,,No,Yes,Yes,Yes
3412,no_evident_not_staff_invite_to_drink,staff_invite_to_drink,no_empathy_staff,,,,No,Yes,Yes,Yes
3413,no_evident_not_staff_invite_to_drink,staff_invite_to_drink,staff_fail_to_communicate_with_taxi,,,,No,No,,No
3414,no_evident_not_staff_invite_to_drink,staff_invite_to_drink,staff_fail_to_guest_request,,,,No,No,,No
3415,no_evident_not_staff_invite_to_drink,staff_invite_to_drink,staff_cannot_provide_double_bed,,,,No,No,,No
3416,no_evident_not_staff_invite_to_drink,staff_invite_to_drink,offended_staff,,,,No,Yes,Yes,Yes
3417,no_evident_not_staff_invite_to_drink,staff_invite_to_drink,staff_not_justify_booking_issue,,,,No,No,,No
3418,no_evident_not_staff_invite_to_drink,staff_invite_to_drink,staff_charge_for_cancellation_while_no_cancellation_charge_in_Booking.com,,,,No,No,,No
3419,no_evident_not_staff_invite_to_drink,staff_invite_to_drink,staff_enforce_cancellation_charge,,,,No,No,,No
3420,no_evident_not_staff_invite_to_drink,staff_invite_to_drink,staff_mistakenly_throw_valuable_item_during_cleaning_service,,,,No,No,,No
3421,no_evident_not_staff_invite_to_drink,staff_invite_to_drink,staff_not_provide_good_solution,,,,No,No,,No
3422,no_evident_not_staff_invite_to_drink,staff_invite_to_drink,staff_has_unaceptable_manner,,,,No,No,,No
3423,no_evident_not_staff_invite_to_drink,staff_invite_to_drink,staff_not_speak_Cypriot_language,,,,No,No,,No
3424,no_evident_not_staff_invite_to_drink,staff_invite_to_drink,no_staff_at_night,,,,No,Yes,No,No
3425,no_evident_not_staff_invite_to_drink,staff_invite_to_drink,staff_not_understand_English_well,,,,No,No,,No
3426,no_evident_not_staff_invite_to_drink,staff_invite_to_drink,staff_cannot_give_bus_to_airport_information,,,,No,No,,No
3427,no_evident_not_staff_invite_to_drink,staff_invite_to_drink,only_one_staff_wear_mask,,,,No,No,,No
3428,no_evident_not_grateful_for_staff,grateful_for_staff,staff_not_speak_English_properly,,,,No,No,,No
3429,no_evident_not_grateful_for_staff,grateful_for_staff,staff_clean_after_complaint,,,,No,No,,No
3430,no_evident_not_grateful_for_staff,grateful_for_staff,staff_should_learn_better_English,,,,No,No,,No
3431,no_evident_not_grateful_for_staff,grateful_for_staff,staff_need_improve_organization,,,,No,No,,No
3432,no_evident_not_grateful_for_staff,grateful_for_staff,staff_need_improve_collaboration,,,,No,No,,No
3433,no_evident_not_grateful_for_staff,grateful_for_staff,staff_need_keep_update,,,,No,No,,No
3434,no_evident_not_grateful_for_staff,grateful_for_staff,not_kind_staff,,,,No,Yes,Yes,Yes
3435,no_evident_not_grateful_for_staff,grateful_for_staff,no_empathy_staff,,,,No,Yes,Yes,Yes
3436,no_evident_not_grateful_for_staff,grateful_for_staff,staff_fail_to_communicate_with_taxi,,,,No,Yes,No,No
3437,no_evident_not_grateful_for_staff,grateful_for_staff,staff_fail_to_guest_request,,,,No,Yes,Yes,Yes
3438,no_evident_not_grateful_for_staff,grateful_for_staff,staff_cannot_provide_double_bed,,,,No,Yes,Yes,Yes
3439,no_evident_not_grateful_for_staff,grateful_for_staff,offended_staff,,,,No,Yes,Yes,Yes
3440,no_evident_not_grateful_for_staff,grateful_for_staff,staff_not_justify_booking_issue,,,,Yes,Yes,,Yes
3441,no_evident_not_grateful_for_staff,grateful_for_staff,staff_charge_for_cancellation_while_no_cancellation_charge_in_Booking.com,,,,No,Yes,Yes,Yes
3442,no_evident_not_grateful_for_staff,grateful_for_staff,staff_enforce_cancellation_charge,,,,No,No,,No
3443,no_evident_not_grateful_for_staff,grateful_for_staff,staff_mistakenly_throw_valuable_item_during_cleaning_service,,,,No,Yes,Yes,Yes
3444,no_evident_not_grateful_for_staff,grateful_for_staff,staff_not_provide_good_solution,,,,No,Yes,Yes,Yes
3445,no_evident_not_grateful_for_staff,grateful_for_staff,staff_has_unaceptable_manner,,,,Yes,Yes,,Yes
3446,no_evident_not_grateful_for_staff,grateful_for_staff,staff_not_speak_Cypriot_language,,,,No,No,,No
3447,no_evident_not_grateful_for_staff,grateful_for_staff,no_staff_at_night,,,,No,No,,No
3448,no_evident_not_grateful_for_staff,grateful_for_staff,staff_not_understand_English_well,,,,No,No,,No
3449,no_evident_not_grateful_for_staff,grateful_for_staff,staff_cannot_give_bus_to_airport_information,,,,No,Yes,Yes,Yes
3450,no_evident_not_grateful_for_staff,grateful_for_staff,only_one_staff_wear_mask,,,,No,No,,No
3451,no_evident_not_staff_make_hotel_great,staff_make_hotel_great,staff_not_speak_English_properly,,,,Yes,No,Yes,Yes
3452,no_evident_not_staff_make_hotel_great,staff_make_hotel_great,staff_clean_after_complaint,,,,No,No,,No
3453,no_evident_not_staff_make_hotel_great,staff_make_hotel_great,staff_should_learn_better_English,,,,Yes,No,Yes,Yes
3454,no_evident_not_staff_make_hotel_great,staff_make_hotel_great,staff_need_improve_organization,,,,Yes,Yes,,Yes
3455,no_evident_not_staff_make_hotel_great,staff_make_hotel_great,staff_need_improve_collaboration,,,,Yes,Yes,,Yes
3456,no_evident_not_staff_make_hotel_great,staff_make_hotel_great,staff_need_keep_update,,,,Yes,Yes,,Yes
3457,no_evident_not_staff_make_hotel_great,staff_make_hotel_great,not_kind_staff,,,,Yes,Yes,,Yes
3458,no_evident_not_staff_make_hotel_great,staff_make_hotel_great,no_empathy_staff,,,,Yes,Yes,,Yes
3459,no_evident_not_staff_make_hotel_great,staff_make_hotel_great,staff_fail_to_communicate_with_taxi,,,,No,Yes,No,No
3460,no_evident_not_staff_make_hotel_great,staff_make_hotel_great,staff_fail_to_guest_request,,,,Yes,Yes,,Yes
3461,no_evident_not_staff_make_hotel_great,staff_make_hotel_great,staff_cannot_provide_double_bed,,,,No,Yes,Yes,Yes
3462,no_evident_not_staff_make_hotel_great,staff_make_hotel_great,offended_staff,,,,No,Yes,Yes,Yes
3463,no_evident_not_staff_make_hotel_great,staff_make_hotel_great,staff_not_justify_booking_issue,,,,Yes,Yes,,Yes
3464,no_evident_not_staff_make_hotel_great,staff_make_hotel_great,staff_charge_for_cancellation_while_no_cancellation_charge_in_Booking.com,,,,Yes,Yes,,Yes
3465,no_evident_not_staff_make_hotel_great,staff_make_hotel_great,staff_enforce_cancellation_charge,,,,No,No,,No
3466,no_evident_not_staff_make_hotel_great,staff_make_hotel_great,staff_mistakenly_throw_valuable_item_during_cleaning_service,,,,No,Yes,Yes,Yes
3467,no_evident_not_staff_make_hotel_great,staff_make_hotel_great,staff_not_provide_good_solution,,,,No,No,,No
3468,no_evident_not_staff_make_hotel_great,staff_make_hotel_great,staff_has_unaceptable_manner,,,,Yes,Yes,,Yes
3469,no_evident_not_staff_make_hotel_great,staff_make_hotel_great,staff_not_speak_Cypriot_language,,,,No,No,,No
3470,no_evident_not_staff_make_hotel_great,staff_make_hotel_great,no_staff_at_night,,,,Yes,Yes,,Yes
3471,no_evident_not_staff_make_hotel_great,staff_make_hotel_great,staff_not_understand_English_well,,,,Yes,No,Yes,Yes
3472,no_evident_not_staff_make_hotel_great,staff_make_hotel_great,staff_cannot_give_bus_to_airport_information,,,,Yes,Yes,,Yes
3473,no_evident_not_staff_make_hotel_great,staff_make_hotel_great,only_one_staff_wear_mask,,,,No,No,,No
3474,no_evident_not_warm_staff,warm_staff,staff_not_speak_English_properly,,,,No,No,,No
3475,no_evident_not_warm_staff,warm_staff,staff_clean_after_complaint,,,,No,No,,No
3476,no_evident_not_warm_staff,warm_staff,staff_should_learn_better_English,,,,No,No,,No
3477,no_evident_not_warm_staff,warm_staff,staff_need_improve_organization,,,,No,No,,No
3478,no_evident_not_warm_staff,warm_staff,staff_need_improve_collaboration,,,,No,No,,No
3479,no_evident_not_warm_staff,warm_staff,staff_need_keep_update,,,,No,No,,No
3480,no_evident_not_warm_staff,warm_staff,not_kind_staff,,,,No,Yes,Yes,Yes
3481,no_evident_not_warm_staff,warm_staff,no_empathy_staff,,,,Yes,Yes,,Yes
3482,no_evident_not_warm_staff,warm_staff,staff_fail_to_communicate_with_taxi,,,,No,No,,No
3483,no_evident_not_warm_staff,warm_staff,staff_fail_to_guest_request,,,,No,No,,No
3484,no_evident_not_warm_staff,warm_staff,staff_cannot_provide_double_bed,,,,No,No,,No
3485,no_evident_not_warm_staff,warm_staff,offended_staff,,,,No,Yes,Yes,Yes
3486,no_evident_not_warm_staff,warm_staff,staff_not_justify_booking_issue,,,,Yes,No,Yes,Yes
3487,no_evident_not_warm_staff,warm_staff,staff_charge_for_cancellation_while_no_cancellation_charge_in_Booking.com,,,,Yes,No,Yes,Yes
3488,no_evident_not_warm_staff,warm_staff,staff_enforce_cancellation_charge,,,,No,No,,No
3489,no_evident_not_warm_staff,warm_staff,staff_mistakenly_throw_valuable_item_during_cleaning_service,,,,No,No,,No
3490,no_evident_not_warm_staff,warm_staff,staff_not_provide_good_solution,,,,No,No,,No
3491,no_evident_not_warm_staff,warm_staff,staff_has_unaceptable_manner,,,,Yes,Yes,,Yes
3492,no_evident_not_warm_staff,warm_staff,staff_not_speak_Cypriot_language,,,,No,No,,No
3493,no_evident_not_warm_staff,warm_staff,no_staff_at_night,,,,No,No,,No
3494,no_evident_not_warm_staff,warm_staff,staff_not_understand_English_well,,,,No,No,,No
3495,no_evident_not_warm_staff,warm_staff,staff_cannot_give_bus_to_airport_information,,,,No,No,,No
3496,no_evident_not_warm_staff,warm_staff,only_one_staff_wear_mask,,,,No,No,,No
3497,no_evident_not_willing_to_do_more,willing_to_do_more,staff_not_speak_English_properly,,,,No,No,,No
3498,no_evident_not_willing_to_do_more,willing_to_do_more,staff_clean_after_complaint,,,,No,No,,No
3499,no_evident_not_willing_to_do_more,willing_to_do_more,staff_should_learn_better_English,,,,No,No,,No
3500,no_evident_not_willing_to_do_more,willing_to_do_more,staff_need_improve_organization,,,,No,No,,No
3501,no_evident_not_willing_to_do_more,willing_to_do_more,staff_need_improve_collaboration,,,,No,No,,No
3502,no_evident_not_willing_to_do_more,willing_to_do_more,staff_need_keep_update,,,,No,No,,No
3503,no_evident_not_willing_to_do_more,willing_to_do_more,not_kind_staff,,,,No,Yes,Yes,Yes
3504,no_evident_not_willing_to_do_more,willing_to_do_more,no_empathy_staff,,,,Yes,Yes,,Yes
3505,no_evident_not_willing_to_do_more,willing_to_do_more,staff_fail_to_communicate_with_taxi,,,,No,No,,No
3506,no_evident_not_willing_to_do_more,willing_to_do_more,staff_fail_to_guest_request,,,,No,No,,No
3507,no_evident_not_willing_to_do_more,willing_to_do_more,staff_cannot_provide_double_bed,,,,No,No,,No
3508,no_evident_not_willing_to_do_more,willing_to_do_more,offended_staff,,,,No,Yes,Yes,Yes
3509,no_evident_not_willing_to_do_more,willing_to_do_more,staff_not_justify_booking_issue,,,,No,No,,No
3510,no_evident_not_willing_to_do_more,willing_to_do_more,staff_charge_for_cancellation_while_no_cancellation_charge_in_Booking.com,,,,No,No,,No
3511,no_evident_not_willing_to_do_more,willing_to_do_more,staff_enforce_cancellation_charge,,,,No,No,,No
3512,no_evident_not_willing_to_do_more,willing_to_do_more,staff_mistakenly_throw_valuable_item_during_cleaning_service,,,,No,No,,No
3513,no_evident_not_willing_to_do_more,willing_to_do_more,staff_not_provide_good_solution,,,,Yes,No,No,No
3514,no_evident_not_willing_to_do_more,willing_to_do_more,staff_has_unaceptable_manner,,,,Yes,Yes,,Yes
3515,no_evident_not_willing_to_do_more,willing_to_do_more,staff_not_speak_Cypriot_language,,,,No,No,,No
3516,no_evident_not_willing_to_do_more,willing_to_do_more,no_staff_at_night,,,,Yes,No,Yes,Yes
3517,no_evident_not_willing_to_do_more,willing_to_do_more,staff_not_understand_English_well,,,,No,No,,No
3518,no_evident_not_willing_to_do_more,willing_to_do_more,staff_cannot_give_bus_to_airport_information,,,,No,No,,No
3519,no_evident_not_willing_to_do_more,willing_to_do_more,only_one_staff_wear_mask,,,,No,No,,No
3520,no_evident_not_staff_make_guest_better_stay,staff_make_guest_better_stay,staff_not_speak_English_properly,,,,No,No,,No
3521,no_evident_not_staff_make_guest_better_stay,staff_make_guest_better_stay,staff_clean_after_complaint,,,,No,No,,No
3522,no_evident_not_staff_make_guest_better_stay,staff_make_guest_better_stay,staff_should_learn_better_English,,,,No,No,,No
3523,no_evident_not_staff_make_guest_better_stay,staff_make_guest_better_stay,staff_need_improve_organization,,,,No,No,,No
3524,no_evident_not_staff_make_guest_better_stay,staff_make_guest_better_stay,staff_need_improve_collaboration,,,,No,No,,No
3525,no_evident_not_staff_make_guest_better_stay,staff_make_guest_better_stay,staff_need_keep_update,,,,No,No,,No
3526,no_evident_not_staff_make_guest_better_stay,staff_make_guest_better_stay,not_kind_staff,,,,No,Yes,Yes,Yes
3527,no_evident_not_staff_make_guest_better_stay,staff_make_guest_better_stay,no_empathy_staff,,,,Yes,Yes,,Yes
3528,no_evident_not_staff_make_guest_better_stay,staff_make_guest_better_stay,staff_fail_to_communicate_with_taxi,,,,No,Yes,No,No
3529,no_evident_not_staff_make_guest_better_stay,staff_make_guest_better_stay,staff_fail_to_guest_request,,,,No,Yes,Yes,Yes
3530,no_evident_not_staff_make_guest_better_stay,staff_make_guest_better_stay,staff_cannot_provide_double_bed,,,,No,Yes,Yes,Yes
3531,no_evident_not_staff_make_guest_better_stay,staff_make_guest_better_stay,offended_staff,,,,No,Yes,Yes,Yes
3532,no_evident_not_staff_make_guest_better_stay,staff_make_guest_better_stay,staff_not_justify_booking_issue,,,,No,Yes,Yes,Yes
3533,no_evident_not_staff_make_guest_better_stay,staff_make_guest_better_stay,staff_charge_for_cancellation_while_no_cancellation_charge_in_Booking.com,,,,No,Yes,Yes,Yes
3534,no_evident_not_staff_make_guest_better_stay,staff_make_guest_better_stay,staff_enforce_cancellation_charge,,,,No,No,,No
3535,no_evident_not_staff_make_guest_better_stay,staff_make_guest_better_stay,staff_mistakenly_throw_valuable_item_during_cleaning_service,,,,No,Yes,Yes,Yes
3536,no_evident_not_staff_make_guest_better_stay,staff_make_guest_better_stay,staff_not_provide_good_solution,,,,Yes,Yes,,Yes
3537,no_evident_not_staff_make_guest_better_stay,staff_make_guest_better_stay,staff_has_unaceptable_manner,,,,Yes,Yes,,Yes
3538,no_evident_not_staff_make_guest_better_stay,staff_make_guest_better_stay,staff_not_speak_Cypriot_language,,,,No,No,,No
3539,no_evident_not_staff_make_guest_better_stay,staff_make_guest_better_stay,no_staff_at_night,,,,Yes,Yes,,Yes
3540,no_evident_not_staff_make_guest_better_stay,staff_make_guest_better_stay,staff_not_understand_English_well,,,,No,No,,No
3541,no_evident_not_staff_make_guest_better_stay,staff_make_guest_better_stay,staff_cannot_give_bus_to_airport_information,,,,No,No,,No
3542,no_evident_not_staff_make_guest_better_stay,staff_make_guest_better_stay,only_one_staff_wear_mask,,,,No,No,,No
3543,no_evident_not_staff_offer_adapter,staff_offer_adapter,staff_not_speak_English_properly,,,,No,No,,No
3544,no_evident_not_staff_offer_adapter,staff_offer_adapter,staff_clean_after_complaint,,,,No,No,,No
3545,no_evident_not_staff_offer_adapter,staff_offer_adapter,staff_should_learn_better_English,,,,No,No,,No
3546,no_evident_not_staff_offer_adapter,staff_offer_adapter,staff_need_improve_organization,,,,No,No,,No
3547,no_evident_not_staff_offer_adapter,staff_offer_adapter,staff_need_improve_collaboration,,,,No,No,,No
3548,no_evident_not_staff_offer_adapter,staff_offer_adapter,staff_need_keep_update,,,,No,No,,No
3549,no_evident_not_staff_offer_adapter,staff_offer_adapter,not_kind_staff,,,,Yes,Yes,,Yes
3550,no_evident_not_staff_offer_adapter,staff_offer_adapter,no_empathy_staff,,,,Yes,Yes,,Yes
3551,no_evident_not_staff_offer_adapter,staff_offer_adapter,staff_fail_to_communicate_with_taxi,,,,No,No,,No
3552,no_evident_not_staff_offer_adapter,staff_offer_adapter,staff_fail_to_guest_request,,,,No,No,,No
3553,no_evident_not_staff_offer_adapter,staff_offer_adapter,staff_cannot_provide_double_bed,,,,No,No,,No
3554,no_evident_not_staff_offer_adapter,staff_offer_adapter,offended_staff,,,,No,No,,No
3555,no_evident_not_staff_offer_adapter,staff_offer_adapter,staff_not_justify_booking_issue,,,,No,No,,No
3556,no_evident_not_staff_offer_adapter,staff_offer_adapter,staff_charge_for_cancellation_while_no_cancellation_charge_in_Booking.com,,,,No,No,,No
3557,no_evident_not_staff_offer_adapter,staff_offer_adapter,staff_enforce_cancellation_charge,,,,No,No,,No
3558,no_evident_not_staff_offer_adapter,staff_offer_adapter,staff_mistakenly_throw_valuable_item_during_cleaning_service,,,,No,No,,No
3559,no_evident_not_staff_offer_adapter,staff_offer_adapter,staff_not_provide_good_solution,,,,No,No,,No
3560,no_evident_not_staff_offer_adapter,staff_offer_adapter,staff_has_unaceptable_manner,,,,No,Yes,No,No
3561,no_evident_not_staff_offer_adapter,staff_offer_adapter,staff_not_speak_Cypriot_language,,,,No,No,,No
3562,no_evident_not_staff_offer_adapter,staff_offer_adapter,no_staff_at_night,,,,No,Yes,No,No
3563,no_evident_not_staff_offer_adapter,staff_offer_adapter,staff_not_understand_English_well,,,,No,No,,No
3564,no_evident_not_staff_offer_adapter,staff_offer_adapter,staff_cannot_give_bus_to_airport_information,,,,No,No,,No
3565,no_evident_not_staff_offer_adapter,staff_offer_adapter,only_one_staff_wear_mask,,,,No,No,,No
3566,no_evident_not_staff_keep_hotel_spotless,staff_keep_hotel_spotless,staff_not_speak_English_properly,,,,No,No,,No
3567,no_evident_not_staff_keep_hotel_spotless,staff_keep_hotel_spotless,staff_clean_after_complaint,,,,Yes,No,No,No
3568,no_evident_not_staff_keep_hotel_spotless,staff_keep_hotel_spotless,staff_should_learn_better_English,,,,No,No,,No
3569,no_evident_not_staff_keep_hotel_spotless,staff_keep_hotel_spotless,staff_need_improve_organization,,,,No,No,,No
3570,no_evident_not_staff_keep_hotel_spotless,staff_keep_hotel_spotless,staff_need_improve_collaboration,,,,No,No,,No
3571,no_evident_not_staff_keep_hotel_spotless,staff_keep_hotel_spotless,staff_need_keep_update,,,,No,No,,No
3572,no_evident_not_staff_keep_hotel_spotless,staff_keep_hotel_spotless,not_kind_staff,,,,No,No,,No
3573,no_evident_not_staff_keep_hotel_spotless,staff_keep_hotel_spotless,no_empathy_staff,,,,No,No,,No
3574,no_evident_not_staff_keep_hotel_spotless,staff_keep_hotel_spotless,staff_fail_to_communicate_with_taxi,,,,No,No,,No
3575,no_evident_not_staff_keep_hotel_spotless,staff_keep_hotel_spotless,staff_fail_to_guest_request,,,,No,No,,No
3576,no_evident_not_staff_keep_hotel_spotless,staff_keep_hotel_spotless,staff_cannot_provide_double_bed,,,,No,No,,No
3577,no_evident_not_staff_keep_hotel_spotless,staff_keep_hotel_spotless,offended_staff,,,,No,No,,No
3578,no_evident_not_staff_keep_hotel_spotless,staff_keep_hotel_spotless,staff_not_justify_booking_issue,,,,No,No,,No
3579,no_evident_not_staff_keep_hotel_spotless,staff_keep_hotel_spotless,staff_charge_for_cancellation_while_no_cancellation_charge_in_Booking.com,,,,No,No,,No
3580,no_evident_not_staff_keep_hotel_spotless,staff_keep_hotel_spotless,staff_enforce_cancellation_charge,,,,No,No,,No
3581,no_evident_not_staff_keep_hotel_spotless,staff_keep_hotel_spotless,staff_mistakenly_throw_valuable_item_during_cleaning_service,,,,No,No,,No
3582,no_evident_not_staff_keep_hotel_spotless,staff_keep_hotel_spotless,staff_not_provide_good_solution,,,,No,No,,No
3583,no_evident_not_staff_keep_hotel_spotless,staff_keep_hotel_spotless,staff_has_unaceptable_manner,,,,No,Yes,No,No
3584,no_evident_not_staff_keep_hotel_spotless,staff_keep_hotel_spotless,staff_not_speak_Cypriot_language,,,,No,No,,No
3585,no_evident_not_staff_keep_hotel_spotless,staff_keep_hotel_spotless,no_staff_at_night,,,,No,Yes,No,No
3586,no_evident_not_staff_keep_hotel_spotless,staff_keep_hotel_spotless,staff_not_understand_English_well,,,,No,No,,No
3587,no_evident_not_staff_keep_hotel_spotless,staff_keep_hotel_spotless,staff_cannot_give_bus_to_airport_information,,,,No,No,,No
3588,no_evident_not_staff_keep_hotel_spotless,staff_keep_hotel_spotless,only_one_staff_wear_mask,,,,No,No,,No
3589,no_evident_not_staff_make_guest_comfortable,staff_make_guest_comfortable,staff_not_speak_English_properly,,,,No,No,,No
3590,no_evident_not_staff_make_guest_comfortable,staff_make_guest_comfortable,staff_clean_after_complaint,,,,No,No,,No
3591,no_evident_not_staff_make_guest_comfortable,staff_make_guest_comfortable,staff_should_learn_better_English,,,,No,No,,No
3592,no_evident_not_staff_make_guest_comfortable,staff_make_guest_comfortable,staff_need_improve_organization,,,,No,No,,No
3593,no_evident_not_staff_make_guest_comfortable,staff_make_guest_comfortable,staff_need_improve_collaboration,,,,No,No,,No
3594,no_evident_not_staff_make_guest_comfortable,staff_make_guest_comfortable,staff_need_keep_update,,,,No,No,,No
3595,no_evident_not_staff_make_guest_comfortable,staff_make_guest_comfortable,not_kind_staff,,,,Yes,Yes,,Yes
3596,no_evident_not_staff_make_guest_comfortable,staff_make_guest_comfortable,no_empathy_staff,,,,Yes,Yes,,Yes
3597,no_evident_not_staff_make_guest_comfortable,staff_make_guest_comfortable,staff_fail_to_communicate_with_taxi,,,,No,Yes,Yes,Yes
3598,no_evident_not_staff_make_guest_comfortable,staff_make_guest_comfortable,staff_fail_to_guest_request,,,,No,Yes,Yes,Yes
3599,no_evident_not_staff_make_guest_comfortable,staff_make_guest_comfortable,staff_cannot_provide_double_bed,,,,No,Yes,Yes,Yes
3600,no_evident_not_staff_make_guest_comfortable,staff_make_guest_comfortable,offended_staff,,,,No,Yes,Yes,Yes
3601,no_evident_not_staff_make_guest_comfortable,staff_make_guest_comfortable,staff_not_justify_booking_issue,,,,Yes,Yes,,Yes
3602,no_evident_not_staff_make_guest_comfortable,staff_make_guest_comfortable,staff_charge_for_cancellation_while_no_cancellation_charge_in_Booking.com,,,,Yes,Yes,,Yes
3603,no_evident_not_staff_make_guest_comfortable,staff_make_guest_comfortable,staff_enforce_cancellation_charge,,,,No,No,,No
3604,no_evident_not_staff_make_guest_comfortable,staff_make_guest_comfortable,staff_mistakenly_throw_valuable_item_during_cleaning_service,,,,No,Yes,Yes,Yes
3605,no_evident_not_staff_make_guest_comfortable,staff_make_guest_comfortable,staff_not_provide_good_solution,,,,No,Yes,Yes,Yes
3606,no_evident_not_staff_make_guest_comfortable,staff_make_guest_comfortable,staff_has_unaceptable_manner,,,,Yes,Yes,,Yes
3607,no_evident_not_staff_make_guest_comfortable,staff_make_guest_comfortable,staff_not_speak_Cypriot_language,,,,No,No,,No
3608,no_evident_not_staff_make_guest_comfortable,staff_make_guest_comfortable,no_staff_at_night,,,,No,Yes,No,No
3609,no_evident_not_staff_make_guest_comfortable,staff_make_guest_comfortable,staff_not_understand_English_well,,,,No,No,,No
3610,no_evident_not_staff_make_guest_comfortable,staff_make_guest_comfortable,staff_cannot_give_bus_to_airport_information,,,,No,No,,No
3611,no_evident_not_staff_make_guest_comfortable,staff_make_guest_comfortable,only_one_staff_wear_mask,,,,No,No,,No
3612,no_evident_not_staff_help_amazing,staff_help_amazing,staff_not_speak_English_properly,,No,,No,No,,No
3613,no_evident_not_staff_help_amazing,staff_help_amazing,staff_clean_after_complaint,,Yes,,No,No,,No
3614,no_evident_not_staff_help_amazing,staff_help_amazing,staff_should_learn_better_English,,No,,No,No,,No
3615,no_evident_not_staff_help_amazing,staff_help_amazing,staff_need_improve_organization,,Yes,,Yes,No,,Yes
3616,no_evident_not_staff_help_amazing,staff_help_amazing,staff_need_improve_collaboration,,Yes,,Yes,No,,Yes
3617,no_evident_not_staff_help_amazing,staff_help_amazing,staff_need_keep_update,,Yes,,Yes,No,,Yes
3618,no_evident_not_staff_help_amazing,staff_help_amazing,not_kind_staff,,No,,No,Yes,,No
3619,no_evident_not_staff_help_amazing,staff_help_amazing,no_empathy_staff,,Yes,,No,Yes,,Yes
3620,no_evident_not_staff_help_amazing,staff_help_amazing,staff_fail_to_communicate_with_taxi,,Yes,,Yes,Yes,,Yes
3621,no_evident_not_staff_help_amazing,staff_help_amazing,staff_fail_to_guest_request,,Yes,,Yes,Yes,,Yes
3622,no_evident_not_staff_help_amazing,staff_help_amazing,staff_cannot_provide_double_bed,,Yes,,Yes,Yes,,Yes
3623,no_evident_not_staff_help_amazing,staff_help_amazing,offended_staff,,Yes,,No,No,,No
3624,no_evident_not_staff_help_amazing,staff_help_amazing,staff_not_justify_booking_issue,,Yes,,Yes,Yes,,Yes
3625,no_evident_not_staff_help_amazing,staff_help_amazing,staff_charge_for_cancellation_while_no_cancellation_charge_in_Booking.com,,Yes,,No,Yes,,Yes
3626,no_evident_not_staff_help_amazing,staff_help_amazing,staff_enforce_cancellation_charge,,Yes,,No,No,,No
3627,no_evident_not_staff_help_amazing,staff_help_amazing,staff_mistakenly_throw_valuable_item_during_cleaning_service,,Yes,,No,No,,No
3628,no_evident_not_staff_help_amazing,staff_help_amazing,staff_not_provide_good_solution,,Yes,,Yes,Yes,,Yes
3629,no_evident_not_staff_help_amazing,staff_help_amazing,staff_has_unaceptable_manner,,No,,No,Yes,,No
3630,no_evident_not_staff_help_amazing,staff_help_amazing,staff_not_speak_Cypriot_language,,No,,No,No,,No
3631,no_evident_not_staff_help_amazing,staff_help_amazing,no_staff_at_night,,No,,Yes,Yes,,Yes
3632,no_evident_not_staff_help_amazing,staff_help_amazing,staff_not_understand_English_well,,No,,No,No,,No
3633,no_evident_not_staff_help_amazing,staff_help_amazing,staff_cannot_give_bus_to_airport_information,,Yes,,Yes,No,,Yes
3634,no_evident_not_staff_help_amazing,staff_help_amazing,only_one_staff_wear_mask,,No,,No,No,,No
3635,no_evident_not_staff_work_hard_to_keep_hotel_in_good_condition,staff_work_hard_to_keep_hotel_in_good_condition,staff_not_speak_English_properly,,,,No,No,,No
3636,no_evident_not_staff_work_hard_to_keep_hotel_in_good_condition,staff_work_hard_to_keep_hotel_in_good_condition,staff_clean_after_complaint,,,,Yes,No,Yes,Yes
3637,no_evident_not_staff_work_hard_to_keep_hotel_in_good_condition,staff_work_hard_to_keep_hotel_in_good_condition,staff_should_learn_better_English,,,,No,No,,No
3638,no_evident_not_staff_work_hard_to_keep_hotel_in_good_condition,staff_work_hard_to_keep_hotel_in_good_condition,staff_need_improve_organization,,,,No,No,,No
3639,no_evident_not_staff_work_hard_to_keep_hotel_in_good_condition,staff_work_hard_to_keep_hotel_in_good_condition,staff_need_improve_collaboration,,,,No,No,,No
3640,no_evident_not_staff_work_hard_to_keep_hotel_in_good_condition,staff_work_hard_to_keep_hotel_in_good_condition,staff_need_keep_update,,,,No,No,,No
3641,no_evident_not_staff_work_hard_to_keep_hotel_in_good_condition,staff_work_hard_to_keep_hotel_in_good_condition,not_kind_staff,,,,No,No,,No
3642,no_evident_not_staff_work_hard_to_keep_hotel_in_good_condition,staff_work_hard_to_keep_hotel_in_good_condition,no_empathy_staff,,,,No,No,,No
3643,no_evident_not_staff_work_hard_to_keep_hotel_in_good_condition,staff_work_hard_to_keep_hotel_in_good_condition,staff_fail_to_communicate_with_taxi,,,,No,No,,No
3644,no_evident_not_staff_work_hard_to_keep_hotel_in_good_condition,staff_work_hard_to_keep_hotel_in_good_condition,staff_fail_to_guest_request,,,,No,No,,No
3645,no_evident_not_staff_work_hard_to_keep_hotel_in_good_condition,staff_work_hard_to_keep_hotel_in_good_condition,staff_cannot_provide_double_bed,,,,No,No,,No
3646,no_evident_not_staff_work_hard_to_keep_hotel_in_good_condition,staff_work_hard_to_keep_hotel_in_good_condition,offended_staff,,,,No,No,,No
3647,no_evident_not_staff_work_hard_to_keep_hotel_in_good_condition,staff_work_hard_to_keep_hotel_in_good_condition,staff_not_justify_booking_issue,,,,No,No,,No
3648,no_evident_not_staff_work_hard_to_keep_hotel_in_good_condition,staff_work_hard_to_keep_hotel_in_good_condition,staff_charge_for_cancellation_while_no_cancellation_charge_in_Booking.com,,,,No,No,,No
3649,no_evident_not_staff_work_hard_to_keep_hotel_in_good_condition,staff_work_hard_to_keep_hotel_in_good_condition,staff_enforce_cancellation_charge,,,,No,No,,No
3650,no_evident_not_staff_work_hard_to_keep_hotel_in_good_condition,staff_work_hard_to_keep_hotel_in_good_condition,staff_mistakenly_throw_valuable_item_during_cleaning_service,,,,No,No,,No
3651,no_evident_not_staff_work_hard_to_keep_hotel_in_good_condition,staff_work_hard_to_keep_hotel_in_good_condition,staff_not_provide_good_solution,,,,No,No,,No
3652,no_evident_not_staff_work_hard_to_keep_hotel_in_good_condition,staff_work_hard_to_keep_hotel_in_good_condition,staff_has_unaceptable_manner,,,,No,Yes,Yes,Yes
3653,no_evident_not_staff_work_hard_to_keep_hotel_in_good_condition,staff_work_hard_to_keep_hotel_in_good_condition,staff_not_speak_Cypriot_language,,,,No,No,,No
3654,no_evident_not_staff_work_hard_to_keep_hotel_in_good_condition,staff_work_hard_to_keep_hotel_in_good_condition,no_staff_at_night,,,,No,Yes,Yes,Yes
3655,no_evident_not_staff_work_hard_to_keep_hotel_in_good_condition,staff_work_hard_to_keep_hotel_in_good_condition,staff_not_understand_English_well,,,,No,No,,No
3656,no_evident_not_staff_work_hard_to_keep_hotel_in_good_condition,staff_work_hard_to_keep_hotel_in_good_condition,staff_cannot_give_bus_to_airport_information,,,,No,No,,No
3657,no_evident_not_staff_work_hard_to_keep_hotel_in_good_condition,staff_work_hard_to_keep_hotel_in_good_condition,only_one_staff_wear_mask,,,,No,No,,No
3658,no_evident_not_happy_staff,happy_staff,staff_not_speak_English_properly,,,,No,No,,No
3659,no_evident_not_happy_staff,happy_staff,staff_clean_after_complaint,,,,No,No,,No
3660,no_evident_not_happy_staff,happy_staff,staff_should_learn_better_English,,,,No,No,,No
3661,no_evident_not_happy_staff,happy_staff,staff_need_improve_organization,,,,No,No,,No
3662,no_evident_not_happy_staff,happy_staff,staff_need_improve_collaboration,,,,No,No,,No
3663,no_evident_not_happy_staff,happy_staff,staff_need_keep_update,,,,No,No,,No
3664,no_evident_not_happy_staff,happy_staff,not_kind_staff,,,,No,Yes,Yes,Yes
3665,no_evident_not_happy_staff,happy_staff,no_empathy_staff,,,,No,Yes,Yes,Yes
3666,no_evident_not_happy_staff,happy_staff,staff_fail_to_communicate_with_taxi,,,,No,No,,No
3667,no_evident_not_happy_staff,happy_staff,staff_fail_to_guest_request,,,,No,No,,No
3668,no_evident_not_happy_staff,happy_staff,staff_cannot_provide_double_bed,,,,No,No,,No
3669,no_evident_not_happy_staff,happy_staff,offended_staff,,,,Yes,Yes,,Yes
3670,no_evident_not_happy_staff,happy_staff,staff_not_justify_booking_issue,,,,No,No,,No
3671,no_evident_not_happy_staff,happy_staff,staff_charge_for_cancellation_while_no_cancellation_charge_in_Booking.com,,,,No,No,,No
3672,no_evident_not_happy_staff,happy_staff,staff_enforce_cancellation_charge,,,,No,No,,No
3673,no_evident_not_happy_staff,happy_staff,staff_mistakenly_throw_valuable_item_during_cleaning_service,,,,No,No,,No
3674,no_evident_not_happy_staff,happy_staff,staff_not_provide_good_solution,,,,No,No,,No
3675,no_evident_not_happy_staff,happy_staff,staff_has_unaceptable_manner,,,,No,Yes,Yes,Yes
3676,no_evident_not_happy_staff,happy_staff,staff_not_speak_Cypriot_language,,,,No,No,,No
3677,no_evident_not_happy_staff,happy_staff,no_staff_at_night,,,,No,No,,No
3678,no_evident_not_happy_staff,happy_staff,staff_not_understand_English_well,,,,No,No,,No
3679,no_evident_not_happy_staff,happy_staff,staff_cannot_give_bus_to_airport_information,,,,No,No,,No
3680,no_evident_not_happy_staff,happy_staff,only_one_staff_wear_mask,,,,No,No,,No
3681,no_evident_not_greet_staff,greet_staff,staff_not_speak_English_properly,,,,No,No,,No
3682,no_evident_not_greet_staff,greet_staff,staff_clean_after_complaint,,,,No,No,,No
3683,no_evident_not_greet_staff,greet_staff,staff_should_learn_better_English,,,,No,No,,No
3684,no_evident_not_greet_staff,greet_staff,staff_need_improve_organization,,,,No,No,,No
3685,no_evident_not_greet_staff,greet_staff,staff_need_improve_collaboration,,,,No,No,,No
3686,no_evident_not_greet_staff,greet_staff,staff_need_keep_update,,,,No,No,,No
3687,no_evident_not_greet_staff,greet_staff,not_kind_staff,,,,Yes,No,Yes,Yes
3688,no_evident_not_greet_staff,greet_staff,no_empathy_staff,,,,Yes,No,Yes,Yes
3689,no_evident_not_greet_staff,greet_staff,staff_fail_to_communicate_with_taxi,,,,No,No,,No
3690,no_evident_not_greet_staff,greet_staff,staff_fail_to_guest_request,,,,No,No,,No
3691,no_evident_not_greet_staff,greet_staff,staff_cannot_provide_double_bed,,,,No,No,,No
3692,no_evident_not_greet_staff,greet_staff,offended_staff,,,,Yes,No,Yes,Yes
3693,no_evident_not_greet_staff,greet_staff,staff_not_justify_booking_issue,,,,No,No,,No
3694,no_evident_not_greet_staff,greet_staff,staff_charge_for_cancellation_while_no_cancellation_charge_in_Booking.com,,,,No,No,,No
3695,no_evident_not_greet_staff,greet_staff,staff_enforce_cancellation_charge,,,,No,No,,No
3696,no_evident_not_greet_staff,greet_staff,staff_mistakenly_throw_valuable_item_during_cleaning_service,,,,No,No,,No
3697,no_evident_not_greet_staff,greet_staff,staff_not_provide_good_solution,,,,No,No,,No
3698,no_evident_not_greet_staff,greet_staff,staff_has_unaceptable_manner,,,,Yes,No,Yes,Yes
3699,no_evident_not_greet_staff,greet_staff,staff_not_speak_Cypriot_language,,,,No,No,,No
3700,no_evident_not_greet_staff,greet_staff,no_staff_at_night,,,,Yes,No,No,No
3701,no_evident_not_greet_staff,greet_staff,staff_not_understand_English_well,,,,No,No,,No
3702,no_evident_not_greet_staff,greet_staff,staff_cannot_give_bus_to_airport_information,,,,No,No,,No
3703,no_evident_not_greet_staff,greet_staff,only_one_staff_wear_mask,,,,No,No,,No
3704,no_evident_not_knowledgeable_staff,knowledgeable_staff,staff_not_speak_English_properly,,,,No,Yes,Yes,Yes
3705,no_evident_not_knowledgeable_staff,knowledgeable_staff,staff_clean_after_complaint,,,,No,No,,No
3706,no_evident_not_knowledgeable_staff,knowledgeable_staff,staff_should_learn_better_English,,,,Yes,Yes,,Yes
3707,no_evident_not_knowledgeable_staff,knowledgeable_staff,staff_need_improve_organization,,,,No,Yes,Yes,Yes
3708,no_evident_not_knowledgeable_staff,knowledgeable_staff,staff_need_improve_collaboration,,,,No,Yes,Yes,Yes
3709,no_evident_not_knowledgeable_staff,knowledgeable_staff,staff_need_keep_update,,,,No,Yes,Yes,Yes
3710,no_evident_not_knowledgeable_staff,knowledgeable_staff,not_kind_staff,,,,No,No,,No
3711,no_evident_not_knowledgeable_staff,knowledgeable_staff,no_empathy_staff,,,,No,No,,No
3712,no_evident_not_knowledgeable_staff,knowledgeable_staff,staff_fail_to_communicate_with_taxi,,,,Yes,Yes,,Yes
3713,no_evident_not_knowledgeable_staff,knowledgeable_staff,staff_fail_to_guest_request,,,,Yes,Yes,,Yes
3714,no_evident_not_knowledgeable_staff,knowledgeable_staff,staff_cannot_provide_double_bed,,,,No,No,,No
3715,no_evident_not_knowledgeable_staff,knowledgeable_staff,offended_staff,,,,No,No,,No
3716,no_evident_not_knowledgeable_staff,knowledgeable_staff,staff_not_justify_booking_issue,,,,No,Yes,Yes,Yes
3717,no_evident_not_knowledgeable_staff,knowledgeable_staff,staff_charge_for_cancellation_while_no_cancellation_charge_in_Booking.com,,,,No,No,,No
3718,no_evident_not_knowledgeable_staff,knowledgeable_staff,staff_enforce_cancellation_charge,,,,No,No,,No
3719,no_evident_not_knowledgeable_staff,knowledgeable_staff,staff_mistakenly_throw_valuable_item_during_cleaning_service,,,,No,No,,No
3720,no_evident_not_knowledgeable_staff,knowledgeable_staff,staff_not_provide_good_solution,,,,No,Yes,Yes,Yes
3721,no_evident_not_knowledgeable_staff,knowledgeable_staff,staff_has_unaceptable_manner,,,,No,No,,No
3722,no_evident_not_knowledgeable_staff,knowledgeable_staff,staff_not_speak_Cypriot_language,,,,Yes,Yes,,Yes
3723,no_evident_not_knowledgeable_staff,knowledgeable_staff,no_staff_at_night,,,,No,No,,No
3724,no_evident_not_knowledgeable_staff,knowledgeable_staff,staff_not_understand_English_well,,,,Yes,Yes,,Yes
3725,no_evident_not_knowledgeable_staff,knowledgeable_staff,staff_cannot_give_bus_to_airport_information,,,,No,Yes,Yes,Yes
3726,no_evident_not_knowledgeable_staff,knowledgeable_staff,only_one_staff_wear_mask,,,,No,No,,No
3727,no_evident_not_can_speak_French,can_speak_French,staff_not_speak_English_properly,,,,No,No,,No
3728,no_evident_not_can_speak_French,can_speak_French,staff_clean_after_complaint,,,,No,No,,No
3729,no_evident_not_can_speak_French,can_speak_French,staff_should_learn_better_English,,,,No,No,,No
3730,no_evident_not_can_speak_French,can_speak_French,staff_need_improve_organization,,,,No,No,,No
3731,no_evident_not_can_speak_French,can_speak_French,staff_need_improve_collaboration,,,,No,No,,No
3732,no_evident_not_can_speak_French,can_speak_French,staff_need_keep_update,,,,No,No,,No
3733,no_evident_not_can_speak_French,can_speak_French,not_kind_staff,,,,No,No,,No
3734,no_evident_not_can_speak_French,can_speak_French,no_empathy_staff,,,,No,No,,No
3735,no_evident_not_can_speak_French,can_speak_French,staff_fail_to_communicate_with_taxi,,,,No,No,,No
3736,no_evident_not_can_speak_French,can_speak_French,staff_fail_to_guest_request,,,,Yes,No,No,No
3737,no_evident_not_can_speak_French,can_speak_French,staff_cannot_provide_double_bed,,,,No,No,,No
3738,no_evident_not_can_speak_French,can_speak_French,offended_staff,,,,No,No,,No
3739,no_evident_not_can_speak_French,can_speak_French,staff_not_justify_booking_issue,,,,No,No,,No
3740,no_evident_not_can_speak_French,can_speak_French,staff_charge_for_cancellation_while_no_cancellation_charge_in_Booking.com,,,,No,No,,No
3741,no_evident_not_can_speak_French,can_speak_French,staff_enforce_cancellation_charge,,,,No,No,,No
3742,no_evident_not_can_speak_French,can_speak_French,staff_mistakenly_throw_valuable_item_during_cleaning_service,,,,No,No,,No
3743,no_evident_not_can_speak_French,can_speak_French,staff_not_provide_good_solution,,,,No,No,,No
3744,no_evident_not_can_speak_French,can_speak_French,staff_has_unaceptable_manner,,,,No,No,,No
3745,no_evident_not_can_speak_French,can_speak_French,staff_not_speak_Cypriot_language,,,,No,No,,No
3746,no_evident_not_can_speak_French,can_speak_French,no_staff_at_night,,,,No,No,,No
3747,no_evident_not_can_speak_French,can_speak_French,staff_not_understand_English_well,,,,No,No,,No
3748,no_evident_not_can_speak_French,can_speak_French,staff_cannot_give_bus_to_airport_information,,,,No,No,,No
3749,no_evident_not_can_speak_French,can_speak_French,only_one_staff_wear_mask,,,,No,No,,No
3750,no_evident_not_competent_staff,competent_staff,staff_not_speak_English_properly,,,,Yes,Yes,,Yes
3751,no_evident_not_competent_staff,competent_staff,staff_clean_after_complaint,,,,No,No,,No
3752,no_evident_not_competent_staff,competent_staff,staff_should_learn_better_English,,,,Yes,Yes,,Yes
3753,no_evident_not_competent_staff,competent_staff,staff_need_improve_organization,,,,Yes,Yes,,Yes
3754,no_evident_not_competent_staff,competent_staff,staff_need_improve_collaboration,,,,Yes,Yes,,Yes
3755,no_evident_not_competent_staff,competent_staff,staff_need_keep_update,,,,Yes,Yes,,Yes
3756,no_evident_not_competent_staff,competent_staff,not_kind_staff,,,,No,No,,No
3757,no_evident_not_competent_staff,competent_staff,no_empathy_staff,,,,No,No,,No
3758,no_evident_not_competent_staff,competent_staff,staff_fail_to_communicate_with_taxi,,,,Yes,Yes,,Yes
3759,no_evident_not_competent_staff,competent_staff,staff_fail_to_guest_request,,,,Yes,Yes,,Yes
3760,no_evident_not_competent_staff,competent_staff,staff_cannot_provide_double_bed,,,,No,No,,No
3761,no_evident_not_competent_staff,competent_staff,offended_staff,,,,No,No,,No
3762,no_evident_not_competent_staff,competent_staff,staff_not_justify_booking_issue,,,,No,Yes,Yes,Yes
3763,no_evident_not_competent_staff,competent_staff,staff_charge_for_cancellation_while_no_cancellation_charge_in_Booking.com,,,,Yes,No,Yes,Yes
3764,no_evident_not_competent_staff,competent_staff,staff_enforce_cancellation_charge,,,,No,No,,No
3765,no_evident_not_competent_staff,competent_staff,staff_mistakenly_throw_valuable_item_during_cleaning_service,,,,Yes,No,Yes,Yes
3766,no_evident_not_competent_staff,competent_staff,staff_not_provide_good_solution,,,,Yes,Yes,,Yes
3767,no_evident_not_competent_staff,competent_staff,staff_has_unaceptable_manner,,,,Yes,No,Yes,Yes
3768,no_evident_not_competent_staff,competent_staff,staff_not_speak_Cypriot_language,,,,No,Yes,Yes,Yes
3769,no_evident_not_competent_staff,competent_staff,no_staff_at_night,,,,No,No,,No
3770,no_evident_not_competent_staff,competent_staff,staff_not_understand_English_well,,,,No,Yes,Yes,Yes
3771,no_evident_not_competent_staff,competent_staff,staff_cannot_give_bus_to_airport_information,,,,Yes,Yes,,Yes
3772,no_evident_not_competent_staff,competent_staff,only_one_staff_wear_mask,,,,No,No,,No
3773,no_evident_not_happy_to_help,happy_to_help,staff_not_speak_English_properly,,,,No,No,,No
3774,no_evident_not_happy_to_help,happy_to_help,staff_clean_after_complaint,,,,No,No,,No
3775,no_evident_not_happy_to_help,happy_to_help,staff_should_learn_better_English,,,,No,No,,No
3776,no_evident_not_happy_to_help,happy_to_help,staff_need_improve_organization,,,,No,No,,No
3777,no_evident_not_happy_to_help,happy_to_help,staff_need_improve_collaboration,,,,No,No,,No
3778,no_evident_not_happy_to_help,happy_to_help,staff_need_keep_update,,,,No,No,,No
3779,no_evident_not_happy_to_help,happy_to_help,not_kind_staff,,,,Yes,Yes,,Yes
3780,no_evident_not_happy_to_help,happy_to_help,no_empathy_staff,,,,Yes,Yes,,Yes
3781,no_evident_not_happy_to_help,happy_to_help,staff_fail_to_communicate_with_taxi,,,,No,No,,No
3782,no_evident_not_happy_to_help,happy_to_help,staff_fail_to_guest_request,,,,No,No,,No
3783,no_evident_not_happy_to_help,happy_to_help,staff_cannot_provide_double_bed,,,,No,No,,No
3784,no_evident_not_happy_to_help,happy_to_help,offended_staff,,,,No,Yes,Yes,Yes
3785,no_evident_not_happy_to_help,happy_to_help,staff_not_justify_booking_issue,,,,Yes,No,Yes,Yes
3786,no_evident_not_happy_to_help,happy_to_help,staff_charge_for_cancellation_while_no_cancellation_charge_in_Booking.com,,,,No,No,,No
3787,no_evident_not_happy_to_help,happy_to_help,staff_enforce_cancellation_charge,,,,No,No,,No
3788,no_evident_not_happy_to_help,happy_to_help,staff_mistakenly_throw_valuable_item_during_cleaning_service,,,,No,No,,No
3789,no_evident_not_happy_to_help,happy_to_help,staff_not_provide_good_solution,,,,Yes,No,Yes,Yes
3790,no_evident_not_happy_to_help,happy_to_help,staff_has_unaceptable_manner,,,,Yes,Yes,,Yes
3791,no_evident_not_happy_to_help,happy_to_help,staff_not_speak_Cypriot_language,,,,No,No,,No
3792,no_evident_not_happy_to_help,happy_to_help,no_staff_at_night,,,,No,No,,No
3793,no_evident_not_happy_to_help,happy_to_help,staff_not_understand_English_well,,,,No,No,,No
3794,no_evident_not_happy_to_help,happy_to_help,staff_cannot_give_bus_to_airport_information,,,,No,No,,No
3795,no_evident_not_happy_to_help,happy_to_help,only_one_staff_wear_mask,,,,No,No,,No
3796,no_evident_not_staff_ready_to_answer_question,staff_ready_to_answer_question,staff_not_speak_English_properly,,,,No,No,,No
3797,no_evident_not_staff_ready_to_answer_question,staff_ready_to_answer_question,staff_clean_after_complaint,,,,No,No,,No
3798,no_evident_not_staff_ready_to_answer_question,staff_ready_to_answer_question,staff_should_learn_better_English,,,,No,No,,No
3799,no_evident_not_staff_ready_to_answer_question,staff_ready_to_answer_question,staff_need_improve_organization,,,,No,No,,No
3800,no_evident_not_staff_ready_to_answer_question,staff_ready_to_answer_question,staff_need_improve_collaboration,,,,No,No,,No
3801,no_evident_not_staff_ready_to_answer_question,staff_ready_to_answer_question,staff_need_keep_update,,,,No,No,,No
3802,no_evident_not_staff_ready_to_answer_question,staff_ready_to_answer_question,not_kind_staff,,,,No,No,,No
3803,no_evident_not_staff_ready_to_answer_question,staff_ready_to_answer_question,no_empathy_staff,,,,Yes,No,No,No
3804,no_evident_not_staff_ready_to_answer_question,staff_ready_to_answer_question,staff_fail_to_communicate_with_taxi,,,,No,No,,No
3805,no_evident_not_staff_ready_to_answer_question,staff_ready_to_answer_question,staff_fail_to_guest_request,,,,No,No,,No
3806,no_evident_not_staff_ready_to_answer_question,staff_ready_to_answer_question,staff_cannot_provide_double_bed,,,,No,No,,No
3807,no_evident_not_staff_ready_to_answer_question,staff_ready_to_answer_question,offended_staff,,,,No,No,,No
3808,no_evident_not_staff_ready_to_answer_question,staff_ready_to_answer_question,staff_not_justify_booking_issue,,,,No,No,,No
3809,no_evident_not_staff_ready_to_answer_question,staff_ready_to_answer_question,staff_charge_for_cancellation_while_no_cancellation_charge_in_Booking.com,,,,No,No,,No
3810,no_evident_not_staff_ready_to_answer_question,staff_ready_to_answer_question,staff_enforce_cancellation_charge,,,,No,No,,No
3811,no_evident_not_staff_ready_to_answer_question,staff_ready_to_answer_question,staff_mistakenly_throw_valuable_item_during_cleaning_service,,,,No,No,,No
3812,no_evident_not_staff_ready_to_answer_question,staff_ready_to_answer_question,staff_not_provide_good_solution,,,,No,No,,No
3813,no_evident_not_staff_ready_to_answer_question,staff_ready_to_answer_question,staff_has_unaceptable_manner,,,,Yes,Yes,,Yes
3814,no_evident_not_staff_ready_to_answer_question,staff_ready_to_answer_question,staff_not_speak_Cypriot_language,,,,No,No,,No
3815,no_evident_not_staff_ready_to_answer_question,staff_ready_to_answer_question,no_staff_at_night,,,,No,Yes,Yes,Yes
3816,no_evident_not_staff_ready_to_answer_question,staff_ready_to_answer_question,staff_not_understand_English_well,,,,No,No,,No
3817,no_evident_not_staff_ready_to_answer_question,staff_ready_to_answer_question,staff_cannot_give_bus_to_airport_information,,,,No,No,,No
3818,no_evident_not_staff_ready_to_answer_question,staff_ready_to_answer_question,only_one_staff_wear_mask,,,,No,No,,No
3819,no_evident_not_staff_give_good_advice,staff_give_good_advice,staff_not_speak_English_properly,,,,Yes,No,No,No
3820,no_evident_not_staff_give_good_advice,staff_give_good_advice,staff_clean_after_complaint,,,,No,No,,No
3821,no_evident_not_staff_give_good_advice,staff_give_good_advice,staff_should_learn_better_English,,,,No,No,,No
3822,no_evident_not_staff_give_good_advice,staff_give_good_advice,staff_need_improve_organization,,,,No,No,,No
3823,no_evident_not_staff_give_good_advice,staff_give_good_advice,staff_need_improve_collaboration,,,,No,No,,No
3824,no_evident_not_staff_give_good_advice,staff_give_good_advice,staff_need_keep_update,,,,No,No,,No
3825,no_evident_not_staff_give_good_advice,staff_give_good_advice,not_kind_staff,,,,No,No,,No
3826,no_evident_not_staff_give_good_advice,staff_give_good_advice,no_empathy_staff,,,,No,No,,No
3827,no_evident_not_staff_give_good_advice,staff_give_good_advice,staff_fail_to_communicate_with_taxi,,,,No,No,,No
3828,no_evident_not_staff_give_good_advice,staff_give_good_advice,staff_fail_to_guest_request,,,,No,No,,No
3829,no_evident_not_staff_give_good_advice,staff_give_good_advice,staff_cannot_provide_double_bed,,,,No,No,,No
3830,no_evident_not_staff_give_good_advice,staff_give_good_advice,offended_staff,,,,No,No,,No
3831,no_evident_not_staff_give_good_advice,staff_give_good_advice,staff_not_justify_booking_issue,,,,Yes,No,Yes,Yes
3832,no_evident_not_staff_give_good_advice,staff_give_good_advice,staff_charge_for_cancellation_while_no_cancellation_charge_in_Booking.com,,,,No,No,,No
3833,no_evident_not_staff_give_good_advice,staff_give_good_advice,staff_enforce_cancellation_charge,,,,No,No,,No
3834,no_evident_not_staff_give_good_advice,staff_give_good_advice,staff_mistakenly_throw_valuable_item_during_cleaning_service,,,,No,No,,No
3835,no_evident_not_staff_give_good_advice,staff_give_good_advice,staff_not_provide_good_solution,,,,Yes,Yes,,Yes
3836,no_evident_not_staff_give_good_advice,staff_give_good_advice,staff_has_unaceptable_manner,,,,No,No,,No
3837,no_evident_not_staff_give_good_advice,staff_give_good_advice,staff_not_speak_Cypriot_language,,,,No,No,,No
3838,no_evident_not_staff_give_good_advice,staff_give_good_advice,no_staff_at_night,,,,No,Yes,No,No
3839,no_evident_not_staff_give_good_advice,staff_give_good_advice,staff_not_understand_English_well,,,,No,No,,No
3840,no_evident_not_staff_give_good_advice,staff_give_good_advice,staff_cannot_give_bus_to_airport_information,,,,No,No,,No
3841,no_evident_not_staff_give_good_advice,staff_give_good_advice,only_one_staff_wear_mask,,,,No,No,,No
3842,no_evident_not_listening_staff,listening_staff,staff_not_speak_English_properly,,,,No,No,,No
3843,no_evident_not_listening_staff,listening_staff,staff_clean_after_complaint,,,,No,No,,No
3844,no_evident_not_listening_staff,listening_staff,staff_should_learn_better_English,,,,No,No,,No
3845,no_evident_not_listening_staff,listening_staff,staff_need_improve_organization,,,,No,No,,No
3846,no_evident_not_listening_staff,listening_staff,staff_need_improve_collaboration,,,,No,No,,No
3847,no_evident_not_listening_staff,listening_staff,staff_need_keep_update,,,,No,No,,No
3848,no_evident_not_listening_staff,listening_staff,not_kind_staff,,,,Yes,No,Yes,Yes
3849,no_evident_not_listening_staff,listening_staff,no_empathy_staff,,,,Yes,No,Yes,Yes
3850,no_evident_not_listening_staff,listening_staff,staff_fail_to_communicate_with_taxi,,,,Yes,No,No,No
3851,no_evident_not_listening_staff,listening_staff,staff_fail_to_guest_request,,,,Yes,No,Yes,Yes
3852,no_evident_not_listening_staff,listening_staff,staff_cannot_provide_double_bed,,,,No,No,,No
3853,no_evident_not_listening_staff,listening_staff,offended_staff,,,,Yes,No,Yes,Yes
3854,no_evident_not_listening_staff,listening_staff,staff_not_justify_booking_issue,,,,Yes,No,Yes,Yes
3855,no_evident_not_listening_staff,listening_staff,staff_charge_for_cancellation_while_no_cancellation_charge_in_Booking.com,,,,No,No,,No
3856,no_evident_not_listening_staff,listening_staff,staff_enforce_cancellation_charge,,,,No,No,,No
3857,no_evident_not_listening_staff,listening_staff,staff_mistakenly_throw_valuable_item_during_cleaning_service,,,,No,No,,No
3858,no_evident_not_listening_staff,listening_staff,staff_not_provide_good_solution,,,,No,No,,No
3859,no_evident_not_listening_staff,listening_staff,staff_has_unaceptable_manner,,,,Yes,Yes,,Yes
3860,no_evident_not_listening_staff,listening_staff,staff_not_speak_Cypriot_language,,,,No,No,,No
3861,no_evident_not_listening_staff,listening_staff,no_staff_at_night,,,,No,No,,No
3862,no_evident_not_listening_staff,listening_staff,staff_not_understand_English_well,,,,No,No,,No
3863,no_evident_not_listening_staff,listening_staff,staff_cannot_give_bus_to_airport_information,,,,No,No,,No
3864,no_evident_not_listening_staff,listening_staff,only_one_staff_wear_mask,,,,No,No,,No
3865,no_evident_not_sweet_staff,sweet_staff,staff_not_speak_English_properly,,,,No,No,,No
3866,no_evident_not_sweet_staff,sweet_staff,staff_clean_after_complaint,,,,No,No,,No
3867,no_evident_not_sweet_staff,sweet_staff,staff_should_learn_better_English,,,,No,No,,No
3868,no_evident_not_sweet_staff,sweet_staff,staff_need_improve_organization,,,,No,No,,No
3869,no_evident_not_sweet_staff,sweet_staff,staff_need_improve_collaboration,,,,No,No,,No
3870,no_evident_not_sweet_staff,sweet_staff,staff_need_keep_update,,,,No,No,,No
3871,no_evident_not_sweet_staff,sweet_staff,not_kind_staff,,,,Yes,Yes,,Yes
3872,no_evident_not_sweet_staff,sweet_staff,no_empathy_staff,,,,Yes,Yes,,Yes
3873,no_evident_not_sweet_staff,sweet_staff,staff_fail_to_communicate_with_taxi,,,,No,No,,No
3874,no_evident_not_sweet_staff,sweet_staff,staff_fail_to_guest_request,,,,No,No,,No
3875,no_evident_not_sweet_staff,sweet_staff,staff_cannot_provide_double_bed,,,,No,No,,No
3876,no_evident_not_sweet_staff,sweet_staff,offended_staff,,,,Yes,Yes,,Yes
3877,no_evident_not_sweet_staff,sweet_staff,staff_not_justify_booking_issue,,,,No,Yes,Yes,Yes
3878,no_evident_not_sweet_staff,sweet_staff,staff_charge_for_cancellation_while_no_cancellation_charge_in_Booking.com,,,,No,Yes,Yes,Yes
3879,no_evident_not_sweet_staff,sweet_staff,staff_enforce_cancellation_charge,,,,No,No,,No
3880,no_evident_not_sweet_staff,sweet_staff,staff_mistakenly_throw_valuable_item_during_cleaning_service,,,,No,No,,No
3881,no_evident_not_sweet_staff,sweet_staff,staff_not_provide_good_solution,,,,No,No,,No
3882,no_evident_not_sweet_staff,sweet_staff,staff_has_unaceptable_manner,,,,Yes,Yes,,Yes
3883,no_evident_not_sweet_staff,sweet_staff,staff_not_speak_Cypriot_language,,,,No,No,,No
3884,no_evident_not_sweet_staff,sweet_staff,no_staff_at_night,,,,No,No,,No
3885,no_evident_not_sweet_staff,sweet_staff,staff_not_understand_English_well,,,,No,No,,No
3886,no_evident_not_sweet_staff,sweet_staff,staff_cannot_give_bus_to_airport_information,,,,No,No,,No
3887,no_evident_not_sweet_staff,sweet_staff,only_one_staff_wear_mask,,,,No,No,,No
3888,no_evident_not_pleasant_contact_staff,pleasant_contact_staff,staff_not_speak_English_properly,,,,No,No,,No
3889,no_evident_not_pleasant_contact_staff,pleasant_contact_staff,staff_clean_after_complaint,,,,No,No,,No
3890,no_evident_not_pleasant_contact_staff,pleasant_contact_staff,staff_should_learn_better_English,,,,No,No,,No
3891,no_evident_not_pleasant_contact_staff,pleasant_contact_staff,staff_need_improve_organization,,,,No,No,,No
3892,no_evident_not_pleasant_contact_staff,pleasant_contact_staff,staff_need_improve_collaboration,,,,No,No,,No
3893,no_evident_not_pleasant_contact_staff,pleasant_contact_staff,staff_need_keep_update,,,,No,No,,No
3894,no_evident_not_pleasant_contact_staff,pleasant_contact_staff,not_kind_staff,,,,No,Yes,Yes,Yes
3895,no_evident_not_pleasant_contact_staff,pleasant_contact_staff,no_empathy_staff,,,,No,Yes,Yes,Yes
3896,no_evident_not_pleasant_contact_staff,pleasant_contact_staff,staff_fail_to_communicate_with_taxi,,,,No,No,,No
3897,no_evident_not_pleasant_contact_staff,pleasant_contact_staff,staff_fail_to_guest_request,,,,No,No,,No
3898,no_evident_not_pleasant_contact_staff,pleasant_contact_staff,staff_cannot_provide_double_bed,,,,No,No,,No
3899,no_evident_not_pleasant_contact_staff,pleasant_contact_staff,offended_staff,,,,No,Yes,Yes,Yes
3900,no_evident_not_pleasant_contact_staff,pleasant_contact_staff,staff_not_justify_booking_issue,,,,Yes,Yes,,Yes
3901,no_evident_not_pleasant_contact_staff,pleasant_contact_staff,staff_charge_for_cancellation_while_no_cancellation_charge_in_Booking.com,,,,No,Yes,Yes,Yes
3902,no_evident_not_pleasant_contact_staff,pleasant_contact_staff,staff_enforce_cancellation_charge,,,,No,No,,No
3903,no_evident_not_pleasant_contact_staff,pleasant_contact_staff,staff_mistakenly_throw_valuable_item_during_cleaning_service,,,,No,No,,No
3904,no_evident_not_pleasant_contact_staff,pleasant_contact_staff,staff_not_provide_good_solution,,,,Yes,No,Yes,Yes
3905,no_evident_not_pleasant_contact_staff,pleasant_contact_staff,staff_has_unaceptable_manner,,,,Yes,Yes,,Yes
3906,no_evident_not_pleasant_contact_staff,pleasant_contact_staff,staff_not_speak_Cypriot_language,,,,No,No,,No
3907,no_evident_not_pleasant_contact_staff,pleasant_contact_staff,no_staff_at_night,,,,No,No,,No
3908,no_evident_not_pleasant_contact_staff,pleasant_contact_staff,staff_not_understand_English_well,,,,No,No,,No
3909,no_evident_not_pleasant_contact_staff,pleasant_contact_staff,staff_cannot_give_bus_to_airport_information,,,,No,No,,No
3910,no_evident_not_pleasant_contact_staff,pleasant_contact_staff,only_one_staff_wear_mask,,,,No,No,,No
3911,no_evident_not_staff_arrange_ride_to_airport,staff_arrange_ride_to_airport,staff_not_speak_English_properly,,,,No,No,,No
3912,no_evident_not_staff_arrange_ride_to_airport,staff_arrange_ride_to_airport,staff_clean_after_complaint,,,,No,No,,No
3913,no_evident_not_staff_arrange_ride_to_airport,staff_arrange_ride_to_airport,staff_should_learn_better_English,,,,No,No,,No
3914,no_evident_not_staff_arrange_ride_to_airport,staff_arrange_ride_to_airport,staff_need_improve_organization,,,,No,No,,No
3915,no_evident_not_staff_arrange_ride_to_airport,staff_arrange_ride_to_airport,staff_need_improve_collaboration,,,,No,No,,No
3916,no_evident_not_staff_arrange_ride_to_airport,staff_arrange_ride_to_airport,staff_need_keep_update,,,,No,No,,No
3917,no_evident_not_staff_arrange_ride_to_airport,staff_arrange_ride_to_airport,not_kind_staff,,,,Yes,No,Yes,Yes
3918,no_evident_not_staff_arrange_ride_to_airport,staff_arrange_ride_to_airport,no_empathy_staff,,,,Yes,No,Yes,Yes
3919,no_evident_not_staff_arrange_ride_to_airport,staff_arrange_ride_to_airport,staff_fail_to_communicate_with_taxi,,,,Yes,Yes,,Yes
3920,no_evident_not_staff_arrange_ride_to_airport,staff_arrange_ride_to_airport,staff_fail_to_guest_request,,,,No,No,,No
3921,no_evident_not_staff_arrange_ride_to_airport,staff_arrange_ride_to_airport,staff_cannot_provide_double_bed,,,,No,No,,No
3922,no_evident_not_staff_arrange_ride_to_airport,staff_arrange_ride_to_airport,offended_staff,,,,No,No,,No
3923,no_evident_not_staff_arrange_ride_to_airport,staff_arrange_ride_to_airport,staff_not_justify_booking_issue,,,,No,No,,No
3924,no_evident_not_staff_arrange_ride_to_airport,staff_arrange_ride_to_airport,staff_charge_for_cancellation_while_no_cancellation_charge_in_Booking.com,,,,No,No,,No
3925,no_evident_not_staff_arrange_ride_to_airport,staff_arrange_ride_to_airport,staff_enforce_cancellation_charge,,,,No,No,,No
3926,no_evident_not_staff_arrange_ride_to_airport,staff_arrange_ride_to_airport,staff_mistakenly_throw_valuable_item_during_cleaning_service,,,,No,No,,No
3927,no_evident_not_staff_arrange_ride_to_airport,staff_arrange_ride_to_airport,staff_not_provide_good_solution,,,,No,No,,No
3928,no_evident_not_staff_arrange_ride_to_airport,staff_arrange_ride_to_airport,staff_has_unaceptable_manner,,,,No,No,,No
3929,no_evident_not_staff_arrange_ride_to_airport,staff_arrange_ride_to_airport,staff_not_speak_Cypriot_language,,,,No,No,,No
3930,no_evident_not_staff_arrange_ride_to_airport,staff_arrange_ride_to_airport,no_staff_at_night,,,,Yes,Yes,,Yes
3931,no_evident_not_staff_arrange_ride_to_airport,staff_arrange_ride_to_airport,staff_not_understand_English_well,,,,No,No,,No
3932,no_evident_not_staff_arrange_ride_to_airport,staff_arrange_ride_to_airport,staff_cannot_give_bus_to_airport_information,,,,Yes,No,Yes,Yes
3933,no_evident_not_staff_arrange_ride_to_airport,staff_arrange_ride_to_airport,only_one_staff_wear_mask,,,,No,No,,No
3934,no_evident_not_availability_of_staff,availability_of_staff,staff_not_speak_English_properly,,,,No,No,,No
3935,no_evident_not_availability_of_staff,availability_of_staff,staff_clean_after_complaint,,,,No,No,,No
3936,no_evident_not_availability_of_staff,availability_of_staff,staff_should_learn_better_English,,,,No,No,,No
3937,no_evident_not_availability_of_staff,availability_of_staff,staff_need_improve_organization,,,,No,No,,No
3938,no_evident_not_availability_of_staff,availability_of_staff,staff_need_improve_collaboration,,,,No,No,,No
3939,no_evident_not_availability_of_staff,availability_of_staff,staff_need_keep_update,,,,No,No,,No
3940,no_evident_not_availability_of_staff,availability_of_staff,not_kind_staff,,,,No,No,,No
3941,no_evident_not_availability_of_staff,availability_of_staff,no_empathy_staff,,,,No,No,,No
3942,no_evident_not_availability_of_staff,availability_of_staff,staff_fail_to_communicate_with_taxi,,,,No,No,,No
3943,no_evident_not_availability_of_staff,availability_of_staff,staff_fail_to_guest_request,,,,No,No,,No
3944,no_evident_not_availability_of_staff,availability_of_staff,staff_cannot_provide_double_bed,,,,No,No,,No
3945,no_evident_not_availability_of_staff,availability_of_staff,offended_staff,,,,No,No,,No
3946,no_evident_not_availability_of_staff,availability_of_staff,staff_not_justify_booking_issue,,,,No,No,,No
3947,no_evident_not_availability_of_staff,availability_of_staff,staff_charge_for_cancellation_while_no_cancellation_charge_in_Booking.com,,,,No,No,,No
3948,no_evident_not_availability_of_staff,availability_of_staff,staff_enforce_cancellation_charge,,,,No,No,,No
3949,no_evident_not_availability_of_staff,availability_of_staff,staff_mistakenly_throw_valuable_item_during_cleaning_service,,,,No,No,,No
3950,no_evident_not_availability_of_staff,availability_of_staff,staff_not_provide_good_solution,,,,No,No,,No
3951,no_evident_not_availability_of_staff,availability_of_staff,staff_has_unaceptable_manner,,,,No,No,,No
3952,no_evident_not_availability_of_staff,availability_of_staff,staff_not_speak_Cypriot_language,,,,No,No,,No
3953,no_evident_not_availability_of_staff,availability_of_staff,no_staff_at_night,,,,Yes,Yes,,Yes
3954,no_evident_not_availability_of_staff,availability_of_staff,staff_not_understand_English_well,,,,No,No,,No
3955,no_evident_not_availability_of_staff,availability_of_staff,staff_cannot_give_bus_to_airport_information,,,,No,No,,No
3956,no_evident_not_availability_of_staff,availability_of_staff,only_one_staff_wear_mask,,,,No,No,,No
3957,no_evident_not_staff_alway_help,staff_alway_help,staff_not_speak_English_properly,,,,No,No,,No
3958,no_evident_not_staff_alway_help,staff_alway_help,staff_clean_after_complaint,,,,No,No,,No
3959,no_evident_not_staff_alway_help,staff_alway_help,staff_should_learn_better_English,,,,No,No,,No
3960,no_evident_not_staff_alway_help,staff_alway_help,staff_need_improve_organization,,,,No,No,,No
3961,no_evident_not_staff_alway_help,staff_alway_help,staff_need_improve_collaboration,,,,No,No,,No
3962,no_evident_not_staff_alway_help,staff_alway_help,staff_need_keep_update,,,,No,No,,No
3963,no_evident_not_staff_alway_help,staff_alway_help,not_kind_staff,,,,Yes,Yes,,Yes
3964,no_evident_not_staff_alway_help,staff_alway_help,no_empathy_staff,,,,Yes,Yes,,Yes
3965,no_evident_not_staff_alway_help,staff_alway_help,staff_fail_to_communicate_with_taxi,,,,No,No,,No
3966,no_evident_not_staff_alway_help,staff_alway_help,staff_fail_to_guest_request,,,,No,No,,No
3967,no_evident_not_staff_alway_help,staff_alway_help,staff_cannot_provide_double_bed,,,,No,Yes,Yes,Yes
3968,no_evident_not_staff_alway_help,staff_alway_help,offended_staff,,,,Yes,No,Yes,Yes
3969,no_evident_not_staff_alway_help,staff_alway_help,staff_not_justify_booking_issue,,,,Yes,Yes,,Yes
3970,no_evident_not_staff_alway_help,staff_alway_help,staff_charge_for_cancellation_while_no_cancellation_charge_in_Booking.com,,,,Yes,No,Yes,Yes
3971,no_evident_not_staff_alway_help,staff_alway_help,staff_enforce_cancellation_charge,,,,Yes,No,Yes,Yes
3972,no_evident_not_staff_alway_help,staff_alway_help,staff_mistakenly_throw_valuable_item_during_cleaning_service,,,,No,No,,No
3973,no_evident_not_staff_alway_help,staff_alway_help,staff_not_provide_good_solution,,,,Yes,No,Yes,Yes
3974,no_evident_not_staff_alway_help,staff_alway_help,staff_has_unaceptable_manner,,,,No,Yes,Yes,Yes
3975,no_evident_not_staff_alway_help,staff_alway_help,staff_not_speak_Cypriot_language,,,,No,No,,No
3976,no_evident_not_staff_alway_help,staff_alway_help,no_staff_at_night,,,,Yes,Yes,,Yes
3977,no_evident_not_staff_alway_help,staff_alway_help,staff_not_understand_English_well,,,,No,No,,No
3978,no_evident_not_staff_alway_help,staff_alway_help,staff_cannot_give_bus_to_airport_information,,,,No,No,,No
3979,no_evident_not_staff_alway_help,staff_alway_help,only_one_staff_wear_mask,,,,No,No,,No
3980,no_evident_not_staff_give_family_atmosphere,staff_give_family_atmosphere,staff_not_speak_English_properly,,,,No,No,,No
3981,no_evident_not_staff_give_family_atmosphere,staff_give_family_atmosphere,staff_clean_after_complaint,,,,No,No,,No
3982,no_evident_not_staff_give_family_atmosphere,staff_give_family_atmosphere,staff_should_learn_better_English,,,,No,No,,No
3983,no_evident_not_staff_give_family_atmosphere,staff_give_family_atmosphere,staff_need_improve_organization,,,,No,No,,No
3984,no_evident_not_staff_give_family_atmosphere,staff_give_family_atmosphere,staff_need_improve_collaboration,,,,No,No,,No
3985,no_evident_not_staff_give_family_atmosphere,staff_give_family_atmosphere,staff_need_keep_update,,,,No,No,,No
3986,no_evident_not_staff_give_family_atmosphere,staff_give_family_atmosphere,not_kind_staff,,,,No,Yes,Yes,Yes
3987,no_evident_not_staff_give_family_atmosphere,staff_give_family_atmosphere,no_empathy_staff,,,,Yes,Yes,,Yes
3988,no_evident_not_staff_give_family_atmosphere,staff_give_family_atmosphere,staff_fail_to_communicate_with_taxi,,,,No,No,,No
3989,no_evident_not_staff_give_family_atmosphere,staff_give_family_atmosphere,staff_fail_to_guest_request,,,,No,No,,No
3990,no_evident_not_staff_give_family_atmosphere,staff_give_family_atmosphere,staff_cannot_provide_double_bed,,,,No,No,,No
3991,no_evident_not_staff_give_family_atmosphere,staff_give_family_atmosphere,offended_staff,,,,No,Yes,Yes,Yes
3992,no_evident_not_staff_give_family_atmosphere,staff_give_family_atmosphere,staff_not_justify_booking_issue,,,,No,No,,No
3993,no_evident_not_staff_give_family_atmosphere,staff_give_family_atmosphere,staff_charge_for_cancellation_while_no_cancellation_charge_in_Booking.com,,,,No,No,,No
3994,no_evident_not_staff_give_family_atmosphere,staff_give_family_atmosphere,staff_enforce_cancellation_charge,,,,No,No,,No
3995,no_evident_not_staff_give_family_atmosphere,staff_give_family_atmosphere,staff_mistakenly_throw_valuable_item_during_cleaning_service,,,,No,No,,No
3996,no_evident_not_staff_give_family_atmosphere,staff_give_family_atmosphere,staff_not_provide_good_solution,,,,No,No,,No
3997,no_evident_not_staff_give_family_atmosphere,staff_give_family_atmosphere,staff_has_unaceptable_manner,,,,No,No,,No
3998,no_evident_not_staff_give_family_atmosphere,staff_give_family_atmosphere,staff_not_speak_Cypriot_language,,,,No,No,,No
3999,no_evident_not_staff_give_family_atmosphere,staff_give_family_atmosphere,no_staff_at_night,,,,No,Yes,Yes,Yes
4000,no_evident_not_staff_give_family_atmosphere,staff_give_family_atmosphere,staff_not_understand_English_well,,,,No,No,,No
4001,no_evident_not_staff_give_family_atmosphere,staff_give_family_atmosphere,staff_cannot_give_bus_to_airport_information,,,,No,No,,No
4002,no_evident_not_staff_give_family_atmosphere,staff_give_family_atmosphere,only_one_staff_wear_mask,,,,No,No,,No
4003,no_evident_not_staff_help_any_question,staff_help_any_question,staff_not_speak_English_properly,,,,No,No,,No
4004,no_evident_not_staff_help_any_question,staff_help_any_question,staff_clean_after_complaint,,,,No,No,,No
4005,no_evident_not_staff_help_any_question,staff_help_any_question,staff_should_learn_better_English,,,,No,No,,No
4006,no_evident_not_staff_help_any_question,staff_help_any_question,staff_need_improve_organization,,,,No,No,,No
4007,no_evident_not_staff_help_any_question,staff_help_any_question,staff_need_improve_collaboration,,,,No,No,,No
4008,no_evident_not_staff_help_any_question,staff_help_any_question,staff_need_keep_update,,,,No,No,,No
4009,no_evident_not_staff_help_any_question,staff_help_any_question,not_kind_staff,,,,No,Yes,Yes,Yes
4010,no_evident_not_staff_help_any_question,staff_help_any_question,no_empathy_staff,,,,Yes,Yes,,Yes
4011,no_evident_not_staff_help_any_question,staff_help_any_question,staff_fail_to_communicate_with_taxi,,,,No,No,,No
4012,no_evident_not_staff_help_any_question,staff_help_any_question,staff_fail_to_guest_request,,,,Yes,No,Yes,Yes
4013,no_evident_not_staff_help_any_question,staff_help_any_question,staff_cannot_provide_double_bed,,,,No,No,,No
4014,no_evident_not_staff_help_any_question,staff_help_any_question,offended_staff,,,,No,No,,No
4015,no_evident_not_staff_help_any_question,staff_help_any_question,staff_not_justify_booking_issue,,,,Yes,No,Yes,Yes
4016,no_evident_not_staff_help_any_question,staff_help_any_question,staff_charge_for_cancellation_while_no_cancellation_charge_in_Booking.com,,,,No,No,,No
4017,no_evident_not_staff_help_any_question,staff_help_any_question,staff_enforce_cancellation_charge,,,,No,No,,No
4018,no_evident_not_staff_help_any_question,staff_help_any_question,staff_mistakenly_throw_valuable_item_during_cleaning_service,,,,No,No,,No
4019,no_evident_not_staff_help_any_question,staff_help_any_question,staff_not_provide_good_solution,,,,Yes,No,Yes,Yes
4020,no_evident_not_staff_help_any_question,staff_help_any_question,staff_has_unaceptable_manner,,,,Yes,Yes,,Yes
4021,no_evident_not_staff_help_any_question,staff_help_any_question,staff_not_speak_Cypriot_language,,,,No,No,,No
4022,no_evident_not_staff_help_any_question,staff_help_any_question,no_staff_at_night,,,,No,No,,No
4023,no_evident_not_staff_help_any_question,staff_help_any_question,staff_not_understand_English_well,,,,No,No,,No
4024,no_evident_not_staff_help_any_question,staff_help_any_question,staff_cannot_give_bus_to_airport_information,,,,No,No,,No
4025,no_evident_not_staff_help_any_question,staff_help_any_question,only_one_staff_wear_mask,,,,No,No,,No
4026,no_evident_not_staff_help_any_problem,staff_help_any_problem,staff_not_speak_English_properly,,,,No,No,,No
4027,no_evident_not_staff_help_any_problem,staff_help_any_problem,staff_clean_after_complaint,,,,No,No,,No
4028,no_evident_not_staff_help_any_problem,staff_help_any_problem,staff_should_learn_better_English,,,,No,No,,No
4029,no_evident_not_staff_help_any_problem,staff_help_any_problem,staff_need_improve_organization,,,,No,No,,No
4030,no_evident_not_staff_help_any_problem,staff_help_any_problem,staff_need_improve_collaboration,,,,No,No,,No
4031,no_evident_not_staff_help_any_problem,staff_help_any_problem,staff_need_keep_update,,,,No,No,,No
4032,no_evident_not_staff_help_any_problem,staff_help_any_problem,not_kind_staff,,,,No,Yes,Yes,Yes
4033,no_evident_not_staff_help_any_problem,staff_help_any_problem,no_empathy_staff,,,,Yes,Yes,,Yes
4034,no_evident_not_staff_help_any_problem,staff_help_any_problem,staff_fail_to_communicate_with_taxi,,,,No,No,,No
4035,no_evident_not_staff_help_any_problem,staff_help_any_problem,staff_fail_to_guest_request,,,,No,No,,No
4036,no_evident_not_staff_help_any_problem,staff_help_any_problem,staff_cannot_provide_double_bed,,,,No,No,,No
4037,no_evident_not_staff_help_any_problem,staff_help_any_problem,offended_staff,,,,No,Yes,Yes,Yes
4038,no_evident_not_staff_help_any_problem,staff_help_any_problem,staff_not_justify_booking_issue,,,,Yes,No,Yes,Yes
4039,no_evident_not_staff_help_any_problem,staff_help_any_problem,staff_charge_for_cancellation_while_no_cancellation_charge_in_Booking.com,,,,No,No,,No
4040,no_evident_not_staff_help_any_problem,staff_help_any_problem,staff_enforce_cancellation_charge,,,,No,No,,No
4041,no_evident_not_staff_help_any_problem,staff_help_any_problem,staff_mistakenly_throw_valuable_item_during_cleaning_service,,,,No,No,,No
4042,no_evident_not_staff_help_any_problem,staff_help_any_problem,staff_not_provide_good_solution,,,,Yes,Yes,,Yes
4043,no_evident_not_staff_help_any_problem,staff_help_any_problem,staff_has_unaceptable_manner,,,,Yes,Yes,,Yes
4044,no_evident_not_staff_help_any_problem,staff_help_any_problem,staff_not_speak_Cypriot_language,,,,No,No,,No
4045,no_evident_not_staff_help_any_problem,staff_help_any_problem,no_staff_at_night,,,,No,Yes,Yes,Yes
4046,no_evident_not_staff_help_any_problem,staff_help_any_problem,staff_not_understand_English_well,,,,No,No,,No
4047,no_evident_not_staff_help_any_problem,staff_help_any_problem,staff_cannot_give_bus_to_airport_information,,,,No,No,,No
4048,no_evident_not_staff_help_any_problem,staff_help_any_problem,only_one_staff_wear_mask,,,,No,No,,No
4049,no_evident_not_patient_staff,patient_staff,staff_not_speak_English_properly,,,,No,No,,No
4050,no_evident_not_patient_staff,patient_staff,staff_clean_after_complaint,,,,No,No,,No
4051,no_evident_not_patient_staff,patient_staff,staff_should_learn_better_English,,,,No,No,,No
4052,no_evident_not_patient_staff,patient_staff,staff_need_improve_organization,,,,No,No,,No
4053,no_evident_not_patient_staff,patient_staff,staff_need_improve_collaboration,,,,No,No,,No
4054,no_evident_not_patient_staff,patient_staff,staff_need_keep_update,,,,No,No,,No
4055,no_evident_not_patient_staff,patient_staff,not_kind_staff,,,,No,No,,No
4056,no_evident_not_patient_staff,patient_staff,no_empathy_staff,,,,No,No,,No
4057,no_evident_not_patient_staff,patient_staff,staff_fail_to_communicate_with_taxi,,,,No,No,,No
4058,no_evident_not_patient_staff,patient_staff,staff_fail_to_guest_request,,,,No,No,,No
4059,no_evident_not_patient_staff,patient_staff,staff_cannot_provide_double_bed,,,,No,No,,No
4060,no_evident_not_patient_staff,patient_staff,offended_staff,,,,No,Yes,Yes,Yes
4061,no_evident_not_patient_staff,patient_staff,staff_not_justify_booking_issue,,,,No,No,,No
4062,no_evident_not_patient_staff,patient_staff,staff_charge_for_cancellation_while_no_cancellation_charge_in_Booking.com,,,,No,No,,No
4063,no_evident_not_patient_staff,patient_staff,staff_enforce_cancellation_charge,,,,No,No,,No
4064,no_evident_not_patient_staff,patient_staff,staff_mistakenly_throw_valuable_item_during_cleaning_service,,,,No,No,,No
4065,no_evident_not_patient_staff,patient_staff,staff_not_provide_good_solution,,,,No,No,,No
4066,no_evident_not_patient_staff,patient_staff,staff_has_unaceptable_manner,,,,No,No,,No
4067,no_evident_not_patient_staff,patient_staff,staff_not_speak_Cypriot_language,,,,No,No,,No
4068,no_evident_not_patient_staff,patient_staff,no_staff_at_night,,,,No,No,,No
4069,no_evident_not_patient_staff,patient_staff,staff_not_understand_English_well,,,,No,No,,No
4070,no_evident_not_patient_staff,patient_staff,staff_cannot_give_bus_to_airport_information,,,,No,No,,No
4071,no_evident_not_patient_staff,patient_staff,only_one_staff_wear_mask,,,,No,No,,No
4072,no_evident_not_staff_give_family_room_as_requested,staff_give_family_room_as_requested,staff_not_speak_English_properly,,,,No,No,,No
4073,no_evident_not_staff_give_family_room_as_requested,staff_give_family_room_as_requested,staff_clean_after_complaint,,,,No,No,,No
4074,no_evident_not_staff_give_family_room_as_requested,staff_give_family_room_as_requested,staff_should_learn_better_English,,,,No,No,,No
4075,no_evident_not_staff_give_family_room_as_requested,staff_give_family_room_as_requested,staff_need_improve_organization,,,,No,No,,No
4076,no_evident_not_staff_give_family_room_as_requested,staff_give_family_room_as_requested,staff_need_improve_collaboration,,,,No,No,,No
4077,no_evident_not_staff_give_family_room_as_requested,staff_give_family_room_as_requested,staff_need_keep_update,,,,No,No,,No
4078,no_evident_not_staff_give_family_room_as_requested,staff_give_family_room_as_requested,not_kind_staff,,,,No,No,,No
4079,no_evident_not_staff_give_family_room_as_requested,staff_give_family_room_as_requested,no_empathy_staff,,,,No,No,,No
4080,no_evident_not_staff_give_family_room_as_requested,staff_give_family_room_as_requested,staff_fail_to_communicate_with_taxi,,,,No,No,,No
4081,no_evident_not_staff_give_family_room_as_requested,staff_give_family_room_as_requested,staff_fail_to_guest_request,,,,Yes,Yes,,Yes
4082,no_evident_not_staff_give_family_room_as_requested,staff_give_family_room_as_requested,staff_cannot_provide_double_bed,,,,No,No,,No
4083,no_evident_not_staff_give_family_room_as_requested,staff_give_family_room_as_requested,offended_staff,,,,No,No,,No
4084,no_evident_not_staff_give_family_room_as_requested,staff_give_family_room_as_requested,staff_not_justify_booking_issue,,,,No,No,,No
4085,no_evident_not_staff_give_family_room_as_requested,staff_give_family_room_as_requested,staff_charge_for_cancellation_while_no_cancellation_charge_in_Booking.com,,,,No,No,,No
4086,no_evident_not_staff_give_family_room_as_requested,staff_give_family_room_as_requested,staff_enforce_cancellation_charge,,,,No,No,,No
4087,no_evident_not_staff_give_family_room_as_requested,staff_give_family_room_as_requested,staff_mistakenly_throw_valuable_item_during_cleaning_service,,,,No,No,,No
4088,no_evident_not_staff_give_family_room_as_requested,staff_give_family_room_as_requested,staff_not_provide_good_solution,,,,No,No,,No
4089,no_evident_not_staff_give_family_room_as_requested,staff_give_family_room_as_requested,staff_has_unaceptable_manner,,,,No,No,,No
4090,no_evident_not_staff_give_family_room_as_requested,staff_give_family_room_as_requested,staff_not_speak_Cypriot_language,,,,No,No,,No
4091,no_evident_not_staff_give_family_room_as_requested,staff_give_family_room_as_requested,no_staff_at_night,,,,No,No,,No
4092,no_evident_not_staff_give_family_room_as_requested,staff_give_family_room_as_requested,staff_not_understand_English_well,,,,No,No,,No
4093,no_evident_not_staff_give_family_room_as_requested,staff_give_family_room_as_requested,staff_cannot_give_bus_to_airport_information,,,,No,No,,No
4094,no_evident_not_staff_give_family_room_as_requested,staff_give_family_room_as_requested,only_one_staff_wear_mask,,,,No,No,,No
4095,no_evident_not_staff_recommend_place_in_city,staff_recommend_place_in_city,staff_not_speak_English_properly,,,,No,No,,No
4096,no_evident_not_staff_recommend_place_in_city,staff_recommend_place_in_city,staff_clean_after_complaint,,,,No,No,,No
4097,no_evident_not_staff_recommend_place_in_city,staff_recommend_place_in_city,staff_should_learn_better_English,,,,No,No,,No
4098,no_evident_not_staff_recommend_place_in_city,staff_recommend_place_in_city,staff_need_improve_organization,,,,No,No,,No
4099,no_evident_not_staff_recommend_place_in_city,staff_recommend_place_in_city,staff_need_improve_collaboration,,,,No,No,,No
4100,no_evident_not_staff_recommend_place_in_city,staff_recommend_place_in_city,staff_need_keep_update,,,,No,No,,No
4101,no_evident_not_staff_recommend_place_in_city,staff_recommend_place_in_city,not_kind_staff,,,,No,Yes,Yes,Yes
4102,no_evident_not_staff_recommend_place_in_city,staff_recommend_place_in_city,no_empathy_staff,,,,Yes,No,Yes,Yes
4103,no_evident_not_staff_recommend_place_in_city,staff_recommend_place_in_city,staff_fail_to_communicate_with_taxi,,,,No,No,,No
4104,no_evident_not_staff_recommend_place_in_city,staff_recommend_place_in_city,staff_fail_to_guest_request,,,,No,No,,No
4105,no_evident_not_staff_recommend_place_in_city,staff_recommend_place_in_city,staff_cannot_provide_double_bed,,,,No,No,,No
4106,no_evident_not_staff_recommend_place_in_city,staff_recommend_place_in_city,offended_staff,,,,No,No,,No
4107,no_evident_not_staff_recommend_place_in_city,staff_recommend_place_in_city,staff_not_justify_booking_issue,,,,No,No,,No
4108,no_evident_not_staff_recommend_place_in_city,staff_recommend_place_in_city,staff_charge_for_cancellation_while_no_cancellation_charge_in_Booking.com,,,,No,No,,No
4109,no_evident_not_staff_recommend_place_in_city,staff_recommend_place_in_city,staff_enforce_cancellation_charge,,,,No,No,,No
4110,no_evident_not_staff_recommend_place_in_city,staff_recommend_place_in_city,staff_mistakenly_throw_valuable_item_during_cleaning_service,,,,No,No,,No
4111,no_evident_not_staff_recommend_place_in_city,staff_recommend_place_in_city,staff_not_provide_good_solution,,,,No,No,,No
4112,no_evident_not_staff_recommend_place_in_city,staff_recommend_place_in_city,staff_has_unaceptable_manner,,,,No,No,,No
4113,no_evident_not_staff_recommend_place_in_city,staff_recommend_place_in_city,staff_not_speak_Cypriot_language,,,,No,No,,No
4114,no_evident_not_staff_recommend_place_in_city,staff_recommend_place_in_city,no_staff_at_night,,,,No,Yes,No,No
4115,no_evident_not_staff_recommend_place_in_city,staff_recommend_place_in_city,staff_not_understand_English_well,,,,No,No,,No
4116,no_evident_not_staff_recommend_place_in_city,staff_recommend_place_in_city,staff_cannot_give_bus_to_airport_information,,,,No,No,,No
4117,no_evident_not_staff_recommend_place_in_city,staff_recommend_place_in_city,only_one_staff_wear_mask,,,,No,No,,No
4118,no_evident_not_staff_order_taxi,staff_order_taxi,staff_not_speak_English_properly,,,,No,No,,No
4119,no_evident_not_staff_order_taxi,staff_order_taxi,staff_clean_after_complaint,,,,No,No,,No
4120,no_evident_not_staff_order_taxi,staff_order_taxi,staff_should_learn_better_English,,,,No,No,,No
4121,no_evident_not_staff_order_taxi,staff_order_taxi,staff_need_improve_organization,,,,No,No,,No
4122,no_evident_not_staff_order_taxi,staff_order_taxi,staff_need_improve_collaboration,,,,No,No,,No
4123,no_evident_not_staff_order_taxi,staff_order_taxi,staff_need_keep_update,,,,No,No,,No
4124,no_evident_not_staff_order_taxi,staff_order_taxi,not_kind_staff,,,,No,No,,No
4125,no_evident_not_staff_order_taxi,staff_order_taxi,no_empathy_staff,,,,No,No,,No
4126,no_evident_not_staff_order_taxi,staff_order_taxi,staff_fail_to_communicate_with_taxi,,,,Yes,Yes,,Yes
4127,no_evident_not_staff_order_taxi,staff_order_taxi,staff_fail_to_guest_request,,,,No,No,,No
4128,no_evident_not_staff_order_taxi,staff_order_taxi,staff_cannot_provide_double_bed,,,,No,No,,No
4129,no_evident_not_staff_order_taxi,staff_order_taxi,offended_staff,,,,No,No,,No
4130,no_evident_not_staff_order_taxi,staff_order_taxi,staff_not_justify_booking_issue,,,,No,No,,No
4131,no_evident_not_staff_order_taxi,staff_order_taxi,staff_charge_for_cancellation_while_no_cancellation_charge_in_Booking.com,,,,No,No,,No
4132,no_evident_not_staff_order_taxi,staff_order_taxi,staff_enforce_cancellation_charge,,,,No,No,,No
4133,no_evident_not_staff_order_taxi,staff_order_taxi,staff_mistakenly_throw_valuable_item_during_cleaning_service,,,,No,No,,No
4134,no_evident_not_staff_order_taxi,staff_order_taxi,staff_not_provide_good_solution,,,,No,No,,No
4135,no_evident_not_staff_order_taxi,staff_order_taxi,staff_has_unaceptable_manner,,,,No,No,,No
4136,no_evident_not_staff_order_taxi,staff_order_taxi,staff_not_speak_Cypriot_language,,,,No,No,,No
4137,no_evident_not_staff_order_taxi,staff_order_taxi,no_staff_at_night,,,,No,Yes,No,No
4138,no_evident_not_staff_order_taxi,staff_order_taxi,staff_not_understand_English_well,,,,No,No,,No
4139,no_evident_not_staff_order_taxi,staff_order_taxi,staff_cannot_give_bus_to_airport_information,,,,No,No,,No
4140,no_evident_not_staff_order_taxi,staff_order_taxi,only_one_staff_wear_mask,,,,No,No,,No
4141,no_evident_not_staff_help_with_car_rental,staff_help_with_car_rental,staff_not_speak_English_properly,,,,No,No,,No
4142,no_evident_not_staff_help_with_car_rental,staff_help_with_car_rental,staff_clean_after_complaint,,,,No,No,,No
4143,no_evident_not_staff_help_with_car_rental,staff_help_with_car_rental,staff_should_learn_better_English,,,,No,No,,No
4144,no_evident_not_staff_help_with_car_rental,staff_help_with_car_rental,staff_need_improve_organization,,,,No,No,,No
4145,no_evident_not_staff_help_with_car_rental,staff_help_with_car_rental,staff_need_improve_collaboration,,,,No,No,,No
4146,no_evident_not_staff_help_with_car_rental,staff_help_with_car_rental,staff_need_keep_update,,,,No,No,,No
4147,no_evident_not_staff_help_with_car_rental,staff_help_with_car_rental,not_kind_staff,,,,No,Yes,Yes,Yes
4148,no_evident_not_staff_help_with_car_rental,staff_help_with_car_rental,no_empathy_staff,,,,Yes,No,Yes,Yes
4149,no_evident_not_staff_help_with_car_rental,staff_help_with_car_rental,staff_fail_to_communicate_with_taxi,,,,No,No,,No
4150,no_evident_not_staff_help_with_car_rental,staff_help_with_car_rental,staff_fail_to_guest_request,,,,No,No,,No
4151,no_evident_not_staff_help_with_car_rental,staff_help_with_car_rental,staff_cannot_provide_double_bed,,,,No,No,,No
4152,no_evident_not_staff_help_with_car_rental,staff_help_with_car_rental,offended_staff,,,,No,No,,No
4153,no_evident_not_staff_help_with_car_rental,staff_help_with_car_rental,staff_not_justify_booking_issue,,,,No,No,,No
4154,no_evident_not_staff_help_with_car_rental,staff_help_with_car_rental,staff_charge_for_cancellation_while_no_cancellation_charge_in_Booking.com,,,,No,No,,No
4155,no_evident_not_staff_help_with_car_rental,staff_help_with_car_rental,staff_enforce_cancellation_charge,,,,No,No,,No
4156,no_evident_not_staff_help_with_car_rental,staff_help_with_car_rental,staff_mistakenly_throw_valuable_item_during_cleaning_service,,,,No,No,,No
4157,no_evident_not_staff_help_with_car_rental,staff_help_with_car_rental,staff_not_provide_good_solution,,,,No,No,,No
4158,no_evident_not_staff_help_with_car_rental,staff_help_with_car_rental,staff_has_unaceptable_manner,,,,No,No,,No
4159,no_evident_not_staff_help_with_car_rental,staff_help_with_car_rental,staff_not_speak_Cypriot_language,,,,No,No,,No
4160,no_evident_not_staff_help_with_car_rental,staff_help_with_car_rental,no_staff_at_night,,,,No,Yes,No,No
4161,no_evident_not_staff_help_with_car_rental,staff_help_with_car_rental,staff_not_understand_English_well,,,,No,No,,No
4162,no_evident_not_staff_help_with_car_rental,staff_help_with_car_rental,staff_cannot_give_bus_to_airport_information,,,,No,No,,No
4163,no_evident_not_staff_help_with_car_rental,staff_help_with_car_rental,only_one_staff_wear_mask,,,,No,No,,No
4164,no_evident_not_staff_celebrate_our_daughter_birthday,staff_celebrate_our_daughter_birthday,staff_not_speak_English_properly,,,,No,No,,No
4165,no_evident_not_staff_celebrate_our_daughter_birthday,staff_celebrate_our_daughter_birthday,staff_clean_after_complaint,,,,No,No,,No
4166,no_evident_not_staff_celebrate_our_daughter_birthday,staff_celebrate_our_daughter_birthday,staff_should_learn_better_English,,,,No,No,,No
4167,no_evident_not_staff_celebrate_our_daughter_birthday,staff_celebrate_our_daughter_birthday,staff_need_improve_organization,,,,No,No,,No
4168,no_evident_not_staff_celebrate_our_daughter_birthday,staff_celebrate_our_daughter_birthday,staff_need_improve_collaboration,,,,No,No,,No
4169,no_evident_not_staff_celebrate_our_daughter_birthday,staff_celebrate_our_daughter_birthday,staff_need_keep_update,,,,No,No,,No
4170,no_evident_not_staff_celebrate_our_daughter_birthday,staff_celebrate_our_daughter_birthday,not_kind_staff,,,,Yes,Yes,,Yes
4171,no_evident_not_staff_celebrate_our_daughter_birthday,staff_celebrate_our_daughter_birthday,no_empathy_staff,,,,Yes,No,Yes,Yes
4172,no_evident_not_staff_celebrate_our_daughter_birthday,staff_celebrate_our_daughter_birthday,staff_fail_to_communicate_with_taxi,,,,No,No,,No
4173,no_evident_not_staff_celebrate_our_daughter_birthday,staff_celebrate_our_daughter_birthday,staff_fail_to_guest_request,,,,No,No,,No
4174,no_evident_not_staff_celebrate_our_daughter_birthday,staff_celebrate_our_daughter_birthday,staff_cannot_provide_double_bed,,,,No,No,,No
4175,no_evident_not_staff_celebrate_our_daughter_birthday,staff_celebrate_our_daughter_birthday,offended_staff,,,,No,No,,No
4176,no_evident_not_staff_celebrate_our_daughter_birthday,staff_celebrate_our_daughter_birthday,staff_not_justify_booking_issue,,,,No,No,,No
4177,no_evident_not_staff_celebrate_our_daughter_birthday,staff_celebrate_our_daughter_birthday,staff_charge_for_cancellation_while_no_cancellation_charge_in_Booking.com,,,,No,No,,No
4178,no_evident_not_staff_celebrate_our_daughter_birthday,staff_celebrate_our_daughter_birthday,staff_enforce_cancellation_charge,,,,No,No,,No
4179,no_evident_not_staff_celebrate_our_daughter_birthday,staff_celebrate_our_daughter_birthday,staff_mistakenly_throw_valuable_item_during_cleaning_service,,,,No,No,,No
4180,no_evident_not_staff_celebrate_our_daughter_birthday,staff_celebrate_our_daughter_birthday,staff_not_provide_good_solution,,,,No,No,,No
4181,no_evident_not_staff_celebrate_our_daughter_birthday,staff_celebrate_our_daughter_birthday,staff_has_unaceptable_manner,,,,Yes,No,Yes,Yes
4182,no_evident_not_staff_celebrate_our_daughter_birthday,staff_celebrate_our_daughter_birthday,staff_not_speak_Cypriot_language,,,,No,No,,No
4183,no_evident_not_staff_celebrate_our_daughter_birthday,staff_celebrate_our_daughter_birthday,no_staff_at_night,,,,No,Yes,No,No
4184,no_evident_not_staff_celebrate_our_daughter_birthday,staff_celebrate_our_daughter_birthday,staff_not_understand_English_well,,,,No,No,,No
4185,no_evident_not_staff_celebrate_our_daughter_birthday,staff_celebrate_our_daughter_birthday,staff_cannot_give_bus_to_airport_information,,,,No,No,,No
4186,no_evident_not_staff_celebrate_our_daughter_birthday,staff_celebrate_our_daughter_birthday,only_one_staff_wear_mask,,,,No,No,,No
4187,no_evident_not_10/10_staff,10/10_staff,staff_not_speak_English_properly,,,,Yes,Yes,,Yes
4188,no_evident_not_10/10_staff,10/10_staff,staff_clean_after_complaint,,,,No,No,,No
4189,no_evident_not_10/10_staff,10/10_staff,staff_should_learn_better_English,,,,Yes,Yes,,Yes
4190,no_evident_not_10/10_staff,10/10_staff,staff_need_improve_organization,,,,Yes,Yes,,Yes
4191,no_evident_not_10/10_staff,10/10_staff,staff_need_improve_collaboration,,,,Yes,Yes,,Yes
4192,no_evident_not_10/10_staff,10/10_staff,staff_need_keep_update,,,,Yes,Yes,,Yes
4193,no_evident_not_10/10_staff,10/10_staff,not_kind_staff,,,,Yes,Yes,,Yes
4194,no_evident_not_10/10_staff,10/10_staff,no_empathy_staff,,,,Yes,Yes,,Yes
4195,no_evident_not_10/10_staff,10/10_staff,staff_fail_to_communicate_with_taxi,,,,Yes,Yes,,Yes
4196,no_evident_not_10/10_staff,10/10_staff,staff_fail_to_guest_request,,,,Yes,Yes,,Yes
4197,no_evident_not_10/10_staff,10/10_staff,staff_cannot_provide_double_bed,,,,Yes,Yes,,Yes
4198,no_evident_not_10/10_staff,10/10_staff,offended_staff,,,,Yes,Yes,,Yes
4199,no_evident_not_10/10_staff,10/10_staff,staff_not_justify_booking_issue,,,,Yes,Yes,,Yes
4200,no_evident_not_10/10_staff,10/10_staff,staff_charge_for_cancellation_while_no_cancellation_charge_in_Booking.com,,,,Yes,Yes,,Yes
4201,no_evident_not_10/10_staff,10/10_staff,staff_enforce_cancellation_charge,,,,Yes,No,Yes,Yes
4202,no_evident_not_10/10_staff,10/10_staff,staff_mistakenly_throw_valuable_item_during_cleaning_service,,,,Yes,Yes,,Yes
4203,no_evident_not_10/10_staff,10/10_staff,staff_not_provide_good_solution,,,,Yes,Yes,,Yes
4204,no_evident_not_10/10_staff,10/10_staff,staff_has_unaceptable_manner,,,,Yes,Yes,,Yes
4205,no_evident_not_10/10_staff,10/10_staff,staff_not_speak_Cypriot_language,,,,Yes,Yes,,Yes
4206,no_evident_not_10/10_staff,10/10_staff,no_staff_at_night,,,,Yes,No,Yes,Yes
4207,no_evident_not_10/10_staff,10/10_staff,staff_not_understand_English_well,,,,Yes,Yes,,Yes
4208,no_evident_not_10/10_staff,10/10_staff,staff_cannot_give_bus_to_airport_information,,,,Yes,Yes,,Yes
4209,no_evident_not_10/10_staff,10/10_staff,only_one_staff_wear_mask,,,,Yes,Yes,,Yes
4210,no_evident_not_courteous_staff,courteous_staff,staff_not_speak_English_properly,,,,No,No,,No
4211,no_evident_not_courteous_staff,courteous_staff,staff_clean_after_complaint,,,,No,No,,No
4212,no_evident_not_courteous_staff,courteous_staff,staff_should_learn_better_English,,,,No,No,,No
4213,no_evident_not_courteous_staff,courteous_staff,staff_need_improve_organization,,,,No,No,,No
4214,no_evident_not_courteous_staff,courteous_staff,staff_need_improve_collaboration,,,,No,No,,No
4215,no_evident_not_courteous_staff,courteous_staff,staff_need_keep_update,,,,No,No,,No
4216,no_evident_not_courteous_staff,courteous_staff,not_kind_staff,,,,Yes,No,Yes,Yes
4217,no_evident_not_courteous_staff,courteous_staff,no_empathy_staff,,,,Yes,No,Yes,Yes
4218,no_evident_not_courteous_staff,courteous_staff,staff_fail_to_communicate_with_taxi,,,,No,No,,No
4219,no_evident_not_courteous_staff,courteous_staff,staff_fail_to_guest_request,,,,No,No,,No
4220,no_evident_not_courteous_staff,courteous_staff,staff_cannot_provide_double_bed,,,,No,No,,No
4221,no_evident_not_courteous_staff,courteous_staff,offended_staff,,,,Yes,No,Yes,Yes
4222,no_evident_not_courteous_staff,courteous_staff,staff_not_justify_booking_issue,,,,No,No,,No
4223,no_evident_not_courteous_staff,courteous_staff,staff_charge_for_cancellation_while_no_cancellation_charge_in_Booking.com,,,,No,No,,No
4224,no_evident_not_courteous_staff,courteous_staff,staff_enforce_cancellation_charge,,,,No,No,,No
4225,no_evident_not_courteous_staff,courteous_staff,staff_mistakenly_throw_valuable_item_during_cleaning_service,,,,No,No,,No
4226,no_evident_not_courteous_staff,courteous_staff,staff_not_provide_good_solution,,,,No,No,,No
4227,no_evident_not_courteous_staff,courteous_staff,staff_has_unaceptable_manner,,,,Yes,Yes,,Yes
4228,no_evident_not_courteous_staff,courteous_staff,staff_not_speak_Cypriot_language,,,,No,No,,No
4229,no_evident_not_courteous_staff,courteous_staff,no_staff_at_night,,,,No,No,,No
4230,no_evident_not_courteous_staff,courteous_staff,staff_not_understand_English_well,,,,No,No,,No
4231,no_evident_not_courteous_staff,courteous_staff,staff_cannot_give_bus_to_airport_information,,,,No,No,,No
4232,no_evident_not_courteous_staff,courteous_staff,only_one_staff_wear_mask,,,,No,No,,No
4233,no_evident_not_welcoming_service_staff,welcoming_service_staff,staff_not_speak_English_properly,,,,No,No,,No
4234,no_evident_not_welcoming_service_staff,welcoming_service_staff,staff_clean_after_complaint,,,,No,No,,No
4235,no_evident_not_welcoming_service_staff,welcoming_service_staff,staff_should_learn_better_English,,,,No,No,,No
4236,no_evident_not_welcoming_service_staff,welcoming_service_staff,staff_need_improve_organization,,,,No,No,,No
4237,no_evident_not_welcoming_service_staff,welcoming_service_staff,staff_need_improve_collaboration,,,,No,No,,No
4238,no_evident_not_welcoming_service_staff,welcoming_service_staff,staff_need_keep_update,,,,No,No,,No
4239,no_evident_not_welcoming_service_staff,welcoming_service_staff,not_kind_staff,,,,Yes,Yes,,Yes
4240,no_evident_not_welcoming_service_staff,welcoming_service_staff,no_empathy_staff,,,,Yes,Yes,,Yes
4241,no_evident_not_welcoming_service_staff,welcoming_service_staff,staff_fail_to_communicate_with_taxi,,,,No,No,,No
4242,no_evident_not_welcoming_service_staff,welcoming_service_staff,staff_fail_to_guest_request,,,,No,No,,No
4243,no_evident_not_welcoming_service_staff,welcoming_service_staff,staff_cannot_provide_double_bed,,,,No,No,,No
4244,no_evident_not_welcoming_service_staff,welcoming_service_staff,offended_staff,,,,No,Yes,Yes,Yes
4245,no_evident_not_welcoming_service_staff,welcoming_service_staff,staff_not_justify_booking_issue,,,,Yes,No,Yes,Yes
4246,no_evident_not_welcoming_service_staff,welcoming_service_staff,staff_charge_for_cancellation_while_no_cancellation_charge_in_Booking.com,,,,Yes,No,Yes,Yes
4247,no_evident_not_welcoming_service_staff,welcoming_service_staff,staff_enforce_cancellation_charge,,,,No,No,,No
4248,no_evident_not_welcoming_service_staff,welcoming_service_staff,staff_mistakenly_throw_valuable_item_during_cleaning_service,,,,No,No,,No
4249,no_evident_not_welcoming_service_staff,welcoming_service_staff,staff_not_provide_good_solution,,,,No,No,,No
4250,no_evident_not_welcoming_service_staff,welcoming_service_staff,staff_has_unaceptable_manner,,,,Yes,Yes,,Yes
4251,no_evident_not_welcoming_service_staff,welcoming_service_staff,staff_not_speak_Cypriot_language,,,,No,No,,No
4252,no_evident_not_welcoming_service_staff,welcoming_service_staff,no_staff_at_night,,,,No,No,,No
4253,no_evident_not_welcoming_service_staff,welcoming_service_staff,staff_not_understand_English_well,,,,No,No,,No
4254,no_evident_not_welcoming_service_staff,welcoming_service_staff,staff_cannot_give_bus_to_airport_information,,,,No,No,,No
4255,no_evident_not_welcoming_service_staff,welcoming_service_staff,only_one_staff_wear_mask,,,,No,No,,No
4256,no_evident_not_highest_level_service,highest_level_service,staff_not_speak_English_properly,,,,No,No,,No
4257,no_evident_not_highest_level_service,highest_level_service,staff_clean_after_complaint,,,,No,No,,No
4258,no_evident_not_highest_level_service,highest_level_service,staff_should_learn_better_English,,,,No,No,,No
4259,no_evident_not_highest_level_service,highest_level_service,staff_need_improve_organization,,,,No,No,,No
4260,no_evident_not_highest_level_service,highest_level_service,staff_need_improve_collaboration,,,,No,No,,No
4261,no_evident_not_highest_level_service,highest_level_service,staff_need_keep_update,,,,No,No,,No
4262,no_evident_not_highest_level_service,highest_level_service,not_kind_staff,,,,No,Yes,Yes,Yes
4263,no_evident_not_highest_level_service,highest_level_service,no_empathy_staff,,,,No,Yes,Yes,Yes
4264,no_evident_not_highest_level_service,highest_level_service,staff_fail_to_communicate_with_taxi,,,,Yes,No,Yes,Yes
4265,no_evident_not_highest_level_service,highest_level_service,staff_fail_to_guest_request,,,,Yes,No,Yes,Yes
4266,no_evident_not_highest_level_service,highest_level_service,staff_cannot_provide_double_bed,,,,Yes,Yes,,Yes
4267,no_evident_not_highest_level_service,highest_level_service,offended_staff,,,,No,Yes,Yes,Yes
4268,no_evident_not_highest_level_service,highest_level_service,staff_not_justify_booking_issue,,,,Yes,Yes,,Yes
4269,no_evident_not_highest_level_service,highest_level_service,staff_charge_for_cancellation_while_no_cancellation_charge_in_Booking.com,,,,Yes,Yes,,Yes
4270,no_evident_not_highest_level_service,highest_level_service,staff_enforce_cancellation_charge,,,,Yes,No,Yes,Yes
4271,no_evident_not_highest_level_service,highest_level_service,staff_mistakenly_throw_valuable_item_during_cleaning_service,,,,Yes,No,Yes,Yes
4272,no_evident_not_highest_level_service,highest_level_service,staff_not_provide_good_solution,,,,Yes,No,Yes,Yes
4273,no_evident_not_highest_level_service,highest_level_service,staff_has_unaceptable_manner,,,,Yes,Yes,,Yes
4274,no_evident_not_highest_level_service,highest_level_service,staff_not_speak_Cypriot_language,,,,No,No,,No
4275,no_evident_not_highest_level_service,highest_level_service,no_staff_at_night,,,,Yes,No,Yes,Yes
4276,no_evident_not_highest_level_service,highest_level_service,staff_not_understand_English_well,,,,No,No,,No
4277,no_evident_not_highest_level_service,highest_level_service,staff_cannot_give_bus_to_airport_information,,,,Yes,No,Yes,Yes
4278,no_evident_not_highest_level_service,highest_level_service,only_one_staff_wear_mask,,,,No,No,,No
4279,no_evident_not_staff_ready_to_help,staff_ready_to_help,staff_not_speak_English_properly,,,,No,No,,No
4280,no_evident_not_staff_ready_to_help,staff_ready_to_help,staff_clean_after_complaint,,,,No,No,,No
4281,no_evident_not_staff_ready_to_help,staff_ready_to_help,staff_should_learn_better_English,,,,No,No,,No
4282,no_evident_not_staff_ready_to_help,staff_ready_to_help,staff_need_improve_organization,,,,No,No,,No
4283,no_evident_not_staff_ready_to_help,staff_ready_to_help,staff_need_improve_collaboration,,,,No,No,,No
4284,no_evident_not_staff_ready_to_help,staff_ready_to_help,staff_need_keep_update,,,,No,No,,No
4285,no_evident_not_staff_ready_to_help,staff_ready_to_help,not_kind_staff,,,,No,Yes,Yes,Yes
4286,no_evident_not_staff_ready_to_help,staff_ready_to_help,no_empathy_staff,,,,Yes,Yes,,Yes
4287,no_evident_not_staff_ready_to_help,staff_ready_to_help,staff_fail_to_communicate_with_taxi,,,,No,No,,No
4288,no_evident_not_staff_ready_to_help,staff_ready_to_help,staff_fail_to_guest_request,,,,Yes,No,Yes,Yes
4289,no_evident_not_staff_ready_to_help,staff_ready_to_help,staff_cannot_provide_double_bed,,,,No,Yes,Yes,Yes
4290,no_evident_not_staff_ready_to_help,staff_ready_to_help,offended_staff,,,,No,No,,No
4291,no_evident_not_staff_ready_to_help,staff_ready_to_help,staff_not_justify_booking_issue,,,,Yes,Yes,,Yes
4292,no_evident_not_staff_ready_to_help,staff_ready_to_help,staff_charge_for_cancellation_while_no_cancellation_charge_in_Booking.com,,,,No,No,,No
4293,no_evident_not_staff_ready_to_help,staff_ready_to_help,staff_enforce_cancellation_charge,,,,No,No,,No
4294,no_evident_not_staff_ready_to_help,staff_ready_to_help,staff_mistakenly_throw_valuable_item_during_cleaning_service,,,,No,No,,No
4295,no_evident_not_staff_ready_to_help,staff_ready_to_help,staff_not_provide_good_solution,,,,Yes,No,Yes,Yes
4296,no_evident_not_staff_ready_to_help,staff_ready_to_help,staff_has_unaceptable_manner,,,,Yes,Yes,,Yes
4297,no_evident_not_staff_ready_to_help,staff_ready_to_help,staff_not_speak_Cypriot_language,,,,Yes,No,Yes,Yes
4298,no_evident_not_staff_ready_to_help,staff_ready_to_help,no_staff_at_night,,,,Yes,Yes,,Yes
4299,no_evident_not_staff_ready_to_help,staff_ready_to_help,staff_not_understand_English_well,,,,Yes,No,Yes,Yes
4300,no_evident_not_staff_ready_to_help,staff_ready_to_help,staff_cannot_give_bus_to_airport_information,,,,Yes,No,Yes,Yes
4301,no_evident_not_staff_ready_to_help,staff_ready_to_help,only_one_staff_wear_mask,,,,No,No,,No
4302,no_evident_not_staff_kept_suitcase_whole_day,staff_kept_suitcase_whole_day,staff_not_speak_English_properly,,,,No,No,,No
4303,no_evident_not_staff_kept_suitcase_whole_day,staff_kept_suitcase_whole_day,staff_clean_after_complaint,,,,No,No,,No
4304,no_evident_not_staff_kept_suitcase_whole_day,staff_kept_suitcase_whole_day,staff_should_learn_better_English,,,,No,No,,No
4305,no_evident_not_staff_kept_suitcase_whole_day,staff_kept_suitcase_whole_day,staff_need_improve_organization,,,,No,No,,No
4306,no_evident_not_staff_kept_suitcase_whole_day,staff_kept_suitcase_whole_day,staff_need_improve_collaboration,,,,No,No,,No
4307,no_evident_not_staff_kept_suitcase_whole_day,staff_kept_suitcase_whole_day,staff_need_keep_update,,,,No,No,,No
4308,no_evident_not_staff_kept_suitcase_whole_day,staff_kept_suitcase_whole_day,not_kind_staff,,,,No,No,,No
4309,no_evident_not_staff_kept_suitcase_whole_day,staff_kept_suitcase_whole_day,no_empathy_staff,,,,No,No,,No
4310,no_evident_not_staff_kept_suitcase_whole_day,staff_kept_suitcase_whole_day,staff_fail_to_communicate_with_taxi,,,,No,No,,No
4311,no_evident_not_staff_kept_suitcase_whole_day,staff_kept_suitcase_whole_day,staff_fail_to_guest_request,,,,No,No,,No
4312,no_evident_not_staff_kept_suitcase_whole_day,staff_kept_suitcase_whole_day,staff_cannot_provide_double_bed,,,,No,No,,No
4313,no_evident_not_staff_kept_suitcase_whole_day,staff_kept_suitcase_whole_day,offended_staff,,,,No,No,,No
4314,no_evident_not_staff_kept_suitcase_whole_day,staff_kept_suitcase_whole_day,staff_not_justify_booking_issue,,,,No,No,,No
4315,no_evident_not_staff_kept_suitcase_whole_day,staff_kept_suitcase_whole_day,staff_charge_for_cancellation_while_no_cancellation_charge_in_Booking.com,,,,No,No,,No
4316,no_evident_not_staff_kept_suitcase_whole_day,staff_kept_suitcase_whole_day,staff_enforce_cancellation_charge,,,,No,No,,No
4317,no_evident_not_staff_kept_suitcase_whole_day,staff_kept_suitcase_whole_day,staff_mistakenly_throw_valuable_item_during_cleaning_service,,,,No,No,,No
4318,no_evident_not_staff_kept_suitcase_whole_day,staff_kept_suitcase_whole_day,staff_not_provide_good_solution,,,,No,No,,No
4319,no_evident_not_staff_kept_suitcase_whole_day,staff_kept_suitcase_whole_day,staff_has_unaceptable_manner,,,,No,No,,No
4320,no_evident_not_staff_kept_suitcase_whole_day,staff_kept_suitcase_whole_day,staff_not_speak_Cypriot_language,,,,No,No,,No
4321,no_evident_not_staff_kept_suitcase_whole_day,staff_kept_suitcase_whole_day,no_staff_at_night,,,,No,Yes,Yes,Yes
4322,no_evident_not_staff_kept_suitcase_whole_day,staff_kept_suitcase_whole_day,staff_not_understand_English_well,,,,No,No,,No
4323,no_evident_not_staff_kept_suitcase_whole_day,staff_kept_suitcase_whole_day,staff_cannot_give_bus_to_airport_information,,,,No,No,,No
4324,no_evident_not_staff_kept_suitcase_whole_day,staff_kept_suitcase_whole_day,only_one_staff_wear_mask,,,,No,No,,No
4325,no_evident_not_staff_give_free_room_upgrade_to_superior_room,staff_give_free_room_upgrade_to_superior_room,staff_not_speak_English_properly,,,,No,No,,No
4326,no_evident_not_staff_give_free_room_upgrade_to_superior_room,staff_give_free_room_upgrade_to_superior_room,staff_clean_after_complaint,,,,No,No,,No
4327,no_evident_not_staff_give_free_room_upgrade_to_superior_room,staff_give_free_room_upgrade_to_superior_room,staff_should_learn_better_English,,,,No,No,,No
4328,no_evident_not_staff_give_free_room_upgrade_to_superior_room,staff_give_free_room_upgrade_to_superior_room,staff_need_improve_organization,,,,No,No,,No
4329,no_evident_not_staff_give_free_room_upgrade_to_superior_room,staff_give_free_room_upgrade_to_superior_room,staff_need_improve_collaboration,,,,No,No,,No
4330,no_evident_not_staff_give_free_room_upgrade_to_superior_room,staff_give_free_room_upgrade_to_superior_room,staff_need_keep_update,,,,No,No,,No
4331,no_evident_not_staff_give_free_room_upgrade_to_superior_room,staff_give_free_room_upgrade_to_superior_room,not_kind_staff,,,,Yes,Yes,,Yes
4332,no_evident_not_staff_give_free_room_upgrade_to_superior_room,staff_give_free_room_upgrade_to_superior_room,no_empathy_staff,,,,Yes,No,Yes,Yes
4333,no_evident_not_staff_give_free_room_upgrade_to_superior_room,staff_give_free_room_upgrade_to_superior_room,staff_fail_to_communicate_with_taxi,,,,No,No,,No
4334,no_evident_not_staff_give_free_room_upgrade_to_superior_room,staff_give_free_room_upgrade_to_superior_room,staff_fail_to_guest_request,,,,No,No,,No
4335,no_evident_not_staff_give_free_room_upgrade_to_superior_room,staff_give_free_room_upgrade_to_superior_room,staff_cannot_provide_double_bed,,,,No,No,,No
4336,no_evident_not_staff_give_free_room_upgrade_to_superior_room,staff_give_free_room_upgrade_to_superior_room,offended_staff,,,,No,No,,No
4337,no_evident_not_staff_give_free_room_upgrade_to_superior_room,staff_give_free_room_upgrade_to_superior_room,staff_not_justify_booking_issue,,,,No,Yes,Yes,Yes
4338,no_evident_not_staff_give_free_room_upgrade_to_superior_room,staff_give_free_room_upgrade_to_superior_room,staff_charge_for_cancellation_while_no_cancellation_charge_in_Booking.com,,,,No,No,,No
4339,no_evident_not_staff_give_free_room_upgrade_to_superior_room,staff_give_free_room_upgrade_to_superior_room,staff_enforce_cancellation_charge,,,,No,No,,No
4340,no_evident_not_staff_give_free_room_upgrade_to_superior_room,staff_give_free_room_upgrade_to_superior_room,staff_mistakenly_throw_valuable_item_during_cleaning_service,,,,No,No,,No
4341,no_evident_not_staff_give_free_room_upgrade_to_superior_room,staff_give_free_room_upgrade_to_superior_room,staff_not_provide_good_solution,,,,No,No,,No
4342,no_evident_not_staff_give_free_room_upgrade_to_superior_room,staff_give_free_room_upgrade_to_superior_room,staff_has_unaceptable_manner,,,,No,No,,No
4343,no_evident_not_staff_give_free_room_upgrade_to_superior_room,staff_give_free_room_upgrade_to_superior_room,staff_not_speak_Cypriot_language,,,,No,No,,No
4344,no_evident_not_staff_give_free_room_upgrade_to_superior_room,staff_give_free_room_upgrade_to_superior_room,no_staff_at_night,,,,No,Yes,No,No
4345,no_evident_not_staff_give_free_room_upgrade_to_superior_room,staff_give_free_room_upgrade_to_superior_room,staff_not_understand_English_well,,,,No,No,,No
4346,no_evident_not_staff_give_free_room_upgrade_to_superior_room,staff_give_free_room_upgrade_to_superior_room,staff_cannot_give_bus_to_airport_information,,,,No,No,,No
4347,no_evident_not_staff_give_free_room_upgrade_to_superior_room,staff_give_free_room_upgrade_to_superior_room,only_one_staff_wear_mask,,,,No,No,,No
4348,no_evident_not_staff_help_with_everything,staff_help_with_everything,staff_not_speak_English_properly,,,,No,No,,No
4349,no_evident_not_staff_help_with_everything,staff_help_with_everything,staff_clean_after_complaint,,,,No,No,,No
4350,no_evident_not_staff_help_with_everything,staff_help_with_everything,staff_should_learn_better_English,,,,No,No,,No
4351,no_evident_not_staff_help_with_everything,staff_help_with_everything,staff_need_improve_organization,,,,No,No,,No
4352,no_evident_not_staff_help_with_everything,staff_help_with_everything,staff_need_improve_collaboration,,,,No,No,,No
4353,no_evident_not_staff_help_with_everything,staff_help_with_everything,staff_need_keep_update,,,,No,No,,No
4354,no_evident_not_staff_help_with_everything,staff_help_with_everything,not_kind_staff,,,,Yes,Yes,,Yes
4355,no_evident_not_staff_help_with_everything,staff_help_with_everything,no_empathy_staff,,,,Yes,Yes,,Yes
4356,no_evident_not_staff_help_with_everything,staff_help_with_everything,staff_fail_to_communicate_with_taxi,,,,No,Yes,Yes,Yes
4357,no_evident_not_staff_help_with_everything,staff_help_with_everything,staff_fail_to_guest_request,,,,No,Yes,Yes,Yes
4358,no_evident_not_staff_help_with_everything,staff_help_with_everything,staff_cannot_provide_double_bed,,,,No,Yes,Yes,Yes
4359,no_evident_not_staff_help_with_everything,staff_help_with_everything,offended_staff,,,,No,No,,No
4360,no_evident_not_staff_help_with_everything,staff_help_with_everything,staff_not_justify_booking_issue,,,,Yes,Yes,,Yes
4361,no_evident_not_staff_help_with_everything,staff_help_with_everything,staff_charge_for_cancellation_while_no_cancellation_charge_in_Booking.com,,,,No,Yes,Yes,Yes
4362,no_evident_not_staff_help_with_everything,staff_help_with_everything,staff_enforce_cancellation_charge,,,,No,No,,No
4363,no_evident_not_staff_help_with_everything,staff_help_with_everything,staff_mistakenly_throw_valuable_item_during_cleaning_service,,,,No,No,,No
4364,no_evident_not_staff_help_with_everything,staff_help_with_everything,staff_not_provide_good_solution,,,,Yes,Yes,,Yes
4365,no_evident_not_staff_help_with_everything,staff_help_with_everything,staff_has_unaceptable_manner,,,,No,Yes,Yes,Yes
4366,no_evident_not_staff_help_with_everything,staff_help_with_everything,staff_not_speak_Cypriot_language,,,,No,No,,No
4367,no_evident_not_staff_help_with_everything,staff_help_with_everything,no_staff_at_night,,,,No,Yes,No,No
4368,no_evident_not_staff_help_with_everything,staff_help_with_everything,staff_not_understand_English_well,,,,No,No,,No
4369,no_evident_not_staff_help_with_everything,staff_help_with_everything,staff_cannot_give_bus_to_airport_information,,,,No,Yes,Yes,Yes
4370,no_evident_not_staff_help_with_everything,staff_help_with_everything,only_one_staff_wear_mask,,,,No,No,,No
4371,no_evident_not_staff_alway_available_to_satisfy_you,staff_alway_available_to_satisfy_you,staff_not_speak_English_properly,,,,No,No,,No
4372,no_evident_not_staff_alway_available_to_satisfy_you,staff_alway_available_to_satisfy_you,staff_clean_after_complaint,,,,No,No,,No
4373,no_evident_not_staff_alway_available_to_satisfy_you,staff_alway_available_to_satisfy_you,staff_should_learn_better_English,,,,No,No,,No
4374,no_evident_not_staff_alway_available_to_satisfy_you,staff_alway_available_to_satisfy_you,staff_need_improve_organization,,,,No,No,,No
4375,no_evident_not_staff_alway_available_to_satisfy_you,staff_alway_available_to_satisfy_you,staff_need_improve_collaboration,,,,No,No,,No
4376,no_evident_not_staff_alway_available_to_satisfy_you,staff_alway_available_to_satisfy_you,staff_need_keep_update,,,,No,No,,No
4377,no_evident_not_staff_alway_available_to_satisfy_you,staff_alway_available_to_satisfy_you,not_kind_staff,,,,No,No,,No
4378,no_evident_not_staff_alway_available_to_satisfy_you,staff_alway_available_to_satisfy_you,no_empathy_staff,,,,No,No,,No
4379,no_evident_not_staff_alway_available_to_satisfy_you,staff_alway_available_to_satisfy_you,staff_fail_to_communicate_with_taxi,,,,No,No,,No
4380,no_evident_not_staff_alway_available_to_satisfy_you,staff_alway_available_to_satisfy_you,staff_fail_to_guest_request,,,,No,No,,No
4381,no_evident_not_staff_alway_available_to_satisfy_you,staff_alway_available_to_satisfy_you,staff_cannot_provide_double_bed,,,,No,No,,No
4382,no_evident_not_staff_alway_available_to_satisfy_you,staff_alway_available_to_satisfy_you,offended_staff,,,,No,No,,No
4383,no_evident_not_staff_alway_available_to_satisfy_you,staff_alway_available_to_satisfy_you,staff_not_justify_booking_issue,,,,No,No,,No
4384,no_evident_not_staff_alway_available_to_satisfy_you,staff_alway_available_to_satisfy_you,staff_charge_for_cancellation_while_no_cancellation_charge_in_Booking.com,,,,No,No,,No
4385,no_evident_not_staff_alway_available_to_satisfy_you,staff_alway_available_to_satisfy_you,staff_enforce_cancellation_charge,,,,No,No,,No
4386,no_evident_not_staff_alway_available_to_satisfy_you,staff_alway_available_to_satisfy_you,staff_mistakenly_throw_valuable_item_during_cleaning_service,,,,No,No,,No
4387,no_evident_not_staff_alway_available_to_satisfy_you,staff_alway_available_to_satisfy_you,staff_not_provide_good_solution,,,,No,No,,No
4388,no_evident_not_staff_alway_available_to_satisfy_you,staff_alway_available_to_satisfy_you,staff_has_unaceptable_manner,,,,No,No,,No
4389,no_evident_not_staff_alway_available_to_satisfy_you,staff_alway_available_to_satisfy_you,staff_not_speak_Cypriot_language,,,,No,No,,No
4390,no_evident_not_staff_alway_available_to_satisfy_you,staff_alway_available_to_satisfy_you,no_staff_at_night,,,,Yes,Yes,,Yes
4391,no_evident_not_staff_alway_available_to_satisfy_you,staff_alway_available_to_satisfy_you,staff_not_understand_English_well,,,,No,No,,No
4392,no_evident_not_staff_alway_available_to_satisfy_you,staff_alway_available_to_satisfy_you,staff_cannot_give_bus_to_airport_information,,,,No,No,,No
4393,no_evident_not_staff_alway_available_to_satisfy_you,staff_alway_available_to_satisfy_you,only_one_staff_wear_mask,,,,No,No,,No
4394,no_evident_not_can_speak_4_language,can_speak_4_language,staff_not_speak_English_properly,,,,Yes,Yes,,Yes
4395,no_evident_not_can_speak_4_language,can_speak_4_language,staff_clean_after_complaint,,,,No,No,,No
4396,no_evident_not_can_speak_4_language,can_speak_4_language,staff_should_learn_better_English,,,,Yes,No,Yes,Yes
4397,no_evident_not_can_speak_4_language,can_speak_4_language,staff_need_improve_organization,,,,No,No,,No
4398,no_evident_not_can_speak_4_language,can_speak_4_language,staff_need_improve_collaboration,,,,No,No,,No
4399,no_evident_not_can_speak_4_language,can_speak_4_language,staff_need_keep_update,,,,No,No,,No
4400,no_evident_not_can_speak_4_language,can_speak_4_language,not_kind_staff,,,,No,No,,No
4401,no_evident_not_can_speak_4_language,can_speak_4_language,no_empathy_staff,,,,No,No,,No
4402,no_evident_not_can_speak_4_language,can_speak_4_language,staff_fail_to_communicate_with_taxi,,,,No,No,,No
4403,no_evident_not_can_speak_4_language,can_speak_4_language,staff_fail_to_guest_request,,,,No,No,,No
4404,no_evident_not_can_speak_4_language,can_speak_4_language,staff_cannot_provide_double_bed,,,,No,No,,No
4405,no_evident_not_can_speak_4_language,can_speak_4_language,offended_staff,,,,No,No,,No
4406,no_evident_not_can_speak_4_language,can_speak_4_language,staff_not_justify_booking_issue,,,,No,No,,No
4407,no_evident_not_can_speak_4_language,can_speak_4_language,staff_charge_for_cancellation_while_no_cancellation_charge_in_Booking.com,,,,No,No,,No
4408,no_evident_not_can_speak_4_language,can_speak_4_language,staff_enforce_cancellation_charge,,,,No,No,,No
4409,no_evident_not_can_speak_4_language,can_speak_4_language,staff_mistakenly_throw_valuable_item_during_cleaning_service,,,,No,No,,No
4410,no_evident_not_can_speak_4_language,can_speak_4_language,staff_not_provide_good_solution,,,,No,No,,No
4411,no_evident_not_can_speak_4_language,can_speak_4_language,staff_has_unaceptable_manner,,,,No,No,,No
4412,no_evident_not_can_speak_4_language,can_speak_4_language,staff_not_speak_Cypriot_language,,,,Yes,No,Yes,Yes
4413,no_evident_not_can_speak_4_language,can_speak_4_language,no_staff_at_night,,,,No,No,,No
4414,no_evident_not_can_speak_4_language,can_speak_4_language,staff_not_understand_English_well,,,,Yes,Yes,,Yes
4415,no_evident_not_can_speak_4_language,can_speak_4_language,staff_cannot_give_bus_to_airport_information,,,,No,No,,No
4416,no_evident_not_can_speak_4_language,can_speak_4_language,only_one_staff_wear_mask,,,,No,No,,No
4417,no_evident_not_can_speak_Greek,can_speak_Greek,staff_not_speak_English_properly,,,,No,No,,No
4418,no_evident_not_can_speak_Greek,can_speak_Greek,staff_clean_after_complaint,,,,No,No,,No
4419,no_evident_not_can_speak_Greek,can_speak_Greek,staff_should_learn_better_English,,,,No,No,,No
4420,no_evident_not_can_speak_Greek,can_speak_Greek,staff_need_improve_organization,,,,No,No,,No
4421,no_evident_not_can_speak_Greek,can_speak_Greek,staff_need_improve_collaboration,,,,No,No,,No
4422,no_evident_not_can_speak_Greek,can_speak_Greek,staff_need_keep_update,,,,No,No,,No
4423,no_evident_not_can_speak_Greek,can_speak_Greek,not_kind_staff,,,,No,No,,No
4424,no_evident_not_can_speak_Greek,can_speak_Greek,no_empathy_staff,,,,No,No,,No
4425,no_evident_not_can_speak_Greek,can_speak_Greek,staff_fail_to_communicate_with_taxi,,,,No,No,,No
4426,no_evident_not_can_speak_Greek,can_speak_Greek,staff_fail_to_guest_request,,,,No,No,,No
4427,no_evident_not_can_speak_Greek,can_speak_Greek,staff_cannot_provide_double_bed,,,,No,No,,No
4428,no_evident_not_can_speak_Greek,can_speak_Greek,offended_staff,,,,No,No,,No
4429,no_evident_not_can_speak_Greek,can_speak_Greek,staff_not_justify_booking_issue,,,,No,No,,No
4430,no_evident_not_can_speak_Greek,can_speak_Greek,staff_charge_for_cancellation_while_no_cancellation_charge_in_Booking.com,,,,No,No,,No
4431,no_evident_not_can_speak_Greek,can_speak_Greek,staff_enforce_cancellation_charge,,,,No,No,,No
4432,no_evident_not_can_speak_Greek,can_speak_Greek,staff_mistakenly_throw_valuable_item_during_cleaning_service,,,,No,No,,No
4433,no_evident_not_can_speak_Greek,can_speak_Greek,staff_not_provide_good_solution,,,,No,No,,No
4434,no_evident_not_can_speak_Greek,can_speak_Greek,staff_has_unaceptable_manner,,,,No,No,,No
4435,no_evident_not_can_speak_Greek,can_speak_Greek,staff_not_speak_Cypriot_language,,,,Yes,No,No,No
4436,no_evident_not_can_speak_Greek,can_speak_Greek,no_staff_at_night,,,,No,No,,No
4437,no_evident_not_can_speak_Greek,can_speak_Greek,staff_not_understand_English_well,,,,No,No,,No
4438,no_evident_not_can_speak_Greek,can_speak_Greek,staff_cannot_give_bus_to_airport_information,,,,No,No,,No
4439,no_evident_not_can_speak_Greek,can_speak_Greek,only_one_staff_wear_mask,,,,No,No,,No
4440,no_evident_not_can_speak_English,can_speak_English,staff_not_speak_English_properly,,,,Yes,Yes,,Yes
4441,no_evident_not_can_speak_English,can_speak_English,staff_clean_after_complaint,,,,No,No,,No
4442,no_evident_not_can_speak_English,can_speak_English,staff_should_learn_better_English,,,,Yes,No,Yes,Yes
4443,no_evident_not_can_speak_English,can_speak_English,staff_need_improve_organization,,,,No,No,,No
4444,no_evident_not_can_speak_English,can_speak_English,staff_need_improve_collaboration,,,,No,No,,No
4445,no_evident_not_can_speak_English,can_speak_English,staff_need_keep_update,,,,No,No,,No
4446,no_evident_not_can_speak_English,can_speak_English,not_kind_staff,,,,No,No,,No
4447,no_evident_not_can_speak_English,can_speak_English,no_empathy_staff,,,,No,No,,No
4448,no_evident_not_can_speak_English,can_speak_English,staff_fail_to_communicate_with_taxi,,,,No,No,,No
4449,no_evident_not_can_speak_English,can_speak_English,staff_fail_to_guest_request,,,,No,No,,No
4450,no_evident_not_can_speak_English,can_speak_English,staff_cannot_provide_double_bed,,,,No,No,,No
4451,no_evident_not_can_speak_English,can_speak_English,offended_staff,,,,No,No,,No
4452,no_evident_not_can_speak_English,can_speak_English,staff_not_justify_booking_issue,,,,No,No,,No
4453,no_evident_not_can_speak_English,can_speak_English,staff_charge_for_cancellation_while_no_cancellation_charge_in_Booking.com,,,,No,No,,No
4454,no_evident_not_can_speak_English,can_speak_English,staff_enforce_cancellation_charge,,,,No,No,,No
4455,no_evident_not_can_speak_English,can_speak_English,staff_mistakenly_throw_valuable_item_during_cleaning_service,,,,No,No,,No
4456,no_evident_not_can_speak_English,can_speak_English,staff_not_provide_good_solution,,,,No,No,,No
4457,no_evident_not_can_speak_English,can_speak_English,staff_has_unaceptable_manner,,,,No,No,,No
4458,no_evident_not_can_speak_English,can_speak_English,staff_not_speak_Cypriot_language,,,,No,No,,No
4459,no_evident_not_can_speak_English,can_speak_English,no_staff_at_night,,,,No,No,,No
4460,no_evident_not_can_speak_English,can_speak_English,staff_not_understand_English_well,,,,Yes,Yes,,Yes
4461,no_evident_not_can_speak_English,can_speak_English,staff_cannot_give_bus_to_airport_information,,,,No,No,,No
4462,no_evident_not_can_speak_English,can_speak_English,only_one_staff_wear_mask,,,,No,No,,No
4463,no_evident_not_can_speak_Arabic,can_speak_Arabic,staff_not_speak_English_properly,,,,No,No,,No
4464,no_evident_not_can_speak_Arabic,can_speak_Arabic,staff_clean_after_complaint,,,,No,No,,No
4465,no_evident_not_can_speak_Arabic,can_speak_Arabic,staff_should_learn_better_English,,,,No,No,,No
4466,no_evident_not_can_speak_Arabic,can_speak_Arabic,staff_need_improve_organization,,,,No,No,,No
4467,no_evident_not_can_speak_Arabic,can_speak_Arabic,staff_need_improve_collaboration,,,,No,No,,No
4468,no_evident_not_can_speak_Arabic,can_speak_Arabic,staff_need_keep_update,,,,No,No,,No
4469,no_evident_not_can_speak_Arabic,can_speak_Arabic,not_kind_staff,,,,No,No,,No
4470,no_evident_not_can_speak_Arabic,can_speak_Arabic,no_empathy_staff,,,,No,No,,No
4471,no_evident_not_can_speak_Arabic,can_speak_Arabic,staff_fail_to_communicate_with_taxi,,,,No,No,,No
4472,no_evident_not_can_speak_Arabic,can_speak_Arabic,staff_fail_to_guest_request,,,,No,No,,No
4473,no_evident_not_can_speak_Arabic,can_speak_Arabic,staff_cannot_provide_double_bed,,,,No,No,,No
4474,no_evident_not_can_speak_Arabic,can_speak_Arabic,offended_staff,,,,No,No,,No
4475,no_evident_not_can_speak_Arabic,can_speak_Arabic,staff_not_justify_booking_issue,,,,No,No,,No
4476,no_evident_not_can_speak_Arabic,can_speak_Arabic,staff_charge_for_cancellation_while_no_cancellation_charge_in_Booking.com,,,,No,No,,No
4477,no_evident_not_can_speak_Arabic,can_speak_Arabic,staff_enforce_cancellation_charge,,,,No,No,,No
4478,no_evident_not_can_speak_Arabic,can_speak_Arabic,staff_mistakenly_throw_valuable_item_during_cleaning_service,,,,No,No,,No
4479,no_evident_not_can_speak_Arabic,can_speak_Arabic,staff_not_provide_good_solution,,,,No,No,,No
4480,no_evident_not_can_speak_Arabic,can_speak_Arabic,staff_has_unaceptable_manner,,,,No,No,,No
4481,no_evident_not_can_speak_Arabic,can_speak_Arabic,staff_not_speak_Cypriot_language,,,,No,No,,No
4482,no_evident_not_can_speak_Arabic,can_speak_Arabic,no_staff_at_night,,,,No,No,,No
4483,no_evident_not_can_speak_Arabic,can_speak_Arabic,staff_not_understand_English_well,,,,No,No,,No
4484,no_evident_not_can_speak_Arabic,can_speak_Arabic,staff_cannot_give_bus_to_airport_information,,,,No,No,,No
4485,no_evident_not_can_speak_Arabic,can_speak_Arabic,only_one_staff_wear_mask,,,,No,No,,No
4486,no_evident_not_staff_give_beautiful_hospitality,staff_give_beautiful_hospitality,staff_not_speak_English_properly,,,,Yes,No,No,No
4487,no_evident_not_staff_give_beautiful_hospitality,staff_give_beautiful_hospitality,staff_clean_after_complaint,,,,No,No,,No
4488,no_evident_not_staff_give_beautiful_hospitality,staff_give_beautiful_hospitality,staff_should_learn_better_English,,,,No,No,,No
4489,no_evident_not_staff_give_beautiful_hospitality,staff_give_beautiful_hospitality,staff_need_improve_organization,,,,No,No,,No
4490,no_evident_not_staff_give_beautiful_hospitality,staff_give_beautiful_hospitality,staff_need_improve_collaboration,,,,No,No,,No
4491,no_evident_not_staff_give_beautiful_hospitality,staff_give_beautiful_hospitality,staff_need_keep_update,,,,No,No,,No
4492,no_evident_not_staff_give_beautiful_hospitality,staff_give_beautiful_hospitality,not_kind_staff,,,,Yes,Yes,,Yes
4493,no_evident_not_staff_give_beautiful_hospitality,staff_give_beautiful_hospitality,no_empathy_staff,,,,Yes,Yes,,Yes
4494,no_evident_not_staff_give_beautiful_hospitality,staff_give_beautiful_hospitality,staff_fail_to_communicate_with_taxi,,,,No,No,,No
4495,no_evident_not_staff_give_beautiful_hospitality,staff_give_beautiful_hospitality,staff_fail_to_guest_request,,,,No,No,,No
4496,no_evident_not_staff_give_beautiful_hospitality,staff_give_beautiful_hospitality,staff_cannot_provide_double_bed,,,,No,No,,No
4497,no_evident_not_staff_give_beautiful_hospitality,staff_give_beautiful_hospitality,offended_staff,,,,No,Yes,Yes,Yes
4498,no_evident_not_staff_give_beautiful_hospitality,staff_give_beautiful_hospitality,staff_not_justify_booking_issue,,,,No,Yes,Yes,Yes
4499,no_evident_not_staff_give_beautiful_hospitality,staff_give_beautiful_hospitality,staff_charge_for_cancellation_while_no_cancellation_charge_in_Booking.com,,,,No,Yes,Yes,Yes
4500,no_evident_not_staff_give_beautiful_hospitality,staff_give_beautiful_hospitality,staff_enforce_cancellation_charge,,,,No,No,,No
4501,no_evident_not_staff_give_beautiful_hospitality,staff_give_beautiful_hospitality,staff_mistakenly_throw_valuable_item_during_cleaning_service,,,,No,No,,No
4502,no_evident_not_staff_give_beautiful_hospitality,staff_give_beautiful_hospitality,staff_not_provide_good_solution,,,,No,No,,No
4503,no_evident_not_staff_give_beautiful_hospitality,staff_give_beautiful_hospitality,staff_has_unaceptable_manner,,,,Yes,Yes,,Yes
4504,no_evident_not_staff_give_beautiful_hospitality,staff_give_beautiful_hospitality,staff_not_speak_Cypriot_language,,,,No,No,,No
4505,no_evident_not_staff_give_beautiful_hospitality,staff_give_beautiful_hospitality,no_staff_at_night,,,,Yes,Yes,,Yes
4506,no_evident_not_staff_give_beautiful_hospitality,staff_give_beautiful_hospitality,staff_not_understand_English_well,,,,No,No,,No
4507,no_evident_not_staff_give_beautiful_hospitality,staff_give_beautiful_hospitality,staff_cannot_give_bus_to_airport_information,,,,No,No,,No
4508,no_evident_not_staff_give_beautiful_hospitality,staff_give_beautiful_hospitality,only_one_staff_wear_mask,,,,No,No,,No
4509,no_evident_not_kind_hospitality_staff,kind_hospitality_staff,staff_not_speak_English_properly,,,,No,No,,No
4510,no_evident_not_kind_hospitality_staff,kind_hospitality_staff,staff_clean_after_complaint,,,,No,No,,No
4511,no_evident_not_kind_hospitality_staff,kind_hospitality_staff,staff_should_learn_better_English,,,,No,No,,No
4512,no_evident_not_kind_hospitality_staff,kind_hospitality_staff,staff_need_improve_organization,,,,No,No,,No
4513,no_evident_not_kind_hospitality_staff,kind_hospitality_staff,staff_need_improve_collaboration,,,,No,No,,No
4514,no_evident_not_kind_hospitality_staff,kind_hospitality_staff,staff_need_keep_update,,,,No,No,,No
4515,no_evident_not_kind_hospitality_staff,kind_hospitality_staff,not_kind_staff,,,,Yes,Yes,,Yes
4516,no_evident_not_kind_hospitality_staff,kind_hospitality_staff,no_empathy_staff,,,,Yes,Yes,,Yes
4517,no_evident_not_kind_hospitality_staff,kind_hospitality_staff,staff_fail_to_communicate_with_taxi,,,,No,No,,No
4518,no_evident_not_kind_hospitality_staff,kind_hospitality_staff,staff_fail_to_guest_request,,,,No,No,,No
4519,no_evident_not_kind_hospitality_staff,kind_hospitality_staff,staff_cannot_provide_double_bed,,,,No,No,,No
4520,no_evident_not_kind_hospitality_staff,kind_hospitality_staff,offended_staff,,,,No,Yes,Yes,Yes
4521,no_evident_not_kind_hospitality_staff,kind_hospitality_staff,staff_not_justify_booking_issue,,,,Yes,Yes,,Yes
4522,no_evident_not_kind_hospitality_staff,kind_hospitality_staff,staff_charge_for_cancellation_while_no_cancellation_charge_in_Booking.com,,,,No,Yes,Yes,Yes
4523,no_evident_not_kind_hospitality_staff,kind_hospitality_staff,staff_enforce_cancellation_charge,,,,No,No,,No
4524,no_evident_not_kind_hospitality_staff,kind_hospitality_staff,staff_mistakenly_throw_valuable_item_during_cleaning_service,,,,No,No,,No
4525,no_evident_not_kind_hospitality_staff,kind_hospitality_staff,staff_not_provide_good_solution,,,,No,No,,No
4526,no_evident_not_kind_hospitality_staff,kind_hospitality_staff,staff_has_unaceptable_manner,,,,Yes,Yes,,Yes
4527,no_evident_not_kind_hospitality_staff,kind_hospitality_staff,staff_not_speak_Cypriot_language,,,,No,No,,No
4528,no_evident_not_kind_hospitality_staff,kind_hospitality_staff,no_staff_at_night,,,,No,No,,No
4529,no_evident_not_kind_hospitality_staff,kind_hospitality_staff,staff_not_understand_English_well,,,,No,No,,No
4530,no_evident_not_kind_hospitality_staff,kind_hospitality_staff,staff_cannot_give_bus_to_airport_information,,,,No,No,,No
4531,no_evident_not_kind_hospitality_staff,kind_hospitality_staff,only_one_staff_wear_mask,,,,No,No,,No
4532,no_evident_not_charming_staff,charming_staff,staff_not_speak_English_properly,,,,No,No,,No
4533,no_evident_not_charming_staff,charming_staff,staff_clean_after_complaint,,,,No,No,,No
4534,no_evident_not_charming_staff,charming_staff,staff_should_learn_better_English,,,,No,No,,No
4535,no_evident_not_charming_staff,charming_staff,staff_need_improve_organization,,,,No,No,,No
4536,no_evident_not_charming_staff,charming_staff,staff_need_improve_collaboration,,,,No,No,,No
4537,no_evident_not_charming_staff,charming_staff,staff_need_keep_update,,,,No,No,,No
4538,no_evident_not_charming_staff,charming_staff,not_kind_staff,,,,Yes,Yes,,Yes
4539,no_evident_not_charming_staff,charming_staff,no_empathy_staff,,,,Yes,Yes,,Yes
4540,no_evident_not_charming_staff,charming_staff,staff_fail_to_communicate_with_taxi,,,,No,No,,No
4541,no_evident_not_charming_staff,charming_staff,staff_fail_to_guest_request,,,,No,No,,No
4542,no_evident_not_charming_staff,charming_staff,staff_cannot_provide_double_bed,,,,No,No,,No
4543,no_evident_not_charming_staff,charming_staff,offended_staff,,,,Yes,Yes,,Yes
4544,no_evident_not_charming_staff,charming_staff,staff_not_justify_booking_issue,,,,No,No,,No
4545,no_evident_not_charming_staff,charming_staff,staff_charge_for_cancellation_while_no_cancellation_charge_in_Booking.com,,,,No,No,,No
4546,no_evident_not_charming_staff,charming_staff,staff_enforce_cancellation_charge,,,,No,No,,No
4547,no_evident_not_charming_staff,charming_staff,staff_mistakenly_throw_valuable_item_during_cleaning_service,,,,No,No,,No
4548,no_evident_not_charming_staff,charming_staff,staff_not_provide_good_solution,,,,No,No,,No
4549,no_evident_not_charming_staff,charming_staff,staff_has_unaceptable_manner,,,,No,Yes,Yes,Yes
4550,no_evident_not_charming_staff,charming_staff,staff_not_speak_Cypriot_language,,,,No,No,,No
4551,no_evident_not_charming_staff,charming_staff,no_staff_at_night,,,,No,No,,No
4552,no_evident_not_charming_staff,charming_staff,staff_not_understand_English_well,,,,No,No,,No
4553,no_evident_not_charming_staff,charming_staff,staff_cannot_give_bus_to_airport_information,,,,No,No,,No
4554,no_evident_not_charming_staff,charming_staff,only_one_staff_wear_mask,,,,No,No,,No
4555,no_evident_not_staff_answer_with_smile,staff_answer_with_smile,staff_not_speak_English_properly,,,,No,No,,No
4556,no_evident_not_staff_answer_with_smile,staff_answer_with_smile,staff_clean_after_complaint,,,,No,No,,No
4557,no_evident_not_staff_answer_with_smile,staff_answer_with_smile,staff_should_learn_better_English,,,,No,No,,No
4558,no_evident_not_staff_answer_with_smile,staff_answer_with_smile,staff_need_improve_organization,,,,No,No,,No
4559,no_evident_not_staff_answer_with_smile,staff_answer_with_smile,staff_need_improve_collaboration,,,,No,No,,No
4560,no_evident_not_staff_answer_with_smile,staff_answer_with_smile,staff_need_keep_update,,,,No,No,,No
4561,no_evident_not_staff_answer_with_smile,staff_answer_with_smile,not_kind_staff,,,,Yes,Yes,,Yes
4562,no_evident_not_staff_answer_with_smile,staff_answer_with_smile,no_empathy_staff,,,,Yes,No,Yes,Yes
4563,no_evident_not_staff_answer_with_smile,staff_answer_with_smile,staff_fail_to_communicate_with_taxi,,,,No,No,,No
4564,no_evident_not_staff_answer_with_smile,staff_answer_with_smile,staff_fail_to_guest_request,,,,No,No,,No
4565,no_evident_not_staff_answer_with_smile,staff_answer_with_smile,staff_cannot_provide_double_bed,,,,No,No,,No
4566,no_evident_not_staff_answer_with_smile,staff_answer_with_smile,offended_staff,,,,Yes,Yes,,Yes
4567,no_evident_not_staff_answer_with_smile,staff_answer_with_smile,staff_not_justify_booking_issue,,,,Yes,No,Yes,Yes
4568,no_evident_not_staff_answer_with_smile,staff_answer_with_smile,staff_charge_for_cancellation_while_no_cancellation_charge_in_Booking.com,,,,No,No,,No
4569,no_evident_not_staff_answer_with_smile,staff_answer_with_smile,staff_enforce_cancellation_charge,,,,No,No,,No
4570,no_evident_not_staff_answer_with_smile,staff_answer_with_smile,staff_mistakenly_throw_valuable_item_during_cleaning_service,,,,No,No,,No
4571,no_evident_not_staff_answer_with_smile,staff_answer_with_smile,staff_not_provide_good_solution,,,,Yes,No,Yes,Yes
4572,no_evident_not_staff_answer_with_smile,staff_answer_with_smile,staff_has_unaceptable_manner,,,,Yes,Yes,,Yes
4573,no_evident_not_staff_answer_with_smile,staff_answer_with_smile,staff_not_speak_Cypriot_language,,,,No,No,,No
4574,no_evident_not_staff_answer_with_smile,staff_answer_with_smile,no_staff_at_night,,,,No,Yes,No,No
4575,no_evident_not_staff_answer_with_smile,staff_answer_with_smile,staff_not_understand_English_well,,,,No,No,,No
4576,no_evident_not_staff_answer_with_smile,staff_answer_with_smile,staff_cannot_give_bus_to_airport_information,,,,No,No,,No
4577,no_evident_not_staff_answer_with_smile,staff_answer_with_smile,only_one_staff_wear_mask,,,,No,No,,No
4578,no_evident_not_staff_agree_to_every_request,staff_agree_to_every_request,staff_not_speak_English_properly,,,,No,No,,No
4579,no_evident_not_staff_agree_to_every_request,staff_agree_to_every_request,staff_clean_after_complaint,,,,No,No,,No
4580,no_evident_not_staff_agree_to_every_request,staff_agree_to_every_request,staff_should_learn_better_English,,,,No,No,,No
4581,no_evident_not_staff_agree_to_every_request,staff_agree_to_every_request,staff_need_improve_organization,,,,No,No,,No
4582,no_evident_not_staff_agree_to_every_request,staff_agree_to_every_request,staff_need_improve_collaboration,,,,No,No,,No
4583,no_evident_not_staff_agree_to_every_request,staff_agree_to_every_request,staff_need_keep_update,,,,No,No,,No
4584,no_evident_not_staff_agree_to_every_request,staff_agree_to_every_request,not_kind_staff,,,,Yes,Yes,,Yes
4585,no_evident_not_staff_agree_to_every_request,staff_agree_to_every_request,no_empathy_staff,,,,Yes,Yes,,Yes
4586,no_evident_not_staff_agree_to_every_request,staff_agree_to_every_request,staff_fail_to_communicate_with_taxi,,,,No,No,,No
4587,no_evident_not_staff_agree_to_every_request,staff_agree_to_every_request,staff_fail_to_guest_request,,,,Yes,Yes,,Yes
4588,no_evident_not_staff_agree_to_every_request,staff_agree_to_every_request,staff_cannot_provide_double_bed,,,,No,No,,No
4589,no_evident_not_staff_agree_to_every_request,staff_agree_to_every_request,offended_staff,,,,Yes,No,Yes,Yes
4590,no_evident_not_staff_agree_to_every_request,staff_agree_to_every_request,staff_not_justify_booking_issue,,,,Yes,No,Yes,Yes
4591,no_evident_not_staff_agree_to_every_request,staff_agree_to_every_request,staff_charge_for_cancellation_while_no_cancellation_charge_in_Booking.com,,,,No,No,,No
4592,no_evident_not_staff_agree_to_every_request,staff_agree_to_every_request,staff_enforce_cancellation_charge,,,,No,No,,No
4593,no_evident_not_staff_agree_to_every_request,staff_agree_to_every_request,staff_mistakenly_throw_valuable_item_during_cleaning_service,,,,No,No,,No
4594,no_evident_not_staff_agree_to_every_request,staff_agree_to_every_request,staff_not_provide_good_solution,,,,Yes,No,Yes,Yes
4595,no_evident_not_staff_agree_to_every_request,staff_agree_to_every_request,staff_has_unaceptable_manner,,,,Yes,Yes,,Yes
4596,no_evident_not_staff_agree_to_every_request,staff_agree_to_every_request,staff_not_speak_Cypriot_language,,,,No,No,,No
4597,no_evident_not_staff_agree_to_every_request,staff_agree_to_every_request,no_staff_at_night,,,,No,Yes,No,No
4598,no_evident_not_staff_agree_to_every_request,staff_agree_to_every_request,staff_not_understand_English_well,,,,No,No,,No
4599,no_evident_not_staff_agree_to_every_request,staff_agree_to_every_request,staff_cannot_give_bus_to_airport_information,,,,No,No,,No
4600,no_evident_not_staff_agree_to_every_request,staff_agree_to_every_request,only_one_staff_wear_mask,,,,No,No,,No
4601,no_evident_not_staff_give_arrival_explanation,staff_give_arrival_explanation,staff_not_speak_English_properly,,,,No,No,,No
4602,no_evident_not_staff_give_arrival_explanation,staff_give_arrival_explanation,staff_clean_after_complaint,,,,No,No,,No
4603,no_evident_not_staff_give_arrival_explanation,staff_give_arrival_explanation,staff_should_learn_better_English,,,,No,No,,No
4604,no_evident_not_staff_give_arrival_explanation,staff_give_arrival_explanation,staff_need_improve_organization,,,,No,No,,No
4605,no_evident_not_staff_give_arrival_explanation,staff_give_arrival_explanation,staff_need_improve_collaboration,,,,No,No,,No
4606,no_evident_not_staff_give_arrival_explanation,staff_give_arrival_explanation,staff_need_keep_update,,,,No,No,,No
4607,no_evident_not_staff_give_arrival_explanation,staff_give_arrival_explanation,not_kind_staff,,,,No,No,,No
4608,no_evident_not_staff_give_arrival_explanation,staff_give_arrival_explanation,no_empathy_staff,,,,No,No,,No
4609,no_evident_not_staff_give_arrival_explanation,staff_give_arrival_explanation,staff_fail_to_communicate_with_taxi,,,,No,No,,No
4610,no_evident_not_staff_give_arrival_explanation,staff_give_arrival_explanation,staff_fail_to_guest_request,,,,No,No,,No
4611,no_evident_not_staff_give_arrival_explanation,staff_give_arrival_explanation,staff_cannot_provide_double_bed,,,,No,No,,No
4612,no_evident_not_staff_give_arrival_explanation,staff_give_arrival_explanation,offended_staff,,,,No,No,,No
4613,no_evident_not_staff_give_arrival_explanation,staff_give_arrival_explanation,staff_not_justify_booking_issue,,,,Yes,No,Yes,Yes
4614,no_evident_not_staff_give_arrival_explanation,staff_give_arrival_explanation,staff_charge_for_cancellation_while_no_cancellation_charge_in_Booking.com,,,,No,No,,No
4615,no_evident_not_staff_give_arrival_explanation,staff_give_arrival_explanation,staff_enforce_cancellation_charge,,,,No,No,,No
4616,no_evident_not_staff_give_arrival_explanation,staff_give_arrival_explanation,staff_mistakenly_throw_valuable_item_during_cleaning_service,,,,No,No,,No
4617,no_evident_not_staff_give_arrival_explanation,staff_give_arrival_explanation,staff_not_provide_good_solution,,,,No,No,,No
4618,no_evident_not_staff_give_arrival_explanation,staff_give_arrival_explanation,staff_has_unaceptable_manner,,,,No,No,,No
4619,no_evident_not_staff_give_arrival_explanation,staff_give_arrival_explanation,staff_not_speak_Cypriot_language,,,,No,No,,No
4620,no_evident_not_staff_give_arrival_explanation,staff_give_arrival_explanation,no_staff_at_night,,,,No,Yes,No,No
4621,no_evident_not_staff_give_arrival_explanation,staff_give_arrival_explanation,staff_not_understand_English_well,,,,No,No,,No
4622,no_evident_not_staff_give_arrival_explanation,staff_give_arrival_explanation,staff_cannot_give_bus_to_airport_information,,,,No,No,,No
4623,no_evident_not_staff_give_arrival_explanation,staff_give_arrival_explanation,only_one_staff_wear_mask,,,,No,No,,No
4624,no_evident_not_staff_help_with_all_question,staff_help_with_all_question,staff_not_speak_English_properly,,,,No,No,,No
4625,no_evident_not_staff_help_with_all_question,staff_help_with_all_question,staff_clean_after_complaint,,,,No,No,,No
4626,no_evident_not_staff_help_with_all_question,staff_help_with_all_question,staff_should_learn_better_English,,,,No,No,,No
4627,no_evident_not_staff_help_with_all_question,staff_help_with_all_question,staff_need_improve_organization,,,,No,No,,No
4628,no_evident_not_staff_help_with_all_question,staff_help_with_all_question,staff_need_improve_collaboration,,,,No,No,,No
4629,no_evident_not_staff_help_with_all_question,staff_help_with_all_question,staff_need_keep_update,,,,No,No,,No
4630,no_evident_not_staff_help_with_all_question,staff_help_with_all_question,not_kind_staff,,,,Yes,Yes,,Yes
4631,no_evident_not_staff_help_with_all_question,staff_help_with_all_question,no_empathy_staff,,,,Yes,Yes,,Yes
4632,no_evident_not_staff_help_with_all_question,staff_help_with_all_question,staff_fail_to_communicate_with_taxi,,,,No,No,,No
4633,no_evident_not_staff_help_with_all_question,staff_help_with_all_question,staff_fail_to_guest_request,,,,No,No,,No
4634,no_evident_not_staff_help_with_all_question,staff_help_with_all_question,staff_cannot_provide_double_bed,,,,No,No,,No
4635,no_evident_not_staff_help_with_all_question,staff_help_with_all_question,offended_staff,,,,No,No,,No
4636,no_evident_not_staff_help_with_all_question,staff_help_with_all_question,staff_not_justify_booking_issue,,,,Yes,No,Yes,Yes
4637,no_evident_not_staff_help_with_all_question,staff_help_with_all_question,staff_charge_for_cancellation_while_no_cancellation_charge_in_Booking.com,,,,No,No,,No
4638,no_evident_not_staff_help_with_all_question,staff_help_with_all_question,staff_enforce_cancellation_charge,,,,No,No,,No
4639,no_evident_not_staff_help_with_all_question,staff_help_with_all_question,staff_mistakenly_throw_valuable_item_during_cleaning_service,,,,No,No,,No
4640,no_evident_not_staff_help_with_all_question,staff_help_with_all_question,staff_not_provide_good_solution,,,,Yes,No,Yes,Yes
4641,no_evident_not_staff_help_with_all_question,staff_help_with_all_question,staff_has_unaceptable_manner,,,,Yes,Yes,,Yes
4642,no_evident_not_staff_help_with_all_question,staff_help_with_all_question,staff_not_speak_Cypriot_language,,,,No,No,,No
4643,no_evident_not_staff_help_with_all_question,staff_help_with_all_question,no_staff_at_night,,,,Yes,Yes,,Yes
4644,no_evident_not_staff_help_with_all_question,staff_help_with_all_question,staff_not_understand_English_well,,,,No,No,,No
4645,no_evident_not_staff_help_with_all_question,staff_help_with_all_question,staff_cannot_give_bus_to_airport_information,,,,No,No,,No
4646,no_evident_not_staff_help_with_all_question,staff_help_with_all_question,only_one_staff_wear_mask,,,,No,No,,No
4647,no_evident_not_staff_help_with_everything_needed,staff_help_with_everything_needed,staff_not_speak_English_properly,,No,,No,No,,No
4648,no_evident_not_staff_help_with_everything_needed,staff_help_with_everything_needed,staff_clean_after_complaint,,No,,No,No,,No
4649,no_evident_not_staff_help_with_everything_needed,staff_help_with_everything_needed,staff_should_learn_better_English,,No,,No,No,,No
4650,no_evident_not_staff_help_with_everything_needed,staff_help_with_everything_needed,staff_need_improve_organization,,No,,No,No,,No
4651,no_evident_not_staff_help_with_everything_needed,staff_help_with_everything_needed,staff_need_improve_collaboration,,No,,No,No,,No
4652,no_evident_not_staff_help_with_everything_needed,staff_help_with_everything_needed,staff_need_keep_update,,No,,No,No,,No
4653,no_evident_not_staff_help_with_everything_needed,staff_help_with_everything_needed,not_kind_staff,,No,,Yes,Yes,,Yes
4654,no_evident_not_staff_help_with_everything_needed,staff_help_with_everything_needed,no_empathy_staff,,No,,Yes,Yes,,Yes
4655,no_evident_not_staff_help_with_everything_needed,staff_help_with_everything_needed,staff_fail_to_communicate_with_taxi,,No,,Yes,Yes,,Yes
4656,no_evident_not_staff_help_with_everything_needed,staff_help_with_everything_needed,staff_fail_to_guest_request,,Yes,,Yes,Yes,,Yes
4657,no_evident_not_staff_help_with_everything_needed,staff_help_with_everything_needed,staff_cannot_provide_double_bed,,Yes,,Yes,Yes,,Yes
4658,no_evident_not_staff_help_with_everything_needed,staff_help_with_everything_needed,offended_staff,,No,,No,No,,No
4659,no_evident_not_staff_help_with_everything_needed,staff_help_with_everything_needed,staff_not_justify_booking_issue,,Yes,,Yes,Yes,,Yes
4660,no_evident_not_staff_help_with_everything_needed,staff_help_with_everything_needed,staff_charge_for_cancellation_while_no_cancellation_charge_in_Booking.com,,Yes,,No,No,,No
4661,no_evident_not_staff_help_with_everything_needed,staff_help_with_everything_needed,staff_enforce_cancellation_charge,,Yes,,No,No,,No
4662,no_evident_not_staff_help_with_everything_needed,staff_help_with_everything_needed,staff_mistakenly_throw_valuable_item_during_cleaning_service,,No,,No,No,,No
4663,no_evident_not_staff_help_with_everything_needed,staff_help_with_everything_needed,staff_not_provide_good_solution,,Yes,,Yes,Yes,,Yes
4664,no_evident_not_staff_help_with_everything_needed,staff_help_with_everything_needed,staff_has_unaceptable_manner,,No,,No,No,,No
4665,no_evident_not_staff_help_with_everything_needed,staff_help_with_everything_needed,staff_not_speak_Cypriot_language,,No,,No,No,,No
4666,no_evident_not_staff_help_with_everything_needed,staff_help_with_everything_needed,no_staff_at_night,,No,,Yes,Yes,,Yes
4667,no_evident_not_staff_help_with_everything_needed,staff_help_with_everything_needed,staff_not_understand_English_well,,No,,No,No,,No
4668,no_evident_not_staff_help_with_everything_needed,staff_help_with_everything_needed,staff_cannot_give_bus_to_airport_information,,Yes,,Yes,No,,Yes
4669,no_evident_not_staff_help_with_everything_needed,staff_help_with_everything_needed,only_one_staff_wear_mask,,No,,No,No,,No
4670,no_evident_not_upgrade_room_free,upgrade_room_free,staff_not_speak_English_properly,,No,,No,No,,No
4671,no_evident_not_upgrade_room_free,upgrade_room_free,staff_clean_after_complaint,,No,,No,No,,No
4672,no_evident_not_upgrade_room_free,upgrade_room_free,staff_should_learn_better_English,,No,,No,No,,No
4673,no_evident_not_upgrade_room_free,upgrade_room_free,staff_need_improve_organization,,No,,No,No,,No
4674,no_evident_not_upgrade_room_free,upgrade_room_free,staff_need_improve_collaboration,,No,,No,No,,No
4675,no_evident_not_upgrade_room_free,upgrade_room_free,staff_need_keep_update,,No,,No,No,,No
4676,no_evident_not_upgrade_room_free,upgrade_room_free,not_kind_staff,,No,,Yes,Yes,,Yes
4677,no_evident_not_upgrade_room_free,upgrade_room_free,no_empathy_staff,,No,,Yes,Yes,,Yes
4678,no_evident_not_upgrade_room_free,upgrade_room_free,staff_fail_to_communicate_with_taxi,,No,,No,No,,No
4679,no_evident_not_upgrade_room_free,upgrade_room_free,staff_fail_to_guest_request,,No,,No,No,,No
4680,no_evident_not_upgrade_room_free,upgrade_room_free,staff_cannot_provide_double_bed,,No,,No,No,,No
4681,no_evident_not_upgrade_room_free,upgrade_room_free,offended_staff,,No,,No,No,,No
4682,no_evident_not_upgrade_room_free,upgrade_room_free,staff_not_justify_booking_issue,,No,,No,No,,No
4683,no_evident_not_upgrade_room_free,upgrade_room_free,staff_charge_for_cancellation_while_no_cancellation_charge_in_Booking.com,,No,,No,No,,No
4684,no_evident_not_upgrade_room_free,upgrade_room_free,staff_enforce_cancellation_charge,,No,,No,No,,No
4685,no_evident_not_upgrade_room_free,upgrade_room_free,staff_mistakenly_throw_valuable_item_during_cleaning_service,,No,,No,No,,No
4686,no_evident_not_upgrade_room_free,upgrade_room_free,staff_not_provide_good_solution,,No,,No,No,,No
4687,no_evident_not_upgrade_room_free,upgrade_room_free,staff_has_unaceptable_manner,,No,,No,No,,No
4688,no_evident_not_upgrade_room_free,upgrade_room_free,staff_not_speak_Cypriot_language,,No,,No,No,,No
4689,no_evident_not_upgrade_room_free,upgrade_room_free,no_staff_at_night,,No,,No,No,,No
4690,no_evident_not_upgrade_room_free,upgrade_room_free,staff_not_understand_English_well,,No,,No,No,,No
4691,no_evident_not_upgrade_room_free,upgrade_room_free,staff_cannot_give_bus_to_airport_information,,No,,No,No,,No
4692,no_evident_not_upgrade_room_free,upgrade_room_free,only_one_staff_wear_mask,,No,,No,No,,No
4693,no_evident_not_personal_attention_staff,personal_attention_staff,staff_not_speak_English_properly,,,,No,No,,No
4694,no_evident_not_personal_attention_staff,personal_attention_staff,staff_clean_after_complaint,,,,No,No,,No
4695,no_evident_not_personal_attention_staff,personal_attention_staff,staff_should_learn_better_English,,,,No,No,,No
4696,no_evident_not_personal_attention_staff,personal_attention_staff,staff_need_improve_organization,,,,No,No,,No
4697,no_evident_not_personal_attention_staff,personal_attention_staff,staff_need_improve_collaboration,,,,No,No,,No
4698,no_evident_not_personal_attention_staff,personal_attention_staff,staff_need_keep_update,,,,No,No,,No
4699,no_evident_not_personal_attention_staff,personal_attention_staff,not_kind_staff,,,,Yes,No,Yes,Yes
4700,no_evident_not_personal_attention_staff,personal_attention_staff,no_empathy_staff,,,,Yes,No,Yes,Yes
4701,no_evident_not_personal_attention_staff,personal_attention_staff,staff_fail_to_communicate_with_taxi,,,,No,No,,No
4702,no_evident_not_personal_attention_staff,personal_attention_staff,staff_fail_to_guest_request,,,,No,No,,No
4703,no_evident_not_personal_attention_staff,personal_attention_staff,staff_cannot_provide_double_bed,,,,No,No,,No
4704,no_evident_not_personal_attention_staff,personal_attention_staff,offended_staff,,,,Yes,No,Yes,Yes
4705,no_evident_not_personal_attention_staff,personal_attention_staff,staff_not_justify_booking_issue,,,,Yes,No,Yes,Yes
4706,no_evident_not_personal_attention_staff,personal_attention_staff,staff_charge_for_cancellation_while_no_cancellation_charge_in_Booking.com,,,,No,No,,No
4707,no_evident_not_personal_attention_staff,personal_attention_staff,staff_enforce_cancellation_charge,,,,No,No,,No
4708,no_evident_not_personal_attention_staff,personal_attention_staff,staff_mistakenly_throw_valuable_item_during_cleaning_service,,,,No,No,,No
4709,no_evident_not_personal_attention_staff,personal_attention_staff,staff_not_provide_good_solution,,,,Yes,Yes,,Yes
4710,no_evident_not_personal_attention_staff,personal_attention_staff,staff_has_unaceptable_manner,,,,Yes,No,Yes,Yes
4711,no_evident_not_personal_attention_staff,personal_attention_staff,staff_not_speak_Cypriot_language,,,,No,No,,No
4712,no_evident_not_personal_attention_staff,personal_attention_staff,no_staff_at_night,,,,Yes,No,No,No
4713,no_evident_not_personal_attention_staff,personal_attention_staff,staff_not_understand_English_well,,,,No,No,,No
4714,no_evident_not_personal_attention_staff,personal_attention_staff,staff_cannot_give_bus_to_airport_information,,,,No,No,,No
4715,no_evident_not_personal_attention_staff,personal_attention_staff,only_one_staff_wear_mask,,,,Yes,No,No,No
4716,no_evident_not_staff_left_clear_information_for_arrival,staff_left_clear_information_for_arrival,staff_not_speak_English_properly,,,,No,No,,No
4717,no_evident_not_staff_left_clear_information_for_arrival,staff_left_clear_information_for_arrival,staff_clean_after_complaint,,,,No,No,,No
4718,no_evident_not_staff_left_clear_information_for_arrival,staff_left_clear_information_for_arrival,staff_should_learn_better_English,,,,No,No,,No
4719,no_evident_not_staff_left_clear_information_for_arrival,staff_left_clear_information_for_arrival,staff_need_improve_organization,,,,No,Yes,Yes,Yes
4720,no_evident_not_staff_left_clear_information_for_arrival,staff_left_clear_information_for_arrival,staff_need_improve_collaboration,,,,No,No,,No
4721,no_evident_not_staff_left_clear_information_for_arrival,staff_left_clear_information_for_arrival,staff_need_keep_update,,,,No,No,,No
4722,no_evident_not_staff_left_clear_information_for_arrival,staff_left_clear_information_for_arrival,not_kind_staff,,,,Yes,No,Yes,Yes
4723,no_evident_not_staff_left_clear_information_for_arrival,staff_left_clear_information_for_arrival,no_empathy_staff,,,,Yes,No,Yes,Yes
4724,no_evident_not_staff_left_clear_information_for_arrival,staff_left_clear_information_for_arrival,staff_fail_to_communicate_with_taxi,,,,No,No,,No
4725,no_evident_not_staff_left_clear_information_for_arrival,staff_left_clear_information_for_arrival,staff_fail_to_guest_request,,,,No,No,,No
4726,no_evident_not_staff_left_clear_information_for_arrival,staff_left_clear_information_for_arrival,staff_cannot_provide_double_bed,,,,No,No,,No
4727,no_evident_not_staff_left_clear_information_for_arrival,staff_left_clear_information_for_arrival,offended_staff,,,,No,No,,No
4728,no_evident_not_staff_left_clear_information_for_arrival,staff_left_clear_information_for_arrival,staff_not_justify_booking_issue,,,,Yes,No,Yes,Yes
4729,no_evident_not_staff_left_clear_information_for_arrival,staff_left_clear_information_for_arrival,staff_charge_for_cancellation_while_no_cancellation_charge_in_Booking.com,,,,No,No,,No
4730,no_evident_not_staff_left_clear_information_for_arrival,staff_left_clear_information_for_arrival,staff_enforce_cancellation_charge,,,,No,No,,No
4731,no_evident_not_staff_left_clear_information_for_arrival,staff_left_clear_information_for_arrival,staff_mistakenly_throw_valuable_item_during_cleaning_service,,,,No,No,,No
4732,no_evident_not_staff_left_clear_information_for_arrival,staff_left_clear_information_for_arrival,staff_not_provide_good_solution,,,,Yes,Yes,,Yes
4733,no_evident_not_staff_left_clear_information_for_arrival,staff_left_clear_information_for_arrival,staff_has_unaceptable_manner,,,,No,No,,No
4734,no_evident_not_staff_left_clear_information_for_arrival,staff_left_clear_information_for_arrival,staff_not_speak_Cypriot_language,,,,No,No,,No
4735,no_evident_not_staff_left_clear_information_for_arrival,staff_left_clear_information_for_arrival,no_staff_at_night,,,,No,Yes,No,No
4736,no_evident_not_staff_left_clear_information_for_arrival,staff_left_clear_information_for_arrival,staff_not_understand_English_well,,,,No,No,,No
4737,no_evident_not_staff_left_clear_information_for_arrival,staff_left_clear_information_for_arrival,staff_cannot_give_bus_to_airport_information,,,,No,No,,No
4738,no_evident_not_staff_left_clear_information_for_arrival,staff_left_clear_information_for_arrival,only_one_staff_wear_mask,,,,No,No,,No
4739,no_evident_not_staff_left_precise_information_for_arrival,staff_left_precise_information_for_arrival,staff_not_speak_English_properly,,,,No,No,,No
4740,no_evident_not_staff_left_precise_information_for_arrival,staff_left_precise_information_for_arrival,staff_clean_after_complaint,,,,No,No,,No
4741,no_evident_not_staff_left_precise_information_for_arrival,staff_left_precise_information_for_arrival,staff_should_learn_better_English,,,,No,No,,No
4742,no_evident_not_staff_left_precise_information_for_arrival,staff_left_precise_information_for_arrival,staff_need_improve_organization,,,,No,Yes,No,No
4743,no_evident_not_staff_left_precise_information_for_arrival,staff_left_precise_information_for_arrival,staff_need_improve_collaboration,,,,No,No,,No
4744,no_evident_not_staff_left_precise_information_for_arrival,staff_left_precise_information_for_arrival,staff_need_keep_update,,,,No,No,,No
4745,no_evident_not_staff_left_precise_information_for_arrival,staff_left_precise_information_for_arrival,not_kind_staff,,,,Yes,No,Yes,Yes
4746,no_evident_not_staff_left_precise_information_for_arrival,staff_left_precise_information_for_arrival,no_empathy_staff,,,,Yes,No,Yes,Yes
4747,no_evident_not_staff_left_precise_information_for_arrival,staff_left_precise_information_for_arrival,staff_fail_to_communicate_with_taxi,,,,No,No,,No
4748,no_evident_not_staff_left_precise_information_for_arrival,staff_left_precise_information_for_arrival,staff_fail_to_guest_request,,,,No,No,,No
4749,no_evident_not_staff_left_precise_information_for_arrival,staff_left_precise_information_for_arrival,staff_cannot_provide_double_bed,,,,No,No,,No
4750,no_evident_not_staff_left_precise_information_for_arrival,staff_left_precise_information_for_arrival,offended_staff,,,,No,No,,No
4751,no_evident_not_staff_left_precise_information_for_arrival,staff_left_precise_information_for_arrival,staff_not_justify_booking_issue,,,,Yes,No,Yes,Yes
4752,no_evident_not_staff_left_precise_information_for_arrival,staff_left_precise_information_for_arrival,staff_charge_for_cancellation_while_no_cancellation_charge_in_Booking.com,,,,No,No,,No
4753,no_evident_not_staff_left_precise_information_for_arrival,staff_left_precise_information_for_arrival,staff_enforce_cancellation_charge,,,,No,No,,No
4754,no_evident_not_staff_left_precise_information_for_arrival,staff_left_precise_information_for_arrival,staff_mistakenly_throw_valuable_item_during_cleaning_service,,,,No,No,,No
4755,no_evident_not_staff_left_precise_information_for_arrival,staff_left_precise_information_for_arrival,staff_not_provide_good_solution,,,,No,Yes,Yes,Yes
4756,no_evident_not_staff_left_precise_information_for_arrival,staff_left_precise_information_for_arrival,staff_has_unaceptable_manner,,,,No,No,,No
4757,no_evident_not_staff_left_precise_information_for_arrival,staff_left_precise_information_for_arrival,staff_not_speak_Cypriot_language,,,,No,No,,No
4758,no_evident_not_staff_left_precise_information_for_arrival,staff_left_precise_information_for_arrival,no_staff_at_night,,,,No,Yes,No,No
4759,no_evident_not_staff_left_precise_information_for_arrival,staff_left_precise_information_for_arrival,staff_not_understand_English_well,,,,No,No,,No
4760,no_evident_not_staff_left_precise_information_for_arrival,staff_left_precise_information_for_arrival,staff_cannot_give_bus_to_airport_information,,,,No,No,,No
4761,no_evident_not_staff_left_precise_information_for_arrival,staff_left_precise_information_for_arrival,only_one_staff_wear_mask,,,,No,No,,No
4762,no_evident_not_staff_send_phot_for_arrival,staff_send_phot_for_arrival,staff_not_speak_English_properly,,,,No,No,,No
4763,no_evident_not_staff_send_phot_for_arrival,staff_send_phot_for_arrival,staff_clean_after_complaint,,,,No,No,,No
4764,no_evident_not_staff_send_phot_for_arrival,staff_send_phot_for_arrival,staff_should_learn_better_English,,,,No,No,,No
4765,no_evident_not_staff_send_phot_for_arrival,staff_send_phot_for_arrival,staff_need_improve_organization,,,,No,Yes,Yes,Yes
4766,no_evident_not_staff_send_phot_for_arrival,staff_send_phot_for_arrival,staff_need_improve_collaboration,,,,No,No,,No
4767,no_evident_not_staff_send_phot_for_arrival,staff_send_phot_for_arrival,staff_need_keep_update,,,,No,No,,No
4768,no_evident_not_staff_send_phot_for_arrival,staff_send_phot_for_arrival,not_kind_staff,,,,Yes,No,Yes,Yes
4769,no_evident_not_staff_send_phot_for_arrival,staff_send_phot_for_arrival,no_empathy_staff,,,,Yes,No,Yes,Yes
4770,no_evident_not_staff_send_phot_for_arrival,staff_send_phot_for_arrival,staff_fail_to_communicate_with_taxi,,,,No,No,,No
4771,no_evident_not_staff_send_phot_for_arrival,staff_send_phot_for_arrival,staff_fail_to_guest_request,,,,No,No,,No
4772,no_evident_not_staff_send_phot_for_arrival,staff_send_phot_for_arrival,staff_cannot_provide_double_bed,,,,No,No,,No
4773,no_evident_not_staff_send_phot_for_arrival,staff_send_phot_for_arrival,offended_staff,,,,No,No,,No
4774,no_evident_not_staff_send_phot_for_arrival,staff_send_phot_for_arrival,staff_not_justify_booking_issue,,,,No,No,,No
4775,no_evident_not_staff_send_phot_for_arrival,staff_send_phot_for_arrival,staff_charge_for_cancellation_while_no_cancellation_charge_in_Booking.com,,,,No,No,,No
4776,no_evident_not_staff_send_phot_for_arrival,staff_send_phot_for_arrival,staff_enforce_cancellation_charge,,,,No,No,,No
4777,no_evident_not_staff_send_phot_for_arrival,staff_send_phot_for_arrival,staff_mistakenly_throw_valuable_item_during_cleaning_service,,,,No,No,,No
4778,no_evident_not_staff_send_phot_for_arrival,staff_send_phot_for_arrival,staff_not_provide_good_solution,,,,No,Yes,No,No
4779,no_evident_not_staff_send_phot_for_arrival,staff_send_phot_for_arrival,staff_has_unaceptable_manner,,,,No,No,,No
4780,no_evident_not_staff_send_phot_for_arrival,staff_send_phot_for_arrival,staff_not_speak_Cypriot_language,,,,No,No,,No
4781,no_evident_not_staff_send_phot_for_arrival,staff_send_phot_for_arrival,no_staff_at_night,,,,No,Yes,No,No
4782,no_evident_not_staff_send_phot_for_arrival,staff_send_phot_for_arrival,staff_not_understand_English_well,,,,No,No,,No
4783,no_evident_not_staff_send_phot_for_arrival,staff_send_phot_for_arrival,staff_cannot_give_bus_to_airport_information,,,,No,No,,No
4784,no_evident_not_staff_send_phot_for_arrival,staff_send_phot_for_arrival,only_one_staff_wear_mask,,,,No,No,,No
4785,no_evident_not_sympathy_staff,sympathy_staff,staff_not_speak_English_properly,,,,No,No,,No
4786,no_evident_not_sympathy_staff,sympathy_staff,staff_clean_after_complaint,,,,No,No,,No
4787,no_evident_not_sympathy_staff,sympathy_staff,staff_should_learn_better_English,,,,No,No,,No
4788,no_evident_not_sympathy_staff,sympathy_staff,staff_need_improve_organization,,,,No,No,,No
4789,no_evident_not_sympathy_staff,sympathy_staff,staff_need_improve_collaboration,,,,No,No,,No
4790,no_evident_not_sympathy_staff,sympathy_staff,staff_need_keep_update,,,,No,No,,No
4791,no_evident_not_sympathy_staff,sympathy_staff,not_kind_staff,,,,Yes,Yes,,Yes
4792,no_evident_not_sympathy_staff,sympathy_staff,no_empathy_staff,,,,Yes,Yes,,Yes
4793,no_evident_not_sympathy_staff,sympathy_staff,staff_fail_to_communicate_with_taxi,,,,No,No,,No
4794,no_evident_not_sympathy_staff,sympathy_staff,staff_fail_to_guest_request,,,,No,No,,No
4795,no_evident_not_sympathy_staff,sympathy_staff,staff_cannot_provide_double_bed,,,,No,No,,No
4796,no_evident_not_sympathy_staff,sympathy_staff,offended_staff,,,,Yes,Yes,,Yes
4797,no_evident_not_sympathy_staff,sympathy_staff,staff_not_justify_booking_issue,,,,Yes,No,Yes,Yes
4798,no_evident_not_sympathy_staff,sympathy_staff,staff_charge_for_cancellation_while_no_cancellation_charge_in_Booking.com,,,,No,No,,No
4799,no_evident_not_sympathy_staff,sympathy_staff,staff_enforce_cancellation_charge,,,,No,No,,No
4800,no_evident_not_sympathy_staff,sympathy_staff,staff_mistakenly_throw_valuable_item_during_cleaning_service,,,,No,No,,No
4801,no_evident_not_sympathy_staff,sympathy_staff,staff_not_provide_good_solution,,,,Yes,No,Yes,Yes
4802,no_evident_not_sympathy_staff,sympathy_staff,staff_has_unaceptable_manner,,,,Yes,Yes,,Yes
4803,no_evident_not_sympathy_staff,sympathy_staff,staff_not_speak_Cypriot_language,,,,No,No,,No
4804,no_evident_not_sympathy_staff,sympathy_staff,no_staff_at_night,,,,No,No,,No
4805,no_evident_not_sympathy_staff,sympathy_staff,staff_not_understand_English_well,,,,No,No,,No
4806,no_evident_not_sympathy_staff,sympathy_staff,staff_cannot_give_bus_to_airport_information,,,,No,No,,No
4807,no_evident_not_sympathy_staff,sympathy_staff,only_one_staff_wear_mask,,,,No,No,,No
4808,no_evident_not_staff_speak_French,staff_speak_French,staff_not_speak_English_properly,,,,No,No,,No
4809,no_evident_not_staff_speak_French,staff_speak_French,staff_clean_after_complaint,,,,No,No,,No
4810,no_evident_not_staff_speak_French,staff_speak_French,staff_should_learn_better_English,,,,No,No,,No
4811,no_evident_not_staff_speak_French,staff_speak_French,staff_need_improve_organization,,,,No,No,,No
4812,no_evident_not_staff_speak_French,staff_speak_French,staff_need_improve_collaboration,,,,No,No,,No
4813,no_evident_not_staff_speak_French,staff_speak_French,staff_need_keep_update,,,,No,No,,No
4814,no_evident_not_staff_speak_French,staff_speak_French,not_kind_staff,,,,No,No,,No
4815,no_evident_not_staff_speak_French,staff_speak_French,no_empathy_staff,,,,No,No,,No
4816,no_evident_not_staff_speak_French,staff_speak_French,staff_fail_to_communicate_with_taxi,,,,No,No,,No
4817,no_evident_not_staff_speak_French,staff_speak_French,staff_fail_to_guest_request,,,,No,No,,No
4818,no_evident_not_staff_speak_French,staff_speak_French,staff_cannot_provide_double_bed,,,,No,No,,No
4819,no_evident_not_staff_speak_French,staff_speak_French,offended_staff,,,,No,No,,No
4820,no_evident_not_staff_speak_French,staff_speak_French,staff_not_justify_booking_issue,,,,No,No,,No
4821,no_evident_not_staff_speak_French,staff_speak_French,staff_charge_for_cancellation_while_no_cancellation_charge_in_Booking.com,,,,No,No,,No
4822,no_evident_not_staff_speak_French,staff_speak_French,staff_enforce_cancellation_charge,,,,No,No,,No
4823,no_evident_not_staff_speak_French,staff_speak_French,staff_mistakenly_throw_valuable_item_during_cleaning_service,,,,No,No,,No
4824,no_evident_not_staff_speak_French,staff_speak_French,staff_not_provide_good_solution,,,,No,No,,No
4825,no_evident_not_staff_speak_French,staff_speak_French,staff_has_unaceptable_manner,,,,No,No,,No
4826,no_evident_not_staff_speak_French,staff_speak_French,staff_not_speak_Cypriot_language,,,,No,No,,No
4827,no_evident_not_staff_speak_French,staff_speak_French,no_staff_at_night,,,,No,No,,No
4828,no_evident_not_staff_speak_French,staff_speak_French,staff_not_understand_English_well,,,,No,No,,No
4829,no_evident_not_staff_speak_French,staff_speak_French,staff_cannot_give_bus_to_airport_information,,,,No,No,,No
4830,no_evident_not_staff_speak_French,staff_speak_French,only_one_staff_wear_mask,,,,No,No,,No
4831,no_evident_not_staff_settle_early,staff_settle_early,staff_not_speak_English_properly,,,,No,No,,No
4832,no_evident_not_staff_settle_early,staff_settle_early,staff_clean_after_complaint,,,,No,No,,No
4833,no_evident_not_staff_settle_early,staff_settle_early,staff_should_learn_better_English,,,,No,No,,No
4834,no_evident_not_staff_settle_early,staff_settle_early,staff_need_improve_organization,,,,No,No,,No
4835,no_evident_not_staff_settle_early,staff_settle_early,staff_need_improve_collaboration,,,,No,No,,No
4836,no_evident_not_staff_settle_early,staff_settle_early,staff_need_keep_update,,,,No,No,,No
4837,no_evident_not_staff_settle_early,staff_settle_early,not_kind_staff,,,,No,No,,No
4838,no_evident_not_staff_settle_early,staff_settle_early,no_empathy_staff,,,,Yes,No,Yes,Yes
4839,no_evident_not_staff_settle_early,staff_settle_early,staff_fail_to_communicate_with_taxi,,,,No,No,,No
4840,no_evident_not_staff_settle_early,staff_settle_early,staff_fail_to_guest_request,,,,No,No,,No
4841,no_evident_not_staff_settle_early,staff_settle_early,staff_cannot_provide_double_bed,,,,No,No,,No
4842,no_evident_not_staff_settle_early,staff_settle_early,offended_staff,,,,No,No,,No
4843,no_evident_not_staff_settle_early,staff_settle_early,staff_not_justify_booking_issue,,,,No,No,,No
4844,no_evident_not_staff_settle_early,staff_settle_early,staff_charge_for_cancellation_while_no_cancellation_charge_in_Booking.com,,,,No,No,,No
4845,no_evident_not_staff_settle_early,staff_settle_early,staff_enforce_cancellation_charge,,,,No,No,,No
4846,no_evident_not_staff_settle_early,staff_settle_early,staff_mistakenly_throw_valuable_item_during_cleaning_service,,,,No,No,,No
4847,no_evident_not_staff_settle_early,staff_settle_early,staff_not_provide_good_solution,,,,No,No,,No
4848,no_evident_not_staff_settle_early,staff_settle_early,staff_has_unaceptable_manner,,,,No,No,,No
4849,no_evident_not_staff_settle_early,staff_settle_early,staff_not_speak_Cypriot_language,,,,No,No,,No
4850,no_evident_not_staff_settle_early,staff_settle_early,no_staff_at_night,,,,No,Yes,Yes,Yes
4851,no_evident_not_staff_settle_early,staff_settle_early,staff_not_understand_English_well,,,,No,No,,No
4852,no_evident_not_staff_settle_early,staff_settle_early,staff_cannot_give_bus_to_airport_information,,,,No,No,,No
4853,no_evident_not_staff_settle_early,staff_settle_early,only_one_staff_wear_mask,,,,No,No,,No
4854,no_evident_not_staff_think_all_detail,staff_think_all_detail,staff_not_speak_English_properly,,,,No,No,,No
4855,no_evident_not_staff_think_all_detail,staff_think_all_detail,staff_clean_after_complaint,,,,No,No,,No
4856,no_evident_not_staff_think_all_detail,staff_think_all_detail,staff_should_learn_better_English,,,,No,No,,No
4857,no_evident_not_staff_think_all_detail,staff_think_all_detail,staff_need_improve_organization,,,,No,Yes,Yes,Yes
4858,no_evident_not_staff_think_all_detail,staff_think_all_detail,staff_need_improve_collaboration,,,,No,No,,No
4859,no_evident_not_staff_think_all_detail,staff_think_all_detail,staff_need_keep_update,,,,No,No,,No
4860,no_evident_not_staff_think_all_detail,staff_think_all_detail,not_kind_staff,,,,No,No,,No
4861,no_evident_not_staff_think_all_detail,staff_think_all_detail,no_empathy_staff,,,,No,No,,No
4862,no_evident_not_staff_think_all_detail,staff_think_all_detail,staff_fail_to_communicate_with_taxi,,,,No,No,,No
4863,no_evident_not_staff_think_all_detail,staff_think_all_detail,staff_fail_to_guest_request,,,,No,No,,No
4864,no_evident_not_staff_think_all_detail,staff_think_all_detail,staff_cannot_provide_double_bed,,,,No,No,,No
4865,no_evident_not_staff_think_all_detail,staff_think_all_detail,offended_staff,,,,No,No,,No
4866,no_evident_not_staff_think_all_detail,staff_think_all_detail,staff_not_justify_booking_issue,,,,No,No,,No
4867,no_evident_not_staff_think_all_detail,staff_think_all_detail,staff_charge_for_cancellation_while_no_cancellation_charge_in_Booking.com,,,,No,No,,No
4868,no_evident_not_staff_think_all_detail,staff_think_all_detail,staff_enforce_cancellation_charge,,,,No,No,,No
4869,no_evident_not_staff_think_all_detail,staff_think_all_detail,staff_mistakenly_throw_valuable_item_during_cleaning_service,,,,No,No,,No
4870,no_evident_not_staff_think_all_detail,staff_think_all_detail,staff_not_provide_good_solution,,,,No,No,,No
4871,no_evident_not_staff_think_all_detail,staff_think_all_detail,staff_has_unaceptable_manner,,,,No,No,,No
4872,no_evident_not_staff_think_all_detail,staff_think_all_detail,staff_not_speak_Cypriot_language,,,,No,No,,No
4873,no_evident_not_staff_think_all_detail,staff_think_all_detail,no_staff_at_night,,,,No,No,,No
4874,no_evident_not_staff_think_all_detail,staff_think_all_detail,staff_not_understand_English_well,,,,No,No,,No
4875,no_evident_not_staff_think_all_detail,staff_think_all_detail,staff_cannot_give_bus_to_airport_information,,,,No,No,,No
4876,no_evident_not_staff_think_all_detail,staff_think_all_detail,only_one_staff_wear_mask,,,,No,No,,No
4877,no_evident_not_staff_take_care_late_check-in,staff_take_care_late_check-in,staff_not_speak_English_properly,,,,No,No,,No
4878,no_evident_not_staff_take_care_late_check-in,staff_take_care_late_check-in,staff_clean_after_complaint,,,,No,No,,No
4879,no_evident_not_staff_take_care_late_check-in,staff_take_care_late_check-in,staff_should_learn_better_English,,,,No,No,,No
4880,no_evident_not_staff_take_care_late_check-in,staff_take_care_late_check-in,staff_need_improve_organization,,,,No,No,,No
4881,no_evident_not_staff_take_care_late_check-in,staff_take_care_late_check-in,staff_need_improve_collaboration,,,,No,No,,No
4882,no_evident_not_staff_take_care_late_check-in,staff_take_care_late_check-in,staff_need_keep_update,,,,No,No,,No
4883,no_evident_not_staff_take_care_late_check-in,staff_take_care_late_check-in,not_kind_staff,,,,Yes,No,Yes,Yes
4884,no_evident_not_staff_take_care_late_check-in,staff_take_care_late_check-in,no_empathy_staff,,,,Yes,No,Yes,Yes
4885,no_evident_not_staff_take_care_late_check-in,staff_take_care_late_check-in,staff_fail_to_communicate_with_taxi,,,,No,No,,No
4886,no_evident_not_staff_take_care_late_check-in,staff_take_care_late_check-in,staff_fail_to_guest_request,,,,No,No,,No
4887,no_evident_not_staff_take_care_late_check-in,staff_take_care_late_check-in,staff_cannot_provide_double_bed,,,,No,No,,No
4888,no_evident_not_staff_take_care_late_check-in,staff_take_care_late_check-in,offended_staff,,,,No,No,,No
4889,no_evident_not_staff_take_care_late_check-in,staff_take_care_late_check-in,staff_not_justify_booking_issue,,,,No,No,,No
4890,no_evident_not_staff_take_care_late_check-in,staff_take_care_late_check-in,staff_charge_for_cancellation_while_no_cancellation_charge_in_Booking.com,,,,No,No,,No
4891,no_evident_not_staff_take_care_late_check-in,staff_take_care_late_check-in,staff_enforce_cancellation_charge,,,,No,No,,No
4892,no_evident_not_staff_take_care_late_check-in,staff_take_care_late_check-in,staff_mistakenly_throw_valuable_item_during_cleaning_service,,,,No,No,,No
4893,no_evident_not_staff_take_care_late_check-in,staff_take_care_late_check-in,staff_not_provide_good_solution,,,,No,No,,No
4894,no_evident_not_staff_take_care_late_check-in,staff_take_care_late_check-in,staff_has_unaceptable_manner,,,,No,No,,No
4895,no_evident_not_staff_take_care_late_check-in,staff_take_care_late_check-in,staff_not_speak_Cypriot_language,,,,No,No,,No
4896,no_evident_not_staff_take_care_late_check-in,staff_take_care_late_check-in,no_staff_at_night,,,,No,Yes,Yes,Yes
4897,no_evident_not_staff_take_care_late_check-in,staff_take_care_late_check-in,staff_not_understand_English_well,,,,No,No,,No
4898,no_evident_not_staff_take_care_late_check-in,staff_take_care_late_check-in,staff_cannot_give_bus_to_airport_information,,,,No,No,,No
4899,no_evident_not_staff_take_care_late_check-in,staff_take_care_late_check-in,only_one_staff_wear_mask,,,,No,No,,No
4900,no_evident_not_staff_take_care_for_adapter,staff_take_care_for_adapter,staff_not_speak_English_properly,,,,No,No,,No
4901,no_evident_not_staff_take_care_for_adapter,staff_take_care_for_adapter,staff_clean_after_complaint,,,,No,No,,No
4902,no_evident_not_staff_take_care_for_adapter,staff_take_care_for_adapter,staff_should_learn_better_English,,,,No,No,,No
4903,no_evident_not_staff_take_care_for_adapter,staff_take_care_for_adapter,staff_need_improve_organization,,,,No,No,,No
4904,no_evident_not_staff_take_care_for_adapter,staff_take_care_for_adapter,staff_need_improve_collaboration,,,,No,No,,No
4905,no_evident_not_staff_take_care_for_adapter,staff_take_care_for_adapter,staff_need_keep_update,,,,No,No,,No
4906,no_evident_not_staff_take_care_for_adapter,staff_take_care_for_adapter,not_kind_staff,,,,No,No,,No
4907,no_evident_not_staff_take_care_for_adapter,staff_take_care_for_adapter,no_empathy_staff,,,,No,No,,No
4908,no_evident_not_staff_take_care_for_adapter,staff_take_care_for_adapter,staff_fail_to_communicate_with_taxi,,,,No,No,,No
4909,no_evident_not_staff_take_care_for_adapter,staff_take_care_for_adapter,staff_fail_to_guest_request,,,,No,No,,No
4910,no_evident_not_staff_take_care_for_adapter,staff_take_care_for_adapter,staff_cannot_provide_double_bed,,,,No,No,,No
4911,no_evident_not_staff_take_care_for_adapter,staff_take_care_for_adapter,offended_staff,,,,No,No,,No
4912,no_evident_not_staff_take_care_for_adapter,staff_take_care_for_adapter,staff_not_justify_booking_issue,,,,No,No,,No
4913,no_evident_not_staff_take_care_for_adapter,staff_take_care_for_adapter,staff_charge_for_cancellation_while_no_cancellation_charge_in_Booking.com,,,,No,No,,No
4914,no_evident_not_staff_take_care_for_adapter,staff_take_care_for_adapter,staff_enforce_cancellation_charge,,,,No,No,,No
4915,no_evident_not_staff_take_care_for_adapter,staff_take_care_for_adapter,staff_mistakenly_throw_valuable_item_during_cleaning_service,,,,No,No,,No
4916,no_evident_not_staff_take_care_for_adapter,staff_take_care_for_adapter,staff_not_provide_good_solution,,,,No,No,,No
4917,no_evident_not_staff_take_care_for_adapter,staff_take_care_for_adapter,staff_has_unaceptable_manner,,,,No,No,,No
4918,no_evident_not_staff_take_care_for_adapter,staff_take_care_for_adapter,staff_not_speak_Cypriot_language,,,,No,No,,No
4919,no_evident_not_staff_take_care_for_adapter,staff_take_care_for_adapter,no_staff_at_night,,,,No,No,,No
4920,no_evident_not_staff_take_care_for_adapter,staff_take_care_for_adapter,staff_not_understand_English_well,,,,No,No,,No
4921,no_evident_not_staff_take_care_for_adapter,staff_take_care_for_adapter,staff_cannot_give_bus_to_airport_information,,,,No,No,,No
4922,no_evident_not_staff_take_care_for_adapter,staff_take_care_for_adapter,only_one_staff_wear_mask,,,,No,No,,No
4923,no_evident_not_staff_help_find_rental_car,staff_help_find_rental_car,staff_not_speak_English_properly,,,,No,No,,No
4924,no_evident_not_staff_help_find_rental_car,staff_help_find_rental_car,staff_clean_after_complaint,,,,No,No,,No
4925,no_evident_not_staff_help_find_rental_car,staff_help_find_rental_car,staff_should_learn_better_English,,,,No,No,,No
4926,no_evident_not_staff_help_find_rental_car,staff_help_find_rental_car,staff_need_improve_organization,,,,No,No,,No
4927,no_evident_not_staff_help_find_rental_car,staff_help_find_rental_car,staff_need_improve_collaboration,,,,No,No,,No
4928,no_evident_not_staff_help_find_rental_car,staff_help_find_rental_car,staff_need_keep_update,,,,No,No,,No
4929,no_evident_not_staff_help_find_rental_car,staff_help_find_rental_car,not_kind_staff,,,,Yes,Yes,,Yes
4930,no_evident_not_staff_help_find_rental_car,staff_help_find_rental_car,no_empathy_staff,,,,Yes,Yes,,Yes
4931,no_evident_not_staff_help_find_rental_car,staff_help_find_rental_car,staff_fail_to_communicate_with_taxi,,,,No,No,,No
4932,no_evident_not_staff_help_find_rental_car,staff_help_find_rental_car,staff_fail_to_guest_request,,,,No,No,,No
4933,no_evident_not_staff_help_find_rental_car,staff_help_find_rental_car,staff_cannot_provide_double_bed,,,,No,No,,No
4934,no_evident_not_staff_help_find_rental_car,staff_help_find_rental_car,offended_staff,,,,No,No,,No
4935,no_evident_not_staff_help_find_rental_car,staff_help_find_rental_car,staff_not_justify_booking_issue,,,,No,No,,No
4936,no_evident_not_staff_help_find_rental_car,staff_help_find_rental_car,staff_charge_for_cancellation_while_no_cancellation_charge_in_Booking.com,,,,No,No,,No
4937,no_evident_not_staff_help_find_rental_car,staff_help_find_rental_car,staff_enforce_cancellation_charge,,,,No,No,,No
4938,no_evident_not_staff_help_find_rental_car,staff_help_find_rental_car,staff_mistakenly_throw_valuable_item_during_cleaning_service,,,,No,No,,No
4939,no_evident_not_staff_help_find_rental_car,staff_help_find_rental_car,staff_not_provide_good_solution,,,,No,No,,No
4940,no_evident_not_staff_help_find_rental_car,staff_help_find_rental_car,staff_has_unaceptable_manner,,,,No,No,,No
4941,no_evident_not_staff_help_find_rental_car,staff_help_find_rental_car,staff_not_speak_Cypriot_language,,,,No,No,,No
4942,no_evident_not_staff_help_find_rental_car,staff_help_find_rental_car,no_staff_at_night,,,,No,Yes,No,No
4943,no_evident_not_staff_help_find_rental_car,staff_help_find_rental_car,staff_not_understand_English_well,,,,No,No,,No
4944,no_evident_not_staff_help_find_rental_car,staff_help_find_rental_car,staff_cannot_give_bus_to_airport_information,,,,No,No,,No
4945,no_evident_not_staff_help_find_rental_car,staff_help_find_rental_car,only_one_staff_wear_mask,,,,No,No,,No
4946,no_evident_not_accompanying_staff,accompanying_staff,staff_not_speak_English_properly,,,,No,No,,No
4947,no_evident_not_accompanying_staff,accompanying_staff,staff_clean_after_complaint,,,,No,No,,No
4948,no_evident_not_accompanying_staff,accompanying_staff,staff_should_learn_better_English,,,,No,No,,No
4949,no_evident_not_accompanying_staff,accompanying_staff,staff_need_improve_organization,,,,No,No,,No
4950,no_evident_not_accompanying_staff,accompanying_staff,staff_need_improve_collaboration,,,,No,No,,No
4951,no_evident_not_accompanying_staff,accompanying_staff,staff_need_keep_update,,,,No,No,,No
4952,no_evident_not_accompanying_staff,accompanying_staff,not_kind_staff,,,,Yes,Yes,,Yes
4953,no_evident_not_accompanying_staff,accompanying_staff,no_empathy_staff,,,,Yes,Yes,,Yes
4954,no_evident_not_accompanying_staff,accompanying_staff,staff_fail_to_communicate_with_taxi,,,,No,No,,No
4955,no_evident_not_accompanying_staff,accompanying_staff,staff_fail_to_guest_request,,,,No,No,,No
4956,no_evident_not_accompanying_staff,accompanying_staff,staff_cannot_provide_double_bed,,,,No,No,,No
4957,no_evident_not_accompanying_staff,accompanying_staff,offended_staff,,,,Yes,No,Yes,Yes
4958,no_evident_not_accompanying_staff,accompanying_staff,staff_not_justify_booking_issue,,,,Yes,No,No,No
4959,no_evident_not_accompanying_staff,accompanying_staff,staff_charge_for_cancellation_while_no_cancellation_charge_in_Booking.com,,,,No,No,,No
4960,no_evident_not_accompanying_staff,accompanying_staff,staff_enforce_cancellation_charge,,,,No,No,,No
4961,no_evident_not_accompanying_staff,accompanying_staff,staff_mistakenly_throw_valuable_item_during_cleaning_service,,,,No,No,,No
4962,no_evident_not_accompanying_staff,accompanying_staff,staff_not_provide_good_solution,,,,Yes,No,No,No
4963,no_evident_not_accompanying_staff,accompanying_staff,staff_has_unaceptable_manner,,,,Yes,No,No,No
4964,no_evident_not_accompanying_staff,accompanying_staff,staff_not_speak_Cypriot_language,,,,No,No,,No
4965,no_evident_not_accompanying_staff,accompanying_staff,no_staff_at_night,,,,Yes,No,Yes,Yes
4966,no_evident_not_accompanying_staff,accompanying_staff,staff_not_understand_English_well,,,,No,No,,No
4967,no_evident_not_accompanying_staff,accompanying_staff,staff_cannot_give_bus_to_airport_information,,,,No,No,,No
4968,no_evident_not_accompanying_staff,accompanying_staff,only_one_staff_wear_mask,,,,No,No,,No
4969,no_evident_not_advising_staff,advising_staff,staff_not_speak_English_properly,,,,No,No,,No
4970,no_evident_not_advising_staff,advising_staff,staff_clean_after_complaint,,,,No,No,,No
4971,no_evident_not_advising_staff,advising_staff,staff_should_learn_better_English,,,,No,No,,No
4972,no_evident_not_advising_staff,advising_staff,staff_need_improve_organization,,,,No,No,,No
4973,no_evident_not_advising_staff,advising_staff,staff_need_improve_collaboration,,,,No,No,,No
4974,no_evident_not_advising_staff,advising_staff,staff_need_keep_update,,,,No,No,,No
4975,no_evident_not_advising_staff,advising_staff,not_kind_staff,,,,No,No,,No
4976,no_evident_not_advising_staff,advising_staff,no_empathy_staff,,,,No,No,,No
4977,no_evident_not_advising_staff,advising_staff,staff_fail_to_communicate_with_taxi,,,,No,No,,No
4978,no_evident_not_advising_staff,advising_staff,staff_fail_to_guest_request,,,,No,No,,No
4979,no_evident_not_advising_staff,advising_staff,staff_cannot_provide_double_bed,,,,No,No,,No
4980,no_evident_not_advising_staff,advising_staff,offended_staff,,,,No,No,,No
4981,no_evident_not_advising_staff,advising_staff,staff_not_justify_booking_issue,,,,Yes,Yes,,Yes
4982,no_evident_not_advising_staff,advising_staff,staff_charge_for_cancellation_while_no_cancellation_charge_in_Booking.com,,,,No,No,,No
4983,no_evident_not_advising_staff,advising_staff,staff_enforce_cancellation_charge,,,,No,No,,No
4984,no_evident_not_advising_staff,advising_staff,staff_mistakenly_throw_valuable_item_during_cleaning_service,,,,No,No,,No
4985,no_evident_not_advising_staff,advising_staff,staff_not_provide_good_solution,,,,Yes,Yes,,Yes
4986,no_evident_not_advising_staff,advising_staff,staff_has_unaceptable_manner,,,,No,No,,No
4987,no_evident_not_advising_staff,advising_staff,staff_not_speak_Cypriot_language,,,,No,No,,No
4988,no_evident_not_advising_staff,advising_staff,no_staff_at_night,,,,No,No,,No
4989,no_evident_not_advising_staff,advising_staff,staff_not_understand_English_well,,,,No,No,,No
4990,no_evident_not_advising_staff,advising_staff,staff_cannot_give_bus_to_airport_information,,,,Yes,Yes,,Yes
4991,no_evident_not_advising_staff,advising_staff,only_one_staff_wear_mask,,,,No,No,,No
4992,no_evident_not_staff_communicate_before_arrival,staff_communicate_before_arrival,staff_not_speak_English_properly,,,,No,No,,No
4993,no_evident_not_staff_communicate_before_arrival,staff_communicate_before_arrival,staff_clean_after_complaint,,,,No,No,,No
4994,no_evident_not_staff_communicate_before_arrival,staff_communicate_before_arrival,staff_should_learn_better_English,,,,No,No,,No
4995,no_evident_not_staff_communicate_before_arrival,staff_communicate_before_arrival,staff_need_improve_organization,,,,No,Yes,Yes,Yes
4996,no_evident_not_staff_communicate_before_arrival,staff_communicate_before_arrival,staff_need_improve_collaboration,,,,No,No,,No
4997,no_evident_not_staff_communicate_before_arrival,staff_communicate_before_arrival,staff_need_keep_update,,,,No,No,,No
4998,no_evident_not_staff_communicate_before_arrival,staff_communicate_before_arrival,not_kind_staff,,,,No,No,,No
4999,no_evident_not_staff_communicate_before_arrival,staff_communicate_before_arrival,no_empathy_staff,,,,Yes,No,Yes,Yes
5000,no_evident_not_staff_communicate_before_arrival,staff_communicate_before_arrival,staff_fail_to_communicate_with_taxi,,,,No,No,,No
5001,no_evident_not_staff_communicate_before_arrival,staff_communicate_before_arrival,staff_fail_to_guest_request,,,,No,No,,No
5002,no_evident_not_staff_communicate_before_arrival,staff_communicate_before_arrival,staff_cannot_provide_double_bed,,,,No,No,,No
5003,no_evident_not_staff_communicate_before_arrival,staff_communicate_before_arrival,offended_staff,,,,No,No,,No
5004,no_evident_not_staff_communicate_before_arrival,staff_communicate_before_arrival,staff_not_justify_booking_issue,,,,No,No,,No
5005,no_evident_not_staff_communicate_before_arrival,staff_communicate_before_arrival,staff_charge_for_cancellation_while_no_cancellation_charge_in_Booking.com,,,,No,No,,No
5006,no_evident_not_staff_communicate_before_arrival,staff_communicate_before_arrival,staff_enforce_cancellation_charge,,,,No,No,,No
5007,no_evident_not_staff_communicate_before_arrival,staff_communicate_before_arrival,staff_mistakenly_throw_valuable_item_during_cleaning_service,,,,No,No,,No
5008,no_evident_not_staff_communicate_before_arrival,staff_communicate_before_arrival,staff_not_provide_good_solution,,,,No,No,,No
5009,no_evident_not_staff_communicate_before_arrival,staff_communicate_before_arrival,staff_has_unaceptable_manner,,,,No,No,,No
5010,no_evident_not_staff_communicate_before_arrival,staff_communicate_before_arrival,staff_not_speak_Cypriot_language,,,,No,No,,No
5011,no_evident_not_staff_communicate_before_arrival,staff_communicate_before_arrival,no_staff_at_night,,,,No,No,,No
5012,no_evident_not_staff_communicate_before_arrival,staff_communicate_before_arrival,staff_not_understand_English_well,,,,No,No,,No
5013,no_evident_not_staff_communicate_before_arrival,staff_communicate_before_arrival,staff_cannot_give_bus_to_airport_information,,,,No,No,,No
5014,no_evident_not_staff_communicate_before_arrival,staff_communicate_before_arrival,only_one_staff_wear_mask,,,,No,No,,No
5015,no_evident_not_staff_try_to_help,staff_try_to_help,staff_not_speak_English_properly,,,,No,No,,No
5016,no_evident_not_staff_try_to_help,staff_try_to_help,staff_clean_after_complaint,,,,No,No,,No
5017,no_evident_not_staff_try_to_help,staff_try_to_help,staff_should_learn_better_English,,,,No,No,,No
5018,no_evident_not_staff_try_to_help,staff_try_to_help,staff_need_improve_organization,,,,No,No,,No
5019,no_evident_not_staff_try_to_help,staff_try_to_help,staff_need_improve_collaboration,,,,No,No,,No
5020,no_evident_not_staff_try_to_help,staff_try_to_help,staff_need_keep_update,,,,No,No,,No
5021,no_evident_not_staff_try_to_help,staff_try_to_help,not_kind_staff,,,,Yes,Yes,,Yes
5022,no_evident_not_staff_try_to_help,staff_try_to_help,no_empathy_staff,,,,Yes,Yes,,Yes
5023,no_evident_not_staff_try_to_help,staff_try_to_help,staff_fail_to_communicate_with_taxi,,,,No,No,,No
5024,no_evident_not_staff_try_to_help,staff_try_to_help,staff_fail_to_guest_request,,,,No,No,,No
5025,no_evident_not_staff_try_to_help,staff_try_to_help,staff_cannot_provide_double_bed,,,,No,No,,No
5026,no_evident_not_staff_try_to_help,staff_try_to_help,offended_staff,,,,No,No,,No
5027,no_evident_not_staff_try_to_help,staff_try_to_help,staff_not_justify_booking_issue,,,,No,Yes,Yes,Yes
5028,no_evident_not_staff_try_to_help,staff_try_to_help,staff_charge_for_cancellation_while_no_cancellation_charge_in_Booking.com,,,,No,No,,No
5029,no_evident_not_staff_try_to_help,staff_try_to_help,staff_enforce_cancellation_charge,,,,No,No,,No
5030,no_evident_not_staff_try_to_help,staff_try_to_help,staff_mistakenly_throw_valuable_item_during_cleaning_service,,,,No,No,,No
5031,no_evident_not_staff_try_to_help,staff_try_to_help,staff_not_provide_good_solution,,,,Yes,Yes,,Yes
5032,no_evident_not_staff_try_to_help,staff_try_to_help,staff_has_unaceptable_manner,,,,No,Yes,Yes,Yes
5033,no_evident_not_staff_try_to_help,staff_try_to_help,staff_not_speak_Cypriot_language,,,,No,No,,No
5034,no_evident_not_staff_try_to_help,staff_try_to_help,no_staff_at_night,,,,No,Yes,Yes,Yes
5035,no_evident_not_staff_try_to_help,staff_try_to_help,staff_not_understand_English_well,,,,No,No,,No
5036,no_evident_not_staff_try_to_help,staff_try_to_help,staff_cannot_give_bus_to_airport_information,,,,No,No,,No
5037,no_evident_not_staff_try_to_help,staff_try_to_help,only_one_staff_wear_mask,,,,No,No,,No
5038,no_evident_not_staff_answer_everything,staff_answer_everything,staff_not_speak_English_properly,,,,No,No,,No
5039,no_evident_not_staff_answer_everything,staff_answer_everything,staff_clean_after_complaint,,,,No,No,,No
5040,no_evident_not_staff_answer_everything,staff_answer_everything,staff_should_learn_better_English,,,,No,No,,No
5041,no_evident_not_staff_answer_everything,staff_answer_everything,staff_need_improve_organization,,,,No,No,,No
5042,no_evident_not_staff_answer_everything,staff_answer_everything,staff_need_improve_collaboration,,,,No,No,,No
5043,no_evident_not_staff_answer_everything,staff_answer_everything,staff_need_keep_update,,,,No,No,,No
5044,no_evident_not_staff_answer_everything,staff_answer_everything,not_kind_staff,,,,Yes,No,Yes,Yes
5045,no_evident_not_staff_answer_everything,staff_answer_everything,no_empathy_staff,,,,Yes,No,Yes,Yes
5046,no_evident_not_staff_answer_everything,staff_answer_everything,staff_fail_to_communicate_with_taxi,,,,No,No,,No
5047,no_evident_not_staff_answer_everything,staff_answer_everything,staff_fail_to_guest_request,,,,No,No,,No
5048,no_evident_not_staff_answer_everything,staff_answer_everything,staff_cannot_provide_double_bed,,,,No,No,,No
5049,no_evident_not_staff_answer_everything,staff_answer_everything,offended_staff,,,,No,No,,No
5050,no_evident_not_staff_answer_everything,staff_answer_everything,staff_not_justify_booking_issue,,,,Yes,Yes,,Yes
5051,no_evident_not_staff_answer_everything,staff_answer_everything,staff_charge_for_cancellation_while_no_cancellation_charge_in_Booking.com,,,,No,No,,No
5052,no_evident_not_staff_answer_everything,staff_answer_everything,staff_enforce_cancellation_charge,,,,No,No,,No
5053,no_evident_not_staff_answer_everything,staff_answer_everything,staff_mistakenly_throw_valuable_item_during_cleaning_service,,,,No,No,,No
5054,no_evident_not_staff_answer_everything,staff_answer_everything,staff_not_provide_good_solution,,,,Yes,No,Yes,Yes
5055,no_evident_not_staff_answer_everything,staff_answer_everything,staff_has_unaceptable_manner,,,,Yes,Yes,,Yes
5056,no_evident_not_staff_answer_everything,staff_answer_everything,staff_not_speak_Cypriot_language,,,,No,No,,No
5057,no_evident_not_staff_answer_everything,staff_answer_everything,no_staff_at_night,,,,No,Yes,Yes,Yes
5058,no_evident_not_staff_answer_everything,staff_answer_everything,staff_not_understand_English_well,,,,No,No,,No
5059,no_evident_not_staff_answer_everything,staff_answer_everything,staff_cannot_give_bus_to_airport_information,,,,Yes,Yes,,Yes
5060,no_evident_not_staff_answer_everything,staff_answer_everything,only_one_staff_wear_mask,,,,No,No,,No
5061,no_evident_not_staff_take_care_well-being_of_guest,staff_take_care_well-being_of_guest,staff_not_speak_English_properly,,,,No,No,,No
5062,no_evident_not_staff_take_care_well-being_of_guest,staff_take_care_well-being_of_guest,staff_clean_after_complaint,,,,No,No,,No
5063,no_evident_not_staff_take_care_well-being_of_guest,staff_take_care_well-being_of_guest,staff_should_learn_better_English,,,,No,No,,No
5064,no_evident_not_staff_take_care_well-being_of_guest,staff_take_care_well-being_of_guest,staff_need_improve_organization,,,,No,Yes,No,No
5065,no_evident_not_staff_take_care_well-being_of_guest,staff_take_care_well-being_of_guest,staff_need_improve_collaboration,,,,No,No,,No
5066,no_evident_not_staff_take_care_well-being_of_guest,staff_take_care_well-being_of_guest,staff_need_keep_update,,,,No,No,,No
5067,no_evident_not_staff_take_care_well-being_of_guest,staff_take_care_well-being_of_guest,not_kind_staff,,,,Yes,Yes,,Yes
5068,no_evident_not_staff_take_care_well-being_of_guest,staff_take_care_well-being_of_guest,no_empathy_staff,,,,Yes,Yes,,Yes
5069,no_evident_not_staff_take_care_well-being_of_guest,staff_take_care_well-being_of_guest,staff_fail_to_communicate_with_taxi,,,,No,No,,No
5070,no_evident_not_staff_take_care_well-being_of_guest,staff_take_care_well-being_of_guest,staff_fail_to_guest_request,,,,No,No,,No
5071,no_evident_not_staff_take_care_well-being_of_guest,staff_take_care_well-being_of_guest,staff_cannot_provide_double_bed,,,,No,No,,No
5072,no_evident_not_staff_take_care_well-being_of_guest,staff_take_care_well-being_of_guest,offended_staff,,,,No,No,,No
5073,no_evident_not_staff_take_care_well-being_of_guest,staff_take_care_well-being_of_guest,staff_not_justify_booking_issue,,,,No,No,,No
5074,no_evident_not_staff_take_care_well-being_of_guest,staff_take_care_well-being_of_guest,staff_charge_for_cancellation_while_no_cancellation_charge_in_Booking.com,,,,No,No,,No
5075,no_evident_not_staff_take_care_well-being_of_guest,staff_take_care_well-being_of_guest,staff_enforce_cancellation_charge,,,,No,No,,No
5076,no_evident_not_staff_take_care_well-being_of_guest,staff_take_care_well-being_of_guest,staff_mistakenly_throw_valuable_item_during_cleaning_service,,,,No,No,,No
5077,no_evident_not_staff_take_care_well-being_of_guest,staff_take_care_well-being_of_guest,staff_not_provide_good_solution,,,,No,No,,No
5078,no_evident_not_staff_take_care_well-being_of_guest,staff_take_care_well-being_of_guest,staff_has_unaceptable_manner,,,,No,Yes,No,No
5079,no_evident_not_staff_take_care_well-being_of_guest,staff_take_care_well-being_of_guest,staff_not_speak_Cypriot_language,,,,No,No,,No
5080,no_evident_not_staff_take_care_well-being_of_guest,staff_take_care_well-being_of_guest,no_staff_at_night,,,,No,Yes,No,No
5081,no_evident_not_staff_take_care_well-being_of_guest,staff_take_care_well-being_of_guest,staff_not_understand_English_well,,,,No,No,,No
5082,no_evident_not_staff_take_care_well-being_of_guest,staff_take_care_well-being_of_guest,staff_cannot_give_bus_to_airport_information,,,,No,No,,No
5083,no_evident_not_staff_take_care_well-being_of_guest,staff_take_care_well-being_of_guest,only_one_staff_wear_mask,,,,No,No,,No
5084,no_evident_not_incredible_staff,incredible_staff,staff_not_speak_English_properly,,,,Yes,Yes,,Yes
5085,no_evident_not_incredible_staff,incredible_staff,staff_clean_after_complaint,,,,No,No,,No
5086,no_evident_not_incredible_staff,incredible_staff,staff_should_learn_better_English,,,,Yes,Yes,,Yes
5087,no_evident_not_incredible_staff,incredible_staff,staff_need_improve_organization,,,,Yes,Yes,,Yes
5088,no_evident_not_incredible_staff,incredible_staff,staff_need_improve_collaboration,,,,Yes,Yes,,Yes
5089,no_evident_not_incredible_staff,incredible_staff,staff_need_keep_update,,,,Yes,Yes,,Yes
5090,no_evident_not_incredible_staff,incredible_staff,not_kind_staff,,,,Yes,Yes,,Yes
5091,no_evident_not_incredible_staff,incredible_staff,no_empathy_staff,,,,Yes,Yes,,Yes
5092,no_evident_not_incredible_staff,incredible_staff,staff_fail_to_communicate_with_taxi,,,,Yes,Yes,,Yes
5093,no_evident_not_incredible_staff,incredible_staff,staff_fail_to_guest_request,,,,Yes,Yes,,Yes
5094,no_evident_not_incredible_staff,incredible_staff,staff_cannot_provide_double_bed,,,,No,No,,No
5095,no_evident_not_incredible_staff,incredible_staff,offended_staff,,,,Yes,Yes,,Yes
5096,no_evident_not_incredible_staff,incredible_staff,staff_not_justify_booking_issue,,,,Yes,Yes,,Yes
5097,no_evident_not_incredible_staff,incredible_staff,staff_charge_for_cancellation_while_no_cancellation_charge_in_Booking.com,,,,Yes,Yes,,Yes
5098,no_evident_not_incredible_staff,incredible_staff,staff_enforce_cancellation_charge,,,,No,No,,No
5099,no_evident_not_incredible_staff,incredible_staff,staff_mistakenly_throw_valuable_item_during_cleaning_service,,,,Yes,Yes,,Yes
5100,no_evident_not_incredible_staff,incredible_staff,staff_not_provide_good_solution,,,,Yes,Yes,,Yes
5101,no_evident_not_incredible_staff,incredible_staff,staff_has_unaceptable_manner,,,,Yes,Yes,,Yes
5102,no_evident_not_incredible_staff,incredible_staff,staff_not_speak_Cypriot_language,,,,Yes,Yes,,Yes
5103,no_evident_not_incredible_staff,incredible_staff,no_staff_at_night,,,,Yes,No,Yes,Yes
5104,no_evident_not_incredible_staff,incredible_staff,staff_not_understand_English_well,,,,Yes,Yes,,Yes
5105,no_evident_not_incredible_staff,incredible_staff,staff_cannot_give_bus_to_airport_information,,,,Yes,Yes,,Yes
5106,no_evident_not_incredible_staff,incredible_staff,only_one_staff_wear_mask,,,,Yes,No,No,No
5107,no_evident_not_soulful_atmosphere_staff,soulful_atmosphere_staff,staff_not_speak_English_properly,,,,No,No,,No
5108,no_evident_not_soulful_atmosphere_staff,soulful_atmosphere_staff,staff_clean_after_complaint,,,,No,No,,No
5109,no_evident_not_soulful_atmosphere_staff,soulful_atmosphere_staff,staff_should_learn_better_English,,,,No,No,,No
5110,no_evident_not_soulful_atmosphere_staff,soulful_atmosphere_staff,staff_need_improve_organization,,,,No,No,,No
5111,no_evident_not_soulful_atmosphere_staff,soulful_atmosphere_staff,staff_need_improve_collaboration,,,,No,No,,No
5112,no_evident_not_soulful_atmosphere_staff,soulful_atmosphere_staff,staff_need_keep_update,,,,No,No,,No
5113,no_evident_not_soulful_atmosphere_staff,soulful_atmosphere_staff,not_kind_staff,,,,Yes,Yes,,Yes
5114,no_evident_not_soulful_atmosphere_staff,soulful_atmosphere_staff,no_empathy_staff,,,,Yes,Yes,,Yes
5115,no_evident_not_soulful_atmosphere_staff,soulful_atmosphere_staff,staff_fail_to_communicate_with_taxi,,,,No,No,,No
5116,no_evident_not_soulful_atmosphere_staff,soulful_atmosphere_staff,staff_fail_to_guest_request,,,,No,No,,No
5117,no_evident_not_soulful_atmosphere_staff,soulful_atmosphere_staff,staff_cannot_provide_double_bed,,,,No,No,,No
5118,no_evident_not_soulful_atmosphere_staff,soulful_atmosphere_staff,offended_staff,,,,Yes,Yes,,Yes
5119,no_evident_not_soulful_atmosphere_staff,soulful_atmosphere_staff,staff_not_justify_booking_issue,,,,No,No,,No
5120,no_evident_not_soulful_atmosphere_staff,soulful_atmosphere_staff,staff_charge_for_cancellation_while_no_cancellation_charge_in_Booking.com,,,,No,No,,No
5121,no_evident_not_soulful_atmosphere_staff,soulful_atmosphere_staff,staff_enforce_cancellation_charge,,,,No,No,,No
5122,no_evident_not_soulful_atmosphere_staff,soulful_atmosphere_staff,staff_mistakenly_throw_valuable_item_during_cleaning_service,,,,No,No,,No
5123,no_evident_not_soulful_atmosphere_staff,soulful_atmosphere_staff,staff_not_provide_good_solution,,,,No,No,,No
5124,no_evident_not_soulful_atmosphere_staff,soulful_atmosphere_staff,staff_has_unaceptable_manner,,,,Yes,Yes,,Yes
5125,no_evident_not_soulful_atmosphere_staff,soulful_atmosphere_staff,staff_not_speak_Cypriot_language,,,,No,No,,No
5126,no_evident_not_soulful_atmosphere_staff,soulful_atmosphere_staff,no_staff_at_night,,,,No,No,,No
5127,no_evident_not_soulful_atmosphere_staff,soulful_atmosphere_staff,staff_not_understand_English_well,,,,No,No,,No
5128,no_evident_not_soulful_atmosphere_staff,soulful_atmosphere_staff,staff_cannot_give_bus_to_airport_information,,,,No,No,,No
5129,no_evident_not_soulful_atmosphere_staff,soulful_atmosphere_staff,only_one_staff_wear_mask,,,,No,No,,No
5130,no_evident_not_greeting_with_smile,greeting_with_smile,staff_not_speak_English_properly,,,,No,No,,No
5131,no_evident_not_greeting_with_smile,greeting_with_smile,staff_clean_after_complaint,,,,No,No,,No
5132,no_evident_not_greeting_with_smile,greeting_with_smile,staff_should_learn_better_English,,,,No,No,,No
5133,no_evident_not_greeting_with_smile,greeting_with_smile,staff_need_improve_organization,,,,No,No,,No
5134,no_evident_not_greeting_with_smile,greeting_with_smile,staff_need_improve_collaboration,,,,No,No,,No
5135,no_evident_not_greeting_with_smile,greeting_with_smile,staff_need_keep_update,,,,No,No,,No
5136,no_evident_not_greeting_with_smile,greeting_with_smile,not_kind_staff,,,,Yes,Yes,,Yes
5137,no_evident_not_greeting_with_smile,greeting_with_smile,no_empathy_staff,,,,Yes,No,Yes,Yes
5138,no_evident_not_greeting_with_smile,greeting_with_smile,staff_fail_to_communicate_with_taxi,,,,No,No,,No
5139,no_evident_not_greeting_with_smile,greeting_with_smile,staff_fail_to_guest_request,,,,No,No,,No
5140,no_evident_not_greeting_with_smile,greeting_with_smile,staff_cannot_provide_double_bed,,,,No,No,,No
5141,no_evident_not_greeting_with_smile,greeting_with_smile,offended_staff,,,,Yes,Yes,,Yes
5142,no_evident_not_greeting_with_smile,greeting_with_smile,staff_not_justify_booking_issue,,,,No,No,,No
5143,no_evident_not_greeting_with_smile,greeting_with_smile,staff_charge_for_cancellation_while_no_cancellation_charge_in_Booking.com,,,,No,No,,No
5144,no_evident_not_greeting_with_smile,greeting_with_smile,staff_enforce_cancellation_charge,,,,No,No,,No
5145,no_evident_not_greeting_with_smile,greeting_with_smile,staff_mistakenly_throw_valuable_item_during_cleaning_service,,,,No,No,,No
5146,no_evident_not_greeting_with_smile,greeting_with_smile,staff_not_provide_good_solution,,,,No,No,,No
5147,no_evident_not_greeting_with_smile,greeting_with_smile,staff_has_unaceptable_manner,,,,Yes,Yes,,Yes
5148,no_evident_not_greeting_with_smile,greeting_with_smile,staff_not_speak_Cypriot_language,,,,No,No,,No
5149,no_evident_not_greeting_with_smile,greeting_with_smile,no_staff_at_night,,,,Yes,No,No,No
5150,no_evident_not_greeting_with_smile,greeting_with_smile,staff_not_understand_English_well,,,,No,No,,No
5151,no_evident_not_greeting_with_smile,greeting_with_smile,staff_cannot_give_bus_to_airport_information,,,,No,No,,No
5152,no_evident_not_greeting_with_smile,greeting_with_smile,only_one_staff_wear_mask,,,,No,No,,No
5153,no_evident_not_respond_to_help,respond_to_help,staff_not_speak_English_properly,,,,No,No,,No
5154,no_evident_not_respond_to_help,respond_to_help,staff_clean_after_complaint,,,,No,No,,No
5155,no_evident_not_respond_to_help,respond_to_help,staff_should_learn_better_English,,,,No,No,,No
5156,no_evident_not_respond_to_help,respond_to_help,staff_need_improve_organization,,,,No,No,,No
5157,no_evident_not_respond_to_help,respond_to_help,staff_need_improve_collaboration,,,,No,No,,No
5158,no_evident_not_respond_to_help,respond_to_help,staff_need_keep_update,,,,No,No,,No
5159,no_evident_not_respond_to_help,respond_to_help,not_kind_staff,,,,Yes,Yes,,Yes
5160,no_evident_not_respond_to_help,respond_to_help,no_empathy_staff,,,,Yes,Yes,,Yes
5161,no_evident_not_respond_to_help,respond_to_help,staff_fail_to_communicate_with_taxi,,,,No,No,,No
5162,no_evident_not_respond_to_help,respond_to_help,staff_fail_to_guest_request,,,,No,No,,No
5163,no_evident_not_respond_to_help,respond_to_help,staff_cannot_provide_double_bed,,,,No,No,,No
5164,no_evident_not_respond_to_help,respond_to_help,offended_staff,,,,No,No,,No
5165,no_evident_not_respond_to_help,respond_to_help,staff_not_justify_booking_issue,,,,Yes,Yes,,Yes
5166,no_evident_not_respond_to_help,respond_to_help,staff_charge_for_cancellation_while_no_cancellation_charge_in_Booking.com,,,,No,No,,No
5167,no_evident_not_respond_to_help,respond_to_help,staff_enforce_cancellation_charge,,,,No,No,,No
5168,no_evident_not_respond_to_help,respond_to_help,staff_mistakenly_throw_valuable_item_during_cleaning_service,,,,No,No,,No
5169,no_evident_not_respond_to_help,respond_to_help,staff_not_provide_good_solution,,,,Yes,Yes,,Yes
5170,no_evident_not_respond_to_help,respond_to_help,staff_has_unaceptable_manner,,,,Yes,Yes,,Yes
5171,no_evident_not_respond_to_help,respond_to_help,staff_not_speak_Cypriot_language,,,,No,No,,No
5172,no_evident_not_respond_to_help,respond_to_help,no_staff_at_night,,,,Yes,No,Yes,Yes
5173,no_evident_not_respond_to_help,respond_to_help,staff_not_understand_English_well,,,,No,No,,No
5174,no_evident_not_respond_to_help,respond_to_help,staff_cannot_give_bus_to_airport_information,,,,No,No,,No
5175,no_evident_not_respond_to_help,respond_to_help,only_one_staff_wear_mask,,,,No,No,,No
5176,no_evident_not_staff_call_us_taxi,staff_call_us_taxi,staff_not_speak_English_properly,,,,No,No,,No
5177,no_evident_not_staff_call_us_taxi,staff_call_us_taxi,staff_clean_after_complaint,,,,No,No,,No
5178,no_evident_not_staff_call_us_taxi,staff_call_us_taxi,staff_should_learn_better_English,,,,No,No,,No
5179,no_evident_not_staff_call_us_taxi,staff_call_us_taxi,staff_need_improve_organization,,,,No,No,,No
5180,no_evident_not_staff_call_us_taxi,staff_call_us_taxi,staff_need_improve_collaboration,,,,No,No,,No
5181,no_evident_not_staff_call_us_taxi,staff_call_us_taxi,staff_need_keep_update,,,,No,No,,No
5182,no_evident_not_staff_call_us_taxi,staff_call_us_taxi,not_kind_staff,,,,Yes,Yes,,Yes
5183,no_evident_not_staff_call_us_taxi,staff_call_us_taxi,no_empathy_staff,,,,Yes,No,Yes,Yes
5184,no_evident_not_staff_call_us_taxi,staff_call_us_taxi,staff_fail_to_communicate_with_taxi,,,,Yes,Yes,,Yes
5185,no_evident_not_staff_call_us_taxi,staff_call_us_taxi,staff_fail_to_guest_request,,,,No,No,,No
5186,no_evident_not_staff_call_us_taxi,staff_call_us_taxi,staff_cannot_provide_double_bed,,,,No,No,,No
5187,no_evident_not_staff_call_us_taxi,staff_call_us_taxi,offended_staff,,,,No,No,,No
5188,no_evident_not_staff_call_us_taxi,staff_call_us_taxi,staff_not_justify_booking_issue,,,,No,No,,No
5189,no_evident_not_staff_call_us_taxi,staff_call_us_taxi,staff_charge_for_cancellation_while_no_cancellation_charge_in_Booking.com,,,,No,No,,No
5190,no_evident_not_staff_call_us_taxi,staff_call_us_taxi,staff_enforce_cancellation_charge,,,,No,No,,No
5191,no_evident_not_staff_call_us_taxi,staff_call_us_taxi,staff_mistakenly_throw_valuable_item_during_cleaning_service,,,,No,No,,No
5192,no_evident_not_staff_call_us_taxi,staff_call_us_taxi,staff_not_provide_good_solution,,,,Yes,Yes,,Yes
5193,no_evident_not_staff_call_us_taxi,staff_call_us_taxi,staff_has_unaceptable_manner,,,,No,No,,No
5194,no_evident_not_staff_call_us_taxi,staff_call_us_taxi,staff_not_speak_Cypriot_language,,,,No,No,,No
5195,no_evident_not_staff_call_us_taxi,staff_call_us_taxi,no_staff_at_night,,,,No,No,,No
5196,no_evident_not_staff_call_us_taxi,staff_call_us_taxi,staff_not_understand_English_well,,,,No,No,,No
5197,no_evident_not_staff_call_us_taxi,staff_call_us_taxi,staff_cannot_give_bus_to_airport_information,,,,No,No,,No
5198,no_evident_not_staff_call_us_taxi,staff_call_us_taxi,only_one_staff_wear_mask,,,,No,No,,No
5199,no_evident_not_staff_no_charge_lost_room_ticket,staff_no_charge_lost_room_ticket,staff_not_speak_English_properly,,,,No,No,,No
5200,no_evident_not_staff_no_charge_lost_room_ticket,staff_no_charge_lost_room_ticket,staff_clean_after_complaint,,,,No,No,,No
5201,no_evident_not_staff_no_charge_lost_room_ticket,staff_no_charge_lost_room_ticket,staff_should_learn_better_English,,,,No,No,,No
5202,no_evident_not_staff_no_charge_lost_room_ticket,staff_no_charge_lost_room_ticket,staff_need_improve_organization,,,,No,No,,No
5203,no_evident_not_staff_no_charge_lost_room_ticket,staff_no_charge_lost_room_ticket,staff_need_improve_collaboration,,,,No,No,,No
5204,no_evident_not_staff_no_charge_lost_room_ticket,staff_no_charge_lost_room_ticket,staff_need_keep_update,,,,No,No,,No
5205,no_evident_not_staff_no_charge_lost_room_ticket,staff_no_charge_lost_room_ticket,not_kind_staff,,,,Yes,Yes,,Yes
5206,no_evident_not_staff_no_charge_lost_room_ticket,staff_no_charge_lost_room_ticket,no_empathy_staff,,,,Yes,Yes,,Yes
5207,no_evident_not_staff_no_charge_lost_room_ticket,staff_no_charge_lost_room_ticket,staff_fail_to_communicate_with_taxi,,,,No,No,,No
5208,no_evident_not_staff_no_charge_lost_room_ticket,staff_no_charge_lost_room_ticket,staff_fail_to_guest_request,,,,No,No,,No
5209,no_evident_not_staff_no_charge_lost_room_ticket,staff_no_charge_lost_room_ticket,staff_cannot_provide_double_bed,,,,No,No,,No
5210,no_evident_not_staff_no_charge_lost_room_ticket,staff_no_charge_lost_room_ticket,offended_staff,,,,No,No,,No
5211,no_evident_not_staff_no_charge_lost_room_ticket,staff_no_charge_lost_room_ticket,staff_not_justify_booking_issue,,,,No,No,,No
5212,no_evident_not_staff_no_charge_lost_room_ticket,staff_no_charge_lost_room_ticket,staff_charge_for_cancellation_while_no_cancellation_charge_in_Booking.com,,,,No,No,,No
5213,no_evident_not_staff_no_charge_lost_room_ticket,staff_no_charge_lost_room_ticket,staff_enforce_cancellation_charge,,,,No,No,,No
5214,no_evident_not_staff_no_charge_lost_room_ticket,staff_no_charge_lost_room_ticket,staff_mistakenly_throw_valuable_item_during_cleaning_service,,,,No,No,,No
5215,no_evident_not_staff_no_charge_lost_room_ticket,staff_no_charge_lost_room_ticket,staff_not_provide_good_solution,,,,No,No,,No
5216,no_evident_not_staff_no_charge_lost_room_ticket,staff_no_charge_lost_room_ticket,staff_has_unaceptable_manner,,,,No,No,,No
5217,no_evident_not_staff_no_charge_lost_room_ticket,staff_no_charge_lost_room_ticket,staff_not_speak_Cypriot_language,,,,No,No,,No
5218,no_evident_not_staff_no_charge_lost_room_ticket,staff_no_charge_lost_room_ticket,no_staff_at_night,,,,No,No,,No
5219,no_evident_not_staff_no_charge_lost_room_ticket,staff_no_charge_lost_room_ticket,staff_not_understand_English_well,,,,No,No,,No
5220,no_evident_not_staff_no_charge_lost_room_ticket,staff_no_charge_lost_room_ticket,staff_cannot_give_bus_to_airport_information,,,,No,No,,No
5221,no_evident_not_staff_no_charge_lost_room_ticket,staff_no_charge_lost_room_ticket,only_one_staff_wear_mask,,,,No,No,,No
5222,no_evident_not_staff_give_pleasant_feeling,staff_give_pleasant_feeling,staff_not_speak_English_properly,,,,No,No,,No
5223,no_evident_not_staff_give_pleasant_feeling,staff_give_pleasant_feeling,staff_clean_after_complaint,,,,No,No,,No
5224,no_evident_not_staff_give_pleasant_feeling,staff_give_pleasant_feeling,staff_should_learn_better_English,,,,No,No,,No
5225,no_evident_not_staff_give_pleasant_feeling,staff_give_pleasant_feeling,staff_need_improve_organization,,,,No,No,,No
5226,no_evident_not_staff_give_pleasant_feeling,staff_give_pleasant_feeling,staff_need_improve_collaboration,,,,No,No,,No
5227,no_evident_not_staff_give_pleasant_feeling,staff_give_pleasant_feeling,staff_need_keep_update,,,,No,No,,No
5228,no_evident_not_staff_give_pleasant_feeling,staff_give_pleasant_feeling,not_kind_staff,,,,Yes,Yes,,Yes
5229,no_evident_not_staff_give_pleasant_feeling,staff_give_pleasant_feeling,no_empathy_staff,,,,Yes,Yes,,Yes
5230,no_evident_not_staff_give_pleasant_feeling,staff_give_pleasant_feeling,staff_fail_to_communicate_with_taxi,,,,No,No,,No
5231,no_evident_not_staff_give_pleasant_feeling,staff_give_pleasant_feeling,staff_fail_to_guest_request,,,,No,No,,No
5232,no_evident_not_staff_give_pleasant_feeling,staff_give_pleasant_feeling,staff_cannot_provide_double_bed,,,,No,No,,No
5233,no_evident_not_staff_give_pleasant_feeling,staff_give_pleasant_feeling,offended_staff,,,,Yes,Yes,,Yes
5234,no_evident_not_staff_give_pleasant_feeling,staff_give_pleasant_feeling,staff_not_justify_booking_issue,,,,No,No,,No
5235,no_evident_not_staff_give_pleasant_feeling,staff_give_pleasant_feeling,staff_charge_for_cancellation_while_no_cancellation_charge_in_Booking.com,,,,No,No,,No
5236,no_evident_not_staff_give_pleasant_feeling,staff_give_pleasant_feeling,staff_enforce_cancellation_charge,,,,No,No,,No
5237,no_evident_not_staff_give_pleasant_feeling,staff_give_pleasant_feeling,staff_mistakenly_throw_valuable_item_during_cleaning_service,,,,No,No,,No
5238,no_evident_not_staff_give_pleasant_feeling,staff_give_pleasant_feeling,staff_not_provide_good_solution,,,,No,No,,No
5239,no_evident_not_staff_give_pleasant_feeling,staff_give_pleasant_feeling,staff_has_unaceptable_manner,,,,Yes,No,Yes,Yes
5240,no_evident_not_staff_give_pleasant_feeling,staff_give_pleasant_feeling,staff_not_speak_Cypriot_language,,,,No,No,,No
5241,no_evident_not_staff_give_pleasant_feeling,staff_give_pleasant_feeling,no_staff_at_night,,,,No,Yes,No,No
5242,no_evident_not_staff_give_pleasant_feeling,staff_give_pleasant_feeling,staff_not_understand_English_well,,,,No,No,,No
5243,no_evident_not_staff_give_pleasant_feeling,staff_give_pleasant_feeling,staff_cannot_give_bus_to_airport_information,,,,No,No,,No
5244,no_evident_not_staff_give_pleasant_feeling,staff_give_pleasant_feeling,only_one_staff_wear_mask,,,,No,No,,No
5245,no_evident_not_staff_confirm_arrival_time,staff_confirm_arrival_time,staff_not_speak_English_properly,,,,No,No,,No
5246,no_evident_not_staff_confirm_arrival_time,staff_confirm_arrival_time,staff_clean_after_complaint,,,,No,No,,No
5247,no_evident_not_staff_confirm_arrival_time,staff_confirm_arrival_time,staff_should_learn_better_English,,,,No,No,,No
5248,no_evident_not_staff_confirm_arrival_time,staff_confirm_arrival_time,staff_need_improve_organization,,,,No,No,,No
5249,no_evident_not_staff_confirm_arrival_time,staff_confirm_arrival_time,staff_need_improve_collaboration,,,,No,No,,No
5250,no_evident_not_staff_confirm_arrival_time,staff_confirm_arrival_time,staff_need_keep_update,,,,No,No,,No
5251,no_evident_not_staff_confirm_arrival_time,staff_confirm_arrival_time,not_kind_staff,,,,No,No,,No
5252,no_evident_not_staff_confirm_arrival_time,staff_confirm_arrival_time,no_empathy_staff,,,,Yes,No,No,No
5253,no_evident_not_staff_confirm_arrival_time,staff_confirm_arrival_time,staff_fail_to_communicate_with_taxi,,,,No,No,,No
5254,no_evident_not_staff_confirm_arrival_time,staff_confirm_arrival_time,staff_fail_to_guest_request,,,,No,No,,No
5255,no_evident_not_staff_confirm_arrival_time,staff_confirm_arrival_time,staff_cannot_provide_double_bed,,,,No,No,,No
5256,no_evident_not_staff_confirm_arrival_time,staff_confirm_arrival_time,offended_staff,,,,No,No,,No
5257,no_evident_not_staff_confirm_arrival_time,staff_confirm_arrival_time,staff_not_justify_booking_issue,,,,No,No,,No
5258,no_evident_not_staff_confirm_arrival_time,staff_confirm_arrival_time,staff_charge_for_cancellation_while_no_cancellation_charge_in_Booking.com,,,,No,No,,No
5259,no_evident_not_staff_confirm_arrival_time,staff_confirm_arrival_time,staff_enforce_cancellation_charge,,,,No,No,,No
5260,no_evident_not_staff_confirm_arrival_time,staff_confirm_arrival_time,staff_mistakenly_throw_valuable_item_during_cleaning_service,,,,No,No,,No
5261,no_evident_not_staff_confirm_arrival_time,staff_confirm_arrival_time,staff_not_provide_good_solution,,,,No,No,,No
5262,no_evident_not_staff_confirm_arrival_time,staff_confirm_arrival_time,staff_has_unaceptable_manner,,,,No,No,,No
5263,no_evident_not_staff_confirm_arrival_time,staff_confirm_arrival_time,staff_not_speak_Cypriot_language,,,,No,No,,No
5264,no_evident_not_staff_confirm_arrival_time,staff_confirm_arrival_time,no_staff_at_night,,,,No,No,,No
5265,no_evident_not_staff_confirm_arrival_time,staff_confirm_arrival_time,staff_not_understand_English_well,,,,No,No,,No
5266,no_evident_not_staff_confirm_arrival_time,staff_confirm_arrival_time,staff_cannot_give_bus_to_airport_information,,,,No,No,,No
5267,no_evident_not_staff_confirm_arrival_time,staff_confirm_arrival_time,only_one_staff_wear_mask,,,,No,No,,No
5268,no_evident_not_pleasant_welcome,pleasant_welcome,staff_not_speak_English_properly,,,,No,No,,No
5269,no_evident_not_pleasant_welcome,pleasant_welcome,staff_clean_after_complaint,,,,No,No,,No
5270,no_evident_not_pleasant_welcome,pleasant_welcome,staff_should_learn_better_English,,,,No,No,,No
5271,no_evident_not_pleasant_welcome,pleasant_welcome,staff_need_improve_organization,,,,No,No,,No
5272,no_evident_not_pleasant_welcome,pleasant_welcome,staff_need_improve_collaboration,,,,No,No,,No
5273,no_evident_not_pleasant_welcome,pleasant_welcome,staff_need_keep_update,,,,No,No,,No
5274,no_evident_not_pleasant_welcome,pleasant_welcome,not_kind_staff,,,,Yes,Yes,,Yes
5275,no_evident_not_pleasant_welcome,pleasant_welcome,no_empathy_staff,,,,Yes,No,No,No
5276,no_evident_not_pleasant_welcome,pleasant_welcome,staff_fail_to_communicate_with_taxi,,,,No,No,,No
5277,no_evident_not_pleasant_welcome,pleasant_welcome,staff_fail_to_guest_request,,,,No,No,,No
5278,no_evident_not_pleasant_welcome,pleasant_welcome,staff_cannot_provide_double_bed,,,,No,No,,No
5279,no_evident_not_pleasant_welcome,pleasant_welcome,offended_staff,,,,Yes,Yes,,Yes
5280,no_evident_not_pleasant_welcome,pleasant_welcome,staff_not_justify_booking_issue,,,,No,No,,No
5281,no_evident_not_pleasant_welcome,pleasant_welcome,staff_charge_for_cancellation_while_no_cancellation_charge_in_Booking.com,,,,No,No,,No
5282,no_evident_not_pleasant_welcome,pleasant_welcome,staff_enforce_cancellation_charge,,,,No,No,,No
5283,no_evident_not_pleasant_welcome,pleasant_welcome,staff_mistakenly_throw_valuable_item_during_cleaning_service,,,,No,No,,No
5284,no_evident_not_pleasant_welcome,pleasant_welcome,staff_not_provide_good_solution,,,,No,No,,No
5285,no_evident_not_pleasant_welcome,pleasant_welcome,staff_has_unaceptable_manner,,,,Yes,Yes,,Yes
5286,no_evident_not_pleasant_welcome,pleasant_welcome,staff_not_speak_Cypriot_language,,,,No,No,,No
5287,no_evident_not_pleasant_welcome,pleasant_welcome,no_staff_at_night,,,,No,No,,No
5288,no_evident_not_pleasant_welcome,pleasant_welcome,staff_not_understand_English_well,,,,No,No,,No
5289,no_evident_not_pleasant_welcome,pleasant_welcome,staff_cannot_give_bus_to_airport_information,,,,No,No,,No
5290,no_evident_not_pleasant_welcome,pleasant_welcome,only_one_staff_wear_mask,,,,No,No,,No
5291,no_evident_not_staff_help_order_taxi_to_airport,staff_help_order_taxi_to_airport,staff_not_speak_English_properly,,,,No,No,,No
5292,no_evident_not_staff_help_order_taxi_to_airport,staff_help_order_taxi_to_airport,staff_clean_after_complaint,,,,No,No,,No
5293,no_evident_not_staff_help_order_taxi_to_airport,staff_help_order_taxi_to_airport,staff_should_learn_better_English,,,,No,No,,No
5294,no_evident_not_staff_help_order_taxi_to_airport,staff_help_order_taxi_to_airport,staff_need_improve_organization,,,,No,No,,No
5295,no_evident_not_staff_help_order_taxi_to_airport,staff_help_order_taxi_to_airport,staff_need_improve_collaboration,,,,No,No,,No
5296,no_evident_not_staff_help_order_taxi_to_airport,staff_help_order_taxi_to_airport,staff_need_keep_update,,,,No,No,,No
5297,no_evident_not_staff_help_order_taxi_to_airport,staff_help_order_taxi_to_airport,not_kind_staff,,,,Yes,Yes,,Yes
5298,no_evident_not_staff_help_order_taxi_to_airport,staff_help_order_taxi_to_airport,no_empathy_staff,,,,Yes,Yes,,Yes
5299,no_evident_not_staff_help_order_taxi_to_airport,staff_help_order_taxi_to_airport,staff_fail_to_communicate_with_taxi,,,,No,Yes,Yes,Yes
5300,no_evident_not_staff_help_order_taxi_to_airport,staff_help_order_taxi_to_airport,staff_fail_to_guest_request,,,,Yes,No,No,No
5301,no_evident_not_staff_help_order_taxi_to_airport,staff_help_order_taxi_to_airport,staff_cannot_provide_double_bed,,,,No,No,,No
5302,no_evident_not_staff_help_order_taxi_to_airport,staff_help_order_taxi_to_airport,offended_staff,,,,No,No,,No
5303,no_evident_not_staff_help_order_taxi_to_airport,staff_help_order_taxi_to_airport,staff_not_justify_booking_issue,,,,No,No,,No
5304,no_evident_not_staff_help_order_taxi_to_airport,staff_help_order_taxi_to_airport,staff_charge_for_cancellation_while_no_cancellation_charge_in_Booking.com,,,,No,No,,No
5305,no_evident_not_staff_help_order_taxi_to_airport,staff_help_order_taxi_to_airport,staff_enforce_cancellation_charge,,,,No,No,,No
5306,no_evident_not_staff_help_order_taxi_to_airport,staff_help_order_taxi_to_airport,staff_mistakenly_throw_valuable_item_during_cleaning_service,,,,No,No,,No
5307,no_evident_not_staff_help_order_taxi_to_airport,staff_help_order_taxi_to_airport,staff_not_provide_good_solution,,,,Yes,Yes,,Yes
5308,no_evident_not_staff_help_order_taxi_to_airport,staff_help_order_taxi_to_airport,staff_has_unaceptable_manner,,,,Yes,Yes,,Yes
5309,no_evident_not_staff_help_order_taxi_to_airport,staff_help_order_taxi_to_airport,staff_not_speak_Cypriot_language,,,,No,No,,No
5310,no_evident_not_staff_help_order_taxi_to_airport,staff_help_order_taxi_to_airport,no_staff_at_night,,,,No,No,,No
5311,no_evident_not_staff_help_order_taxi_to_airport,staff_help_order_taxi_to_airport,staff_not_understand_English_well,,,,No,No,,No
5312,no_evident_not_staff_help_order_taxi_to_airport,staff_help_order_taxi_to_airport,staff_cannot_give_bus_to_airport_information,,,,No,No,,No
5313,no_evident_not_staff_help_order_taxi_to_airport,staff_help_order_taxi_to_airport,only_one_staff_wear_mask,,,,No,No,,No
5314,no_evident_not_staff_wait_for_check-in_at_3am,staff_wait_for_check-in_at_3am,staff_not_speak_English_properly,,,,No,No,,No
5315,no_evident_not_staff_wait_for_check-in_at_3am,staff_wait_for_check-in_at_3am,staff_clean_after_complaint,,,,No,No,,No
5316,no_evident_not_staff_wait_for_check-in_at_3am,staff_wait_for_check-in_at_3am,staff_should_learn_better_English,,,,No,No,,No
5317,no_evident_not_staff_wait_for_check-in_at_3am,staff_wait_for_check-in_at_3am,staff_need_improve_organization,,,,No,No,,No
5318,no_evident_not_staff_wait_for_check-in_at_3am,staff_wait_for_check-in_at_3am,staff_need_improve_collaboration,,,,No,No,,No
5319,no_evident_not_staff_wait_for_check-in_at_3am,staff_wait_for_check-in_at_3am,staff_need_keep_update,,,,No,No,,No
5320,no_evident_not_staff_wait_for_check-in_at_3am,staff_wait_for_check-in_at_3am,not_kind_staff,,,,No,Yes,Yes,Yes
5321,no_evident_not_staff_wait_for_check-in_at_3am,staff_wait_for_check-in_at_3am,no_empathy_staff,,,,No,No,,No
5322,no_evident_not_staff_wait_for_check-in_at_3am,staff_wait_for_check-in_at_3am,staff_fail_to_communicate_with_taxi,,,,No,No,,No
5323,no_evident_not_staff_wait_for_check-in_at_3am,staff_wait_for_check-in_at_3am,staff_fail_to_guest_request,,,,No,No,,No
5324,no_evident_not_staff_wait_for_check-in_at_3am,staff_wait_for_check-in_at_3am,staff_cannot_provide_double_bed,,,,No,No,,No
5325,no_evident_not_staff_wait_for_check-in_at_3am,staff_wait_for_check-in_at_3am,offended_staff,,,,No,No,,No
5326,no_evident_not_staff_wait_for_check-in_at_3am,staff_wait_for_check-in_at_3am,staff_not_justify_booking_issue,,,,No,No,,No
5327,no_evident_not_staff_wait_for_check-in_at_3am,staff_wait_for_check-in_at_3am,staff_charge_for_cancellation_while_no_cancellation_charge_in_Booking.com,,,,No,No,,No
5328,no_evident_not_staff_wait_for_check-in_at_3am,staff_wait_for_check-in_at_3am,staff_enforce_cancellation_charge,,,,No,No,,No
5329,no_evident_not_staff_wait_for_check-in_at_3am,staff_wait_for_check-in_at_3am,staff_mistakenly_throw_valuable_item_during_cleaning_service,,,,No,No,,No
5330,no_evident_not_staff_wait_for_check-in_at_3am,staff_wait_for_check-in_at_3am,staff_not_provide_good_solution,,,,No,No,,No
5331,no_evident_not_staff_wait_for_check-in_at_3am,staff_wait_for_check-in_at_3am,staff_has_unaceptable_manner,,,,No,No,,No
5332,no_evident_not_staff_wait_for_check-in_at_3am,staff_wait_for_check-in_at_3am,staff_not_speak_Cypriot_language,,,,No,No,,No
5333,no_evident_not_staff_wait_for_check-in_at_3am,staff_wait_for_check-in_at_3am,no_staff_at_night,,,,Yes,Yes,,Yes
5334,no_evident_not_staff_wait_for_check-in_at_3am,staff_wait_for_check-in_at_3am,staff_not_understand_English_well,,,,No,No,,No
5335,no_evident_not_staff_wait_for_check-in_at_3am,staff_wait_for_check-in_at_3am,staff_cannot_give_bus_to_airport_information,,,,No,No,,No
5336,no_evident_not_staff_wait_for_check-in_at_3am,staff_wait_for_check-in_at_3am,only_one_staff_wear_mask,,,,No,No,,No
5337,no_evident_not_service_of_staff,service_of_staff,staff_not_speak_English_properly,,,,No,No,,No
5338,no_evident_not_service_of_staff,service_of_staff,staff_clean_after_complaint,,,,No,No,,No
5339,no_evident_not_service_of_staff,service_of_staff,staff_should_learn_better_English,,,,No,No,,No
5340,no_evident_not_service_of_staff,service_of_staff,staff_need_improve_organization,,,,No,No,,No
5341,no_evident_not_service_of_staff,service_of_staff,staff_need_improve_collaboration,,,,No,No,,No
5342,no_evident_not_service_of_staff,service_of_staff,staff_need_keep_update,,,,No,No,,No
5343,no_evident_not_service_of_staff,service_of_staff,not_kind_staff,,,,No,No,,No
5344,no_evident_not_service_of_staff,service_of_staff,no_empathy_staff,,,,No,No,,No
5345,no_evident_not_service_of_staff,service_of_staff,staff_fail_to_communicate_with_taxi,,,,No,No,,No
5346,no_evident_not_service_of_staff,service_of_staff,staff_fail_to_guest_request,,,,No,No,,No
5347,no_evident_not_service_of_staff,service_of_staff,staff_cannot_provide_double_bed,,,,No,No,,No
5348,no_evident_not_service_of_staff,service_of_staff,offended_staff,,,,No,No,,No
5349,no_evident_not_service_of_staff,service_of_staff,staff_not_justify_booking_issue,,,,No,Yes,Yes,Yes
5350,no_evident_not_service_of_staff,service_of_staff,staff_charge_for_cancellation_while_no_cancellation_charge_in_Booking.com,,,,No,Yes,Yes,Yes
5351,no_evident_not_service_of_staff,service_of_staff,staff_enforce_cancellation_charge,,,,No,No,,No
5352,no_evident_not_service_of_staff,service_of_staff,staff_mistakenly_throw_valuable_item_during_cleaning_service,,,,No,No,,No
5353,no_evident_not_service_of_staff,service_of_staff,staff_not_provide_good_solution,,,,No,No,,No
5354,no_evident_not_service_of_staff,service_of_staff,staff_has_unaceptable_manner,,,,No,No,,No
5355,no_evident_not_service_of_staff,service_of_staff,staff_not_speak_Cypriot_language,,,,No,No,,No
5356,no_evident_not_service_of_staff,service_of_staff,no_staff_at_night,,,,No,No,,No
5357,no_evident_not_service_of_staff,service_of_staff,staff_not_understand_English_well,,,,No,No,,No
5358,no_evident_not_service_of_staff,service_of_staff,staff_cannot_give_bus_to_airport_information,,,,No,No,,No
5359,no_evident_not_service_of_staff,service_of_staff,only_one_staff_wear_mask,,,,No,No,,No
5360,no_evident_not_accommodated_staff,accommodated_staff,staff_not_speak_English_properly,,,,No,No,,No
5361,no_evident_not_accommodated_staff,accommodated_staff,staff_clean_after_complaint,,,,No,No,,No
5362,no_evident_not_accommodated_staff,accommodated_staff,staff_should_learn_better_English,,,,No,No,,No
5363,no_evident_not_accommodated_staff,accommodated_staff,staff_need_improve_organization,,,,No,No,,No
5364,no_evident_not_accommodated_staff,accommodated_staff,staff_need_improve_collaboration,,,,No,No,,No
5365,no_evident_not_accommodated_staff,accommodated_staff,staff_need_keep_update,,,,No,No,,No
5366,no_evident_not_accommodated_staff,accommodated_staff,not_kind_staff,,,,Yes,Yes,,Yes
5367,no_evident_not_accommodated_staff,accommodated_staff,no_empathy_staff,,,,Yes,Yes,,Yes
5368,no_evident_not_accommodated_staff,accommodated_staff,staff_fail_to_communicate_with_taxi,,,,Yes,No,No,No
5369,no_evident_not_accommodated_staff,accommodated_staff,staff_fail_to_guest_request,,,,Yes,No,Yes,Yes
5370,no_evident_not_accommodated_staff,accommodated_staff,staff_cannot_provide_double_bed,,,,Yes,No,Yes,Yes
5371,no_evident_not_accommodated_staff,accommodated_staff,offended_staff,,,,Yes,Yes,,Yes
5372,no_evident_not_accommodated_staff,accommodated_staff,staff_not_justify_booking_issue,,,,Yes,No,No,No
5373,no_evident_not_accommodated_staff,accommodated_staff,staff_charge_for_cancellation_while_no_cancellation_charge_in_Booking.com,,,,Yes,No,No,No
5374,no_evident_not_accommodated_staff,accommodated_staff,staff_enforce_cancellation_charge,,,,Yes,No,No,No
5375,no_evident_not_accommodated_staff,accommodated_staff,staff_mistakenly_throw_valuable_item_during_cleaning_service,,,,Yes,No,No,No
5376,no_evident_not_accommodated_staff,accommodated_staff,staff_not_provide_good_solution,,,,Yes,No,No,No
5377,no_evident_not_accommodated_staff,accommodated_staff,staff_has_unaceptable_manner,,,,Yes,Yes,,Yes
5378,no_evident_not_accommodated_staff,accommodated_staff,staff_not_speak_Cypriot_language,,,,No,No,,No
5379,no_evident_not_accommodated_staff,accommodated_staff,no_staff_at_night,,,,Yes,No,Yes,Yes
5380,no_evident_not_accommodated_staff,accommodated_staff,staff_not_understand_English_well,,,,No,No,,No
5381,no_evident_not_accommodated_staff,accommodated_staff,staff_cannot_give_bus_to_airport_information,,,,Yes,No,No,No
5382,no_evident_not_accommodated_staff,accommodated_staff,only_one_staff_wear_mask,,,,No,No,,No
5383,no_evident_not_staff_give_early_check-in,staff_give_early_check-in,staff_not_speak_English_properly,,,,No,No,,No
5384,no_evident_not_staff_give_early_check-in,staff_give_early_check-in,staff_clean_after_complaint,,,,No,No,,No
5385,no_evident_not_staff_give_early_check-in,staff_give_early_check-in,staff_should_learn_better_English,,,,No,No,,No
5386,no_evident_not_staff_give_early_check-in,staff_give_early_check-in,staff_need_improve_organization,,,,No,No,,No
5387,no_evident_not_staff_give_early_check-in,staff_give_early_check-in,staff_need_improve_collaboration,,,,No,No,,No
5388,no_evident_not_staff_give_early_check-in,staff_give_early_check-in,staff_need_keep_update,,,,No,No,,No
5389,no_evident_not_staff_give_early_check-in,staff_give_early_check-in,not_kind_staff,,,,Yes,Yes,,Yes
5390,no_evident_not_staff_give_early_check-in,staff_give_early_check-in,no_empathy_staff,,,,Yes,Yes,,Yes
5391,no_evident_not_staff_give_early_check-in,staff_give_early_check-in,staff_fail_to_communicate_with_taxi,,,,No,No,,No
5392,no_evident_not_staff_give_early_check-in,staff_give_early_check-in,staff_fail_to_guest_request,,,,Yes,Yes,,Yes
5393,no_evident_not_staff_give_early_check-in,staff_give_early_check-in,staff_cannot_provide_double_bed,,,,No,No,,No
5394,no_evident_not_staff_give_early_check-in,staff_give_early_check-in,offended_staff,,,,No,No,,No
5395,no_evident_not_staff_give_early_check-in,staff_give_early_check-in,staff_not_justify_booking_issue,,,,No,No,,No
5396,no_evident_not_staff_give_early_check-in,staff_give_early_check-in,staff_charge_for_cancellation_while_no_cancellation_charge_in_Booking.com,,,,No,No,,No
5397,no_evident_not_staff_give_early_check-in,staff_give_early_check-in,staff_enforce_cancellation_charge,,,,No,No,,No
5398,no_evident_not_staff_give_early_check-in,staff_give_early_check-in,staff_mistakenly_throw_valuable_item_during_cleaning_service,,,,No,No,,No
5399,no_evident_not_staff_give_early_check-in,staff_give_early_check-in,staff_not_provide_good_solution,,,,No,No,,No
5400,no_evident_not_staff_give_early_check-in,staff_give_early_check-in,staff_has_unaceptable_manner,,,,No,No,,No
5401,no_evident_not_staff_give_early_check-in,staff_give_early_check-in,staff_not_speak_Cypriot_language,,,,No,No,,No
5402,no_evident_not_staff_give_early_check-in,staff_give_early_check-in,no_staff_at_night,,,,No,No,,No
5403,no_evident_not_staff_give_early_check-in,staff_give_early_check-in,staff_not_understand_English_well,,,,No,No,,No
5404,no_evident_not_staff_give_early_check-in,staff_give_early_check-in,staff_cannot_give_bus_to_airport_information,,,,No,No,,No
5405,no_evident_not_staff_give_early_check-in,staff_give_early_check-in,only_one_staff_wear_mask,,,,No,No,,No
5406,no_evident_not_staff_give_early_check-out,staff_give_early_check-out,staff_not_speak_English_properly,,,,No,No,,No
5407,no_evident_not_staff_give_early_check-out,staff_give_early_check-out,staff_clean_after_complaint,,,,No,No,,No
5408,no_evident_not_staff_give_early_check-out,staff_give_early_check-out,staff_should_learn_better_English,,,,No,No,,No
5409,no_evident_not_staff_give_early_check-out,staff_give_early_check-out,staff_need_improve_organization,,,,No,No,,No
5410,no_evident_not_staff_give_early_check-out,staff_give_early_check-out,staff_need_improve_collaboration,,,,No,No,,No
5411,no_evident_not_staff_give_early_check-out,staff_give_early_check-out,staff_need_keep_update,,,,No,No,,No
5412,no_evident_not_staff_give_early_check-out,staff_give_early_check-out,not_kind_staff,,,,Yes,Yes,,Yes
5413,no_evident_not_staff_give_early_check-out,staff_give_early_check-out,no_empathy_staff,,,,Yes,Yes,,Yes
5414,no_evident_not_staff_give_early_check-out,staff_give_early_check-out,staff_fail_to_communicate_with_taxi,,,,No,No,,No
5415,no_evident_not_staff_give_early_check-out,staff_give_early_check-out,staff_fail_to_guest_request,,,,Yes,No,Yes,Yes
5416,no_evident_not_staff_give_early_check-out,staff_give_early_check-out,staff_cannot_provide_double_bed,,,,No,No,,No
5417,no_evident_not_staff_give_early_check-out,staff_give_early_check-out,offended_staff,,,,No,No,,No
5418,no_evident_not_staff_give_early_check-out,staff_give_early_check-out,staff_not_justify_booking_issue,,,,No,No,,No
5419,no_evident_not_staff_give_early_check-out,staff_give_early_check-out,staff_charge_for_cancellation_while_no_cancellation_charge_in_Booking.com,,,,No,No,,No
5420,no_evident_not_staff_give_early_check-out,staff_give_early_check-out,staff_enforce_cancellation_charge,,,,No,No,,No
5421,no_evident_not_staff_give_early_check-out,staff_give_early_check-out,staff_mistakenly_throw_valuable_item_during_cleaning_service,,,,No,No,,No
5422,no_evident_not_staff_give_early_check-out,staff_give_early_check-out,staff_not_provide_good_solution,,,,No,No,,No
5423,no_evident_not_staff_give_early_check-out,staff_give_early_check-out,staff_has_unaceptable_manner,,,,No,No,,No
5424,no_evident_not_staff_give_early_check-out,staff_give_early_check-out,staff_not_speak_Cypriot_language,,,,No,No,,No
5425,no_evident_not_staff_give_early_check-out,staff_give_early_check-out,no_staff_at_night,,,,No,No,,No
5426,no_evident_not_staff_give_early_check-out,staff_give_early_check-out,staff_not_understand_English_well,,,,No,No,,No
5427,no_evident_not_staff_give_early_check-out,staff_give_early_check-out,staff_cannot_give_bus_to_airport_information,,,,No,No,,No
5428,no_evident_not_staff_give_early_check-out,staff_give_early_check-out,only_one_staff_wear_mask,,,,No,No,,No
5429,no_evident_not_staff_arrange_transfer_to_airport,staff_arrange_transfer_to_airport,staff_not_speak_English_properly,,,,No,No,,No
5430,no_evident_not_staff_arrange_transfer_to_airport,staff_arrange_transfer_to_airport,staff_clean_after_complaint,,,,No,No,,No
5431,no_evident_not_staff_arrange_transfer_to_airport,staff_arrange_transfer_to_airport,staff_should_learn_better_English,,,,No,No,,No
5432,no_evident_not_staff_arrange_transfer_to_airport,staff_arrange_transfer_to_airport,staff_need_improve_organization,,,,No,No,,No
5433,no_evident_not_staff_arrange_transfer_to_airport,staff_arrange_transfer_to_airport,staff_need_improve_collaboration,,,,No,No,,No
5434,no_evident_not_staff_arrange_transfer_to_airport,staff_arrange_transfer_to_airport,staff_need_keep_update,,,,No,No,,No
5435,no_evident_not_staff_arrange_transfer_to_airport,staff_arrange_transfer_to_airport,not_kind_staff,,,,Yes,Yes,,Yes
5436,no_evident_not_staff_arrange_transfer_to_airport,staff_arrange_transfer_to_airport,no_empathy_staff,,,,Yes,No,Yes,Yes
5437,no_evident_not_staff_arrange_transfer_to_airport,staff_arrange_transfer_to_airport,staff_fail_to_communicate_with_taxi,,,,No,Yes,Yes,Yes
5438,no_evident_not_staff_arrange_transfer_to_airport,staff_arrange_transfer_to_airport,staff_fail_to_guest_request,,,,No,No,,No
5439,no_evident_not_staff_arrange_transfer_to_airport,staff_arrange_transfer_to_airport,staff_cannot_provide_double_bed,,,,No,No,,No
5440,no_evident_not_staff_arrange_transfer_to_airport,staff_arrange_transfer_to_airport,offended_staff,,,,No,No,,No
5441,no_evident_not_staff_arrange_transfer_to_airport,staff_arrange_transfer_to_airport,staff_not_justify_booking_issue,,,,No,No,,No
5442,no_evident_not_staff_arrange_transfer_to_airport,staff_arrange_transfer_to_airport,staff_charge_for_cancellation_while_no_cancellation_charge_in_Booking.com,,,,No,No,,No
5443,no_evident_not_staff_arrange_transfer_to_airport,staff_arrange_transfer_to_airport,staff_enforce_cancellation_charge,,,,No,No,,No
5444,no_evident_not_staff_arrange_transfer_to_airport,staff_arrange_transfer_to_airport,staff_mistakenly_throw_valuable_item_during_cleaning_service,,,,No,No,,No
5445,no_evident_not_staff_arrange_transfer_to_airport,staff_arrange_transfer_to_airport,staff_not_provide_good_solution,,,,No,Yes,Yes,Yes
5446,no_evident_not_staff_arrange_transfer_to_airport,staff_arrange_transfer_to_airport,staff_has_unaceptable_manner,,,,No,No,,No
5447,no_evident_not_staff_arrange_transfer_to_airport,staff_arrange_transfer_to_airport,staff_not_speak_Cypriot_language,,,,No,No,,No
5448,no_evident_not_staff_arrange_transfer_to_airport,staff_arrange_transfer_to_airport,no_staff_at_night,,,,No,Yes,No,No
5449,no_evident_not_staff_arrange_transfer_to_airport,staff_arrange_transfer_to_airport,staff_not_understand_English_well,,,,No,No,,No
5450,no_evident_not_staff_arrange_transfer_to_airport,staff_arrange_transfer_to_airport,staff_cannot_give_bus_to_airport_information,,,,No,No,,No
5451,no_evident_not_staff_arrange_transfer_to_airport,staff_arrange_transfer_to_airport,only_one_staff_wear_mask,,,,No,No,,No
5452,no_evident_not_staff_give_instruction_to_get_to_hotel,staff_give_instruction_to_get_to_hotel,staff_not_speak_English_properly,,,,No,No,,No
5453,no_evident_not_staff_give_instruction_to_get_to_hotel,staff_give_instruction_to_get_to_hotel,staff_clean_after_complaint,,,,No,No,,No
5454,no_evident_not_staff_give_instruction_to_get_to_hotel,staff_give_instruction_to_get_to_hotel,staff_should_learn_better_English,,,,No,No,,No
5455,no_evident_not_staff_give_instruction_to_get_to_hotel,staff_give_instruction_to_get_to_hotel,staff_need_improve_organization,,,,No,No,,No
5456,no_evident_not_staff_give_instruction_to_get_to_hotel,staff_give_instruction_to_get_to_hotel,staff_need_improve_collaboration,,,,No,No,,No
5457,no_evident_not_staff_give_instruction_to_get_to_hotel,staff_give_instruction_to_get_to_hotel,staff_need_keep_update,,,,No,No,,No
5458,no_evident_not_staff_give_instruction_to_get_to_hotel,staff_give_instruction_to_get_to_hotel,not_kind_staff,,,,Yes,Yes,,Yes
5459,no_evident_not_staff_give_instruction_to_get_to_hotel,staff_give_instruction_to_get_to_hotel,no_empathy_staff,,,,Yes,No,Yes,Yes
5460,no_evident_not_staff_give_instruction_to_get_to_hotel,staff_give_instruction_to_get_to_hotel,staff_fail_to_communicate_with_taxi,,,,No,No,,No
5461,no_evident_not_staff_give_instruction_to_get_to_hotel,staff_give_instruction_to_get_to_hotel,staff_fail_to_guest_request,,,,No,No,,No
5462,no_evident_not_staff_give_instruction_to_get_to_hotel,staff_give_instruction_to_get_to_hotel,staff_cannot_provide_double_bed,,,,No,No,,No
5463,no_evident_not_staff_give_instruction_to_get_to_hotel,staff_give_instruction_to_get_to_hotel,offended_staff,,,,No,No,,No
5464,no_evident_not_staff_give_instruction_to_get_to_hotel,staff_give_instruction_to_get_to_hotel,staff_not_justify_booking_issue,,,,No,No,,No
5465,no_evident_not_staff_give_instruction_to_get_to_hotel,staff_give_instruction_to_get_to_hotel,staff_charge_for_cancellation_while_no_cancellation_charge_in_Booking.com,,,,No,No,,No
5466,no_evident_not_staff_give_instruction_to_get_to_hotel,staff_give_instruction_to_get_to_hotel,staff_enforce_cancellation_charge,,,,No,No,,No
5467,no_evident_not_staff_give_instruction_to_get_to_hotel,staff_give_instruction_to_get_to_hotel,staff_mistakenly_throw_valuable_item_during_cleaning_service,,,,No,No,,No
5468,no_evident_not_staff_give_instruction_to_get_to_hotel,staff_give_instruction_to_get_to_hotel,staff_not_provide_good_solution,,,,No,No,,No
5469,no_evident_not_staff_give_instruction_to_get_to_hotel,staff_give_instruction_to_get_to_hotel,staff_has_unaceptable_manner,,,,No,No,,No
5470,no_evident_not_staff_give_instruction_to_get_to_hotel,staff_give_instruction_to_get_to_hotel,staff_not_speak_Cypriot_language,,,,No,No,,No
5471,no_evident_not_staff_give_instruction_to_get_to_hotel,staff_give_instruction_to_get_to_hotel,no_staff_at_night,,,,No,No,,No
5472,no_evident_not_staff_give_instruction_to_get_to_hotel,staff_give_instruction_to_get_to_hotel,staff_not_understand_English_well,,,,No,No,,No
5473,no_evident_not_staff_give_instruction_to_get_to_hotel,staff_give_instruction_to_get_to_hotel,staff_cannot_give_bus_to_airport_information,,,,No,No,,No
5474,no_evident_not_staff_give_instruction_to_get_to_hotel,staff_give_instruction_to_get_to_hotel,only_one_staff_wear_mask,,,,No,No,,No
5475,no_evident_not_staff_pick_up_at_bus_stop,staff_pick_up_at_bus_stop,staff_not_speak_English_properly,,,,No,No,,No
5476,no_evident_not_staff_pick_up_at_bus_stop,staff_pick_up_at_bus_stop,staff_clean_after_complaint,,,,No,No,,No
5477,no_evident_not_staff_pick_up_at_bus_stop,staff_pick_up_at_bus_stop,staff_should_learn_better_English,,,,No,No,,No
5478,no_evident_not_staff_pick_up_at_bus_stop,staff_pick_up_at_bus_stop,staff_need_improve_organization,,,,No,No,,No
5479,no_evident_not_staff_pick_up_at_bus_stop,staff_pick_up_at_bus_stop,staff_need_improve_collaboration,,,,No,No,,No
5480,no_evident_not_staff_pick_up_at_bus_stop,staff_pick_up_at_bus_stop,staff_need_keep_update,,,,No,No,,No
5481,no_evident_not_staff_pick_up_at_bus_stop,staff_pick_up_at_bus_stop,not_kind_staff,,,,Yes,Yes,,Yes
5482,no_evident_not_staff_pick_up_at_bus_stop,staff_pick_up_at_bus_stop,no_empathy_staff,,,,Yes,Yes,,Yes
5483,no_evident_not_staff_pick_up_at_bus_stop,staff_pick_up_at_bus_stop,staff_fail_to_communicate_with_taxi,,,,No,No,,No
5484,no_evident_not_staff_pick_up_at_bus_stop,staff_pick_up_at_bus_stop,staff_fail_to_guest_request,,,,No,No,,No
5485,no_evident_not_staff_pick_up_at_bus_stop,staff_pick_up_at_bus_stop,staff_cannot_provide_double_bed,,,,No,No,,No
5486,no_evident_not_staff_pick_up_at_bus_stop,staff_pick_up_at_bus_stop,offended_staff,,,,No,No,,No
5487,no_evident_not_staff_pick_up_at_bus_stop,staff_pick_up_at_bus_stop,staff_not_justify_booking_issue,,,,No,No,,No
5488,no_evident_not_staff_pick_up_at_bus_stop,staff_pick_up_at_bus_stop,staff_charge_for_cancellation_while_no_cancellation_charge_in_Booking.com,,,,No,No,,No
5489,no_evident_not_staff_pick_up_at_bus_stop,staff_pick_up_at_bus_stop,staff_enforce_cancellation_charge,,,,No,No,,No
5490,no_evident_not_staff_pick_up_at_bus_stop,staff_pick_up_at_bus_stop,staff_mistakenly_throw_valuable_item_during_cleaning_service,,,,No,No,,No
5491,no_evident_not_staff_pick_up_at_bus_stop,staff_pick_up_at_bus_stop,staff_not_provide_good_solution,,,,No,Yes,No,No
5492,no_evident_not_staff_pick_up_at_bus_stop,staff_pick_up_at_bus_stop,staff_has_unaceptable_manner,,,,No,No,,No
5493,no_evident_not_staff_pick_up_at_bus_stop,staff_pick_up_at_bus_stop,staff_not_speak_Cypriot_language,,,,No,No,,No
5494,no_evident_not_staff_pick_up_at_bus_stop,staff_pick_up_at_bus_stop,no_staff_at_night,,,,No,No,,No
5495,no_evident_not_staff_pick_up_at_bus_stop,staff_pick_up_at_bus_stop,staff_not_understand_English_well,,,,No,No,,No
5496,no_evident_not_staff_pick_up_at_bus_stop,staff_pick_up_at_bus_stop,staff_cannot_give_bus_to_airport_information,,,,No,No,,No
5497,no_evident_not_staff_pick_up_at_bus_stop,staff_pick_up_at_bus_stop,only_one_staff_wear_mask,,,,No,No,,No
5498,no_evident_not_staff_allow_leave_thing_after_check-out,staff_allow_leave_thing_after_check-out,staff_not_speak_English_properly,,,,No,No,,No
5499,no_evident_not_staff_allow_leave_thing_after_check-out,staff_allow_leave_thing_after_check-out,staff_clean_after_complaint,,,,No,No,,No
5500,no_evident_not_staff_allow_leave_thing_after_check-out,staff_allow_leave_thing_after_check-out,staff_should_learn_better_English,,,,No,No,,No
5501,no_evident_not_staff_allow_leave_thing_after_check-out,staff_allow_leave_thing_after_check-out,staff_need_improve_organization,,,,No,No,,No
5502,no_evident_not_staff_allow_leave_thing_after_check-out,staff_allow_leave_thing_after_check-out,staff_need_improve_collaboration,,,,No,No,,No
5503,no_evident_not_staff_allow_leave_thing_after_check-out,staff_allow_leave_thing_after_check-out,staff_need_keep_update,,,,No,No,,No
5504,no_evident_not_staff_allow_leave_thing_after_check-out,staff_allow_leave_thing_after_check-out,not_kind_staff,,,,Yes,Yes,,Yes
5505,no_evident_not_staff_allow_leave_thing_after_check-out,staff_allow_leave_thing_after_check-out,no_empathy_staff,,,,Yes,Yes,,Yes
5506,no_evident_not_staff_allow_leave_thing_after_check-out,staff_allow_leave_thing_after_check-out,staff_fail_to_communicate_with_taxi,,,,No,No,,No
5507,no_evident_not_staff_allow_leave_thing_after_check-out,staff_allow_leave_thing_after_check-out,staff_fail_to_guest_request,,,,Yes,Yes,,Yes
5508,no_evident_not_staff_allow_leave_thing_after_check-out,staff_allow_leave_thing_after_check-out,staff_cannot_provide_double_bed,,,,No,No,,No
5509,no_evident_not_staff_allow_leave_thing_after_check-out,staff_allow_leave_thing_after_check-out,offended_staff,,,,No,No,,No
5510,no_evident_not_staff_allow_leave_thing_after_check-out,staff_allow_leave_thing_after_check-out,staff_not_justify_booking_issue,,,,No,No,,No
5511,no_evident_not_staff_allow_leave_thing_after_check-out,staff_allow_leave_thing_after_check-out,staff_charge_for_cancellation_while_no_cancellation_charge_in_Booking.com,,,,No,No,,No
5512,no_evident_not_staff_allow_leave_thing_after_check-out,staff_allow_leave_thing_after_check-out,staff_enforce_cancellation_charge,,,,No,No,,No
5513,no_evident_not_staff_allow_leave_thing_after_check-out,staff_allow_leave_thing_after_check-out,staff_mistakenly_throw_valuable_item_during_cleaning_service,,,,No,No,,No
5514,no_evident_not_staff_allow_leave_thing_after_check-out,staff_allow_leave_thing_after_check-out,staff_not_provide_good_solution,,,,No,No,,No
5515,no_evident_not_staff_allow_leave_thing_after_check-out,staff_allow_leave_thing_after_check-out,staff_has_unaceptable_manner,,,,No,No,,No
5516,no_evident_not_staff_allow_leave_thing_after_check-out,staff_allow_leave_thing_after_check-out,staff_not_speak_Cypriot_language,,,,No,No,,No
5517,no_evident_not_staff_allow_leave_thing_after_check-out,staff_allow_leave_thing_after_check-out,no_staff_at_night,,,,No,No,,No
5518,no_evident_not_staff_allow_leave_thing_after_check-out,staff_allow_leave_thing_after_check-out,staff_not_understand_English_well,,,,No,No,,No
5519,no_evident_not_staff_allow_leave_thing_after_check-out,staff_allow_leave_thing_after_check-out,staff_cannot_give_bus_to_airport_information,,,,No,No,,No
5520,no_evident_not_staff_allow_leave_thing_after_check-out,staff_allow_leave_thing_after_check-out,only_one_staff_wear_mask,,,,No,No,,No
5521,no_evident_not_staff_clean_everyday,staff_clean_everyday,staff_not_speak_English_properly,,,,No,No,,No
5522,no_evident_not_staff_clean_everyday,staff_clean_everyday,staff_clean_after_complaint,,,,Yes,Yes,,Yes
5523,no_evident_not_staff_clean_everyday,staff_clean_everyday,staff_should_learn_better_English,,,,No,No,,No
5524,no_evident_not_staff_clean_everyday,staff_clean_everyday,staff_need_improve_organization,,,,No,No,,No
5525,no_evident_not_staff_clean_everyday,staff_clean_everyday,staff_need_improve_collaboration,,,,No,No,,No
5526,no_evident_not_staff_clean_everyday,staff_clean_everyday,staff_need_keep_update,,,,No,No,,No
5527,no_evident_not_staff_clean_everyday,staff_clean_everyday,not_kind_staff,,,,No,No,,No
5528,no_evident_not_staff_clean_everyday,staff_clean_everyday,no_empathy_staff,,,,No,No,,No
5529,no_evident_not_staff_clean_everyday,staff_clean_everyday,staff_fail_to_communicate_with_taxi,,,,No,No,,No
5530,no_evident_not_staff_clean_everyday,staff_clean_everyday,staff_fail_to_guest_request,,,,No,No,,No
5531,no_evident_not_staff_clean_everyday,staff_clean_everyday,staff_cannot_provide_double_bed,,,,No,No,,No
5532,no_evident_not_staff_clean_everyday,staff_clean_everyday,offended_staff,,,,No,No,,No
5533,no_evident_not_staff_clean_everyday,staff_clean_everyday,staff_not_justify_booking_issue,,,,No,No,,No
5534,no_evident_not_staff_clean_everyday,staff_clean_everyday,staff_charge_for_cancellation_while_no_cancellation_charge_in_Booking.com,,,,No,No,,No
5535,no_evident_not_staff_clean_everyday,staff_clean_everyday,staff_enforce_cancellation_charge,,,,No,No,,No
5536,no_evident_not_staff_clean_everyday,staff_clean_everyday,staff_mistakenly_throw_valuable_item_during_cleaning_service,,,,No,No,,No
5537,no_evident_not_staff_clean_everyday,staff_clean_everyday,staff_not_provide_good_solution,,,,No,No,,No
5538,no_evident_not_staff_clean_everyday,staff_clean_everyday,staff_has_unaceptable_manner,,,,No,No,,No
5539,no_evident_not_staff_clean_everyday,staff_clean_everyday,staff_not_speak_Cypriot_language,,,,No,No,,No
5540,no_evident_not_staff_clean_everyday,staff_clean_everyday,no_staff_at_night,,,,No,No,,No
5541,no_evident_not_staff_clean_everyday,staff_clean_everyday,staff_not_understand_English_well,,,,No,No,,No
5542,no_evident_not_staff_clean_everyday,staff_clean_everyday,staff_cannot_give_bus_to_airport_information,,,,No,No,,No
5543,no_evident_not_staff_clean_everyday,staff_clean_everyday,only_one_staff_wear_mask,,,,No,No,,No
5544,no_evident_not_staff_solve_problem_instantly,staff_solve_problem_instantly,staff_not_speak_English_properly,,,,No,No,,No
5545,no_evident_not_staff_solve_problem_instantly,staff_solve_problem_instantly,staff_clean_after_complaint,,,,No,No,,No
5546,no_evident_not_staff_solve_problem_instantly,staff_solve_problem_instantly,staff_should_learn_better_English,,,,No,No,,No
5547,no_evident_not_staff_solve_problem_instantly,staff_solve_problem_instantly,staff_need_improve_organization,,,,No,No,,No
5548,no_evident_not_staff_solve_problem_instantly,staff_solve_problem_instantly,staff_need_improve_collaboration,,,,No,No,,No
5549,no_evident_not_staff_solve_problem_instantly,staff_solve_problem_instantly,staff_need_keep_update,,,,No,No,,No
5550,no_evident_not_staff_solve_problem_instantly,staff_solve_problem_instantly,not_kind_staff,,,,Yes,No,Yes,Yes
5551,no_evident_not_staff_solve_problem_instantly,staff_solve_problem_instantly,no_empathy_staff,,,,Yes,No,Yes,Yes
5552,no_evident_not_staff_solve_problem_instantly,staff_solve_problem_instantly,staff_fail_to_communicate_with_taxi,,,,No,No,,No
5553,no_evident_not_staff_solve_problem_instantly,staff_solve_problem_instantly,staff_fail_to_guest_request,,,,No,No,,No
5554,no_evident_not_staff_solve_problem_instantly,staff_solve_problem_instantly,staff_cannot_provide_double_bed,,,,No,No,,No
5555,no_evident_not_staff_solve_problem_instantly,staff_solve_problem_instantly,offended_staff,,,,No,No,,No
5556,no_evident_not_staff_solve_problem_instantly,staff_solve_problem_instantly,staff_not_justify_booking_issue,,,,No,No,,No
5557,no_evident_not_staff_solve_problem_instantly,staff_solve_problem_instantly,staff_charge_for_cancellation_while_no_cancellation_charge_in_Booking.com,,,,No,No,,No
5558,no_evident_not_staff_solve_problem_instantly,staff_solve_problem_instantly,staff_enforce_cancellation_charge,,,,No,No,,No
5559,no_evident_not_staff_solve_problem_instantly,staff_solve_problem_instantly,staff_mistakenly_throw_valuable_item_during_cleaning_service,,,,No,No,,No
5560,no_evident_not_staff_solve_problem_instantly,staff_solve_problem_instantly,staff_not_provide_good_solution,,,,Yes,Yes,,Yes
5561,no_evident_not_staff_solve_problem_instantly,staff_solve_problem_instantly,staff_has_unaceptable_manner,,,,Yes,Yes,,Yes
5562,no_evident_not_staff_solve_problem_instantly,staff_solve_problem_instantly,staff_not_speak_Cypriot_language,,,,No,No,,No
5563,no_evident_not_staff_solve_problem_instantly,staff_solve_problem_instantly,no_staff_at_night,,,,Yes,Yes,,Yes
5564,no_evident_not_staff_solve_problem_instantly,staff_solve_problem_instantly,staff_not_understand_English_well,,,,No,No,,No
5565,no_evident_not_staff_solve_problem_instantly,staff_solve_problem_instantly,staff_cannot_give_bus_to_airport_information,,,,No,No,,No
5566,no_evident_not_staff_solve_problem_instantly,staff_solve_problem_instantly,only_one_staff_wear_mask,,,,No,No,,No
5567,no_evident_not_staff_wait_until_2am,staff_wait_until_2am,staff_not_speak_English_properly,,,,No,No,,No
5568,no_evident_not_staff_wait_until_2am,staff_wait_until_2am,staff_clean_after_complaint,,,,No,No,,No
5569,no_evident_not_staff_wait_until_2am,staff_wait_until_2am,staff_should_learn_better_English,,,,No,No,,No
5570,no_evident_not_staff_wait_until_2am,staff_wait_until_2am,staff_need_improve_organization,,,,No,No,,No
5571,no_evident_not_staff_wait_until_2am,staff_wait_until_2am,staff_need_improve_collaboration,,,,No,No,,No
5572,no_evident_not_staff_wait_until_2am,staff_wait_until_2am,staff_need_keep_update,,,,No,No,,No
5573,no_evident_not_staff_wait_until_2am,staff_wait_until_2am,not_kind_staff,,,,Yes,Yes,,Yes
5574,no_evident_not_staff_wait_until_2am,staff_wait_until_2am,no_empathy_staff,,,,Yes,Yes,,Yes
5575,no_evident_not_staff_wait_until_2am,staff_wait_until_2am,staff_fail_to_communicate_with_taxi,,,,No,No,,No
5576,no_evident_not_staff_wait_until_2am,staff_wait_until_2am,staff_fail_to_guest_request,,,,No,No,,No
5577,no_evident_not_staff_wait_until_2am,staff_wait_until_2am,staff_cannot_provide_double_bed,,,,No,No,,No
5578,no_evident_not_staff_wait_until_2am,staff_wait_until_2am,offended_staff,,,,No,No,,No
5579,no_evident_not_staff_wait_until_2am,staff_wait_until_2am,staff_not_justify_booking_issue,,,,No,No,,No
5580,no_evident_not_staff_wait_until_2am,staff_wait_until_2am,staff_charge_for_cancellation_while_no_cancellation_charge_in_Booking.com,,,,No,No,,No
5581,no_evident_not_staff_wait_until_2am,staff_wait_until_2am,staff_enforce_cancellation_charge,,,,No,No,,No
5582,no_evident_not_staff_wait_until_2am,staff_wait_until_2am,staff_mistakenly_throw_valuable_item_during_cleaning_service,,,,No,No,,No
5583,no_evident_not_staff_wait_until_2am,staff_wait_until_2am,staff_not_provide_good_solution,,,,No,No,,No
5584,no_evident_not_staff_wait_until_2am,staff_wait_until_2am,staff_has_unaceptable_manner,,,,No,No,,No
5585,no_evident_not_staff_wait_until_2am,staff_wait_until_2am,staff_not_speak_Cypriot_language,,,,No,No,,No
5586,no_evident_not_staff_wait_until_2am,staff_wait_until_2am,no_staff_at_night,,,,Yes,Yes,,Yes
5587,no_evident_not_staff_wait_until_2am,staff_wait_until_2am,staff_not_understand_English_well,,,,No,No,,No
5588,no_evident_not_staff_wait_until_2am,staff_wait_until_2am,staff_cannot_give_bus_to_airport_information,,,,No,No,,No
5589,no_evident_not_staff_wait_until_2am,staff_wait_until_2am,only_one_staff_wear_mask,,,,No,No,,No
5590,no_evident_not_staff_organize_fast_transfer,staff_organize_fast_transfer,staff_not_speak_English_properly,,,,No,No,,No
5591,no_evident_not_staff_organize_fast_transfer,staff_organize_fast_transfer,staff_clean_after_complaint,,,,No,No,,No
5592,no_evident_not_staff_organize_fast_transfer,staff_organize_fast_transfer,staff_should_learn_better_English,,,,No,No,,No
5593,no_evident_not_staff_organize_fast_transfer,staff_organize_fast_transfer,staff_need_improve_organization,,,,Yes,Yes,,Yes
5594,no_evident_not_staff_organize_fast_transfer,staff_organize_fast_transfer,staff_need_improve_collaboration,,,,No,No,,No
5595,no_evident_not_staff_organize_fast_transfer,staff_organize_fast_transfer,staff_need_keep_update,,,,No,No,,No
5596,no_evident_not_staff_organize_fast_transfer,staff_organize_fast_transfer,not_kind_staff,,,,No,No,,No
5597,no_evident_not_staff_organize_fast_transfer,staff_organize_fast_transfer,no_empathy_staff,,,,No,No,,No
5598,no_evident_not_staff_organize_fast_transfer,staff_organize_fast_transfer,staff_fail_to_communicate_with_taxi,,,,Yes,Yes,,Yes
5599,no_evident_not_staff_organize_fast_transfer,staff_organize_fast_transfer,staff_fail_to_guest_request,,,,No,No,,No
5600,no_evident_not_staff_organize_fast_transfer,staff_organize_fast_transfer,staff_cannot_provide_double_bed,,,,No,No,,No
5601,no_evident_not_staff_organize_fast_transfer,staff_organize_fast_transfer,offended_staff,,,,No,No,,No
5602,no_evident_not_staff_organize_fast_transfer,staff_organize_fast_transfer,staff_not_justify_booking_issue,,,,No,No,,No
5603,no_evident_not_staff_organize_fast_transfer,staff_organize_fast_transfer,staff_charge_for_cancellation_while_no_cancellation_charge_in_Booking.com,,,,No,No,,No
5604,no_evident_not_staff_organize_fast_transfer,staff_organize_fast_transfer,staff_enforce_cancellation_charge,,,,No,No,,No
5605,no_evident_not_staff_organize_fast_transfer,staff_organize_fast_transfer,staff_mistakenly_throw_valuable_item_during_cleaning_service,,,,No,No,,No
5606,no_evident_not_staff_organize_fast_transfer,staff_organize_fast_transfer,staff_not_provide_good_solution,,,,No,No,,No
5607,no_evident_not_staff_organize_fast_transfer,staff_organize_fast_transfer,staff_has_unaceptable_manner,,,,No,No,,No
5608,no_evident_not_staff_organize_fast_transfer,staff_organize_fast_transfer,staff_not_speak_Cypriot_language,,,,No,No,,No
5609,no_evident_not_staff_organize_fast_transfer,staff_organize_fast_transfer,no_staff_at_night,,,,Yes,Yes,,Yes
5610,no_evident_not_staff_organize_fast_transfer,staff_organize_fast_transfer,staff_not_understand_English_well,,,,No,No,,No
5611,no_evident_not_staff_organize_fast_transfer,staff_organize_fast_transfer,staff_cannot_give_bus_to_airport_information,,,,No,No,,No
5612,no_evident_not_staff_organize_fast_transfer,staff_organize_fast_transfer,only_one_staff_wear_mask,,,,No,No,,No
5613,no_evident_not_staff_solve_wish_immediately,staff_solve_wish_immediately,staff_not_speak_English_properly,,,,No,No,,No
5614,no_evident_not_staff_solve_wish_immediately,staff_solve_wish_immediately,staff_clean_after_complaint,,,,No,No,,No
5615,no_evident_not_staff_solve_wish_immediately,staff_solve_wish_immediately,staff_should_learn_better_English,,,,No,No,,No
5616,no_evident_not_staff_solve_wish_immediately,staff_solve_wish_immediately,staff_need_improve_organization,,,,No,No,,No
5617,no_evident_not_staff_solve_wish_immediately,staff_solve_wish_immediately,staff_need_improve_collaboration,,,,No,No,,No
5618,no_evident_not_staff_solve_wish_immediately,staff_solve_wish_immediately,staff_need_keep_update,,,,No,No,,No
5619,no_evident_not_staff_solve_wish_immediately,staff_solve_wish_immediately,not_kind_staff,,,,Yes,No,Yes,Yes
5620,no_evident_not_staff_solve_wish_immediately,staff_solve_wish_immediately,no_empathy_staff,,,,Yes,No,Yes,Yes
5621,no_evident_not_staff_solve_wish_immediately,staff_solve_wish_immediately,staff_fail_to_communicate_with_taxi,,,,No,No,,No
5622,no_evident_not_staff_solve_wish_immediately,staff_solve_wish_immediately,staff_fail_to_guest_request,,,,Yes,Yes,,Yes
5623,no_evident_not_staff_solve_wish_immediately,staff_solve_wish_immediately,staff_cannot_provide_double_bed,,,,No,No,,No
5624,no_evident_not_staff_solve_wish_immediately,staff_solve_wish_immediately,offended_staff,,,,No,No,,No
5625,no_evident_not_staff_solve_wish_immediately,staff_solve_wish_immediately,staff_not_justify_booking_issue,,,,No,No,,No
5626,no_evident_not_staff_solve_wish_immediately,staff_solve_wish_immediately,staff_charge_for_cancellation_while_no_cancellation_charge_in_Booking.com,,,,No,No,,No
5627,no_evident_not_staff_solve_wish_immediately,staff_solve_wish_immediately,staff_enforce_cancellation_charge,,,,No,No,,No
5628,no_evident_not_staff_solve_wish_immediately,staff_solve_wish_immediately,staff_mistakenly_throw_valuable_item_during_cleaning_service,,,,No,No,,No
5629,no_evident_not_staff_solve_wish_immediately,staff_solve_wish_immediately,staff_not_provide_good_solution,,,,No,No,,No
5630,no_evident_not_staff_solve_wish_immediately,staff_solve_wish_immediately,staff_has_unaceptable_manner,,,,No,No,,No
5631,no_evident_not_staff_solve_wish_immediately,staff_solve_wish_immediately,staff_not_speak_Cypriot_language,,,,No,No,,No
5632,no_evident_not_staff_solve_wish_immediately,staff_solve_wish_immediately,no_staff_at_night,,,,Yes,Yes,,Yes
5633,no_evident_not_staff_solve_wish_immediately,staff_solve_wish_immediately,staff_not_understand_English_well,,,,No,No,,No
5634,no_evident_not_staff_solve_wish_immediately,staff_solve_wish_immediately,staff_cannot_give_bus_to_airport_information,,,,No,No,,No
5635,no_evident_not_staff_solve_wish_immediately,staff_solve_wish_immediately,only_one_staff_wear_mask,,,,No,No,,No
5636,no_evident_not_staff_solve_problem_immediately,staff_solve_problem_immediately,staff_not_speak_English_properly,,,,No,No,,No
5637,no_evident_not_staff_solve_problem_immediately,staff_solve_problem_immediately,staff_clean_after_complaint,,,,No,No,,No
5638,no_evident_not_staff_solve_problem_immediately,staff_solve_problem_immediately,staff_should_learn_better_English,,,,No,No,,No
5639,no_evident_not_staff_solve_problem_immediately,staff_solve_problem_immediately,staff_need_improve_organization,,,,No,No,,No
5640,no_evident_not_staff_solve_problem_immediately,staff_solve_problem_immediately,staff_need_improve_collaboration,,,,No,No,,No
5641,no_evident_not_staff_solve_problem_immediately,staff_solve_problem_immediately,staff_need_keep_update,,,,No,No,,No
5642,no_evident_not_staff_solve_problem_immediately,staff_solve_problem_immediately,not_kind_staff,,,,Yes,No,Yes,Yes
5643,no_evident_not_staff_solve_problem_immediately,staff_solve_problem_immediately,no_empathy_staff,,,,Yes,No,Yes,Yes
5644,no_evident_not_staff_solve_problem_immediately,staff_solve_problem_immediately,staff_fail_to_communicate_with_taxi,,,,No,No,,No
5645,no_evident_not_staff_solve_problem_immediately,staff_solve_problem_immediately,staff_fail_to_guest_request,,,,No,No,,No
5646,no_evident_not_staff_solve_problem_immediately,staff_solve_problem_immediately,staff_cannot_provide_double_bed,,,,No,No,,No
5647,no_evident_not_staff_solve_problem_immediately,staff_solve_problem_immediately,offended_staff,,,,No,No,,No
5648,no_evident_not_staff_solve_problem_immediately,staff_solve_problem_immediately,staff_not_justify_booking_issue,,,,No,Yes,Yes,Yes
5649,no_evident_not_staff_solve_problem_immediately,staff_solve_problem_immediately,staff_charge_for_cancellation_while_no_cancellation_charge_in_Booking.com,,,,No,No,,No
5650,no_evident_not_staff_solve_problem_immediately,staff_solve_problem_immediately,staff_enforce_cancellation_charge,,,,No,No,,No
5651,no_evident_not_staff_solve_problem_immediately,staff_solve_problem_immediately,staff_mistakenly_throw_valuable_item_during_cleaning_service,,,,No,No,,No
5652,no_evident_not_staff_solve_problem_immediately,staff_solve_problem_immediately,staff_not_provide_good_solution,,,,Yes,Yes,,Yes
5653,no_evident_not_staff_solve_problem_immediately,staff_solve_problem_immediately,staff_has_unaceptable_manner,,,,No,No,,No
5654,no_evident_not_staff_solve_problem_immediately,staff_solve_problem_immediately,staff_not_speak_Cypriot_language,,,,No,No,,No
5655,no_evident_not_staff_solve_problem_immediately,staff_solve_problem_immediately,no_staff_at_night,,,,Yes,Yes,,Yes
5656,no_evident_not_staff_solve_problem_immediately,staff_solve_problem_immediately,staff_not_understand_English_well,,,,Yes,No,No,No
5657,no_evident_not_staff_solve_problem_immediately,staff_solve_problem_immediately,staff_cannot_give_bus_to_airport_information,,,,No,No,,No
5658,no_evident_not_staff_solve_problem_immediately,staff_solve_problem_immediately,only_one_staff_wear_mask,,,,No,No,,No
5659,no_evident_not_staff_welcome_in_French,staff_welcome_in_French,staff_not_speak_English_properly,,,,No,No,,No
5660,no_evident_not_staff_welcome_in_French,staff_welcome_in_French,staff_clean_after_complaint,,,,No,No,,No
5661,no_evident_not_staff_welcome_in_French,staff_welcome_in_French,staff_should_learn_better_English,,,,No,No,,No
5662,no_evident_not_staff_welcome_in_French,staff_welcome_in_French,staff_need_improve_organization,,,,No,No,,No
5663,no_evident_not_staff_welcome_in_French,staff_welcome_in_French,staff_need_improve_collaboration,,,,No,No,,No
5664,no_evident_not_staff_welcome_in_French,staff_welcome_in_French,staff_need_keep_update,,,,No,No,,No
5665,no_evident_not_staff_welcome_in_French,staff_welcome_in_French,not_kind_staff,,,,No,No,,No
5666,no_evident_not_staff_welcome_in_French,staff_welcome_in_French,no_empathy_staff,,,,No,No,,No
5667,no_evident_not_staff_welcome_in_French,staff_welcome_in_French,staff_fail_to_communicate_with_taxi,,,,No,No,,No
5668,no_evident_not_staff_welcome_in_French,staff_welcome_in_French,staff_fail_to_guest_request,,,,No,No,,No
5669,no_evident_not_staff_welcome_in_French,staff_welcome_in_French,staff_cannot_provide_double_bed,,,,No,No,,No
5670,no_evident_not_staff_welcome_in_French,staff_welcome_in_French,offended_staff,,,,No,No,,No
5671,no_evident_not_staff_welcome_in_French,staff_welcome_in_French,staff_not_justify_booking_issue,,,,No,No,,No
5672,no_evident_not_staff_welcome_in_French,staff_welcome_in_French,staff_charge_for_cancellation_while_no_cancellation_charge_in_Booking.com,,,,No,No,,No
5673,no_evident_not_staff_welcome_in_French,staff_welcome_in_French,staff_enforce_cancellation_charge,,,,No,No,,No
5674,no_evident_not_staff_welcome_in_French,staff_welcome_in_French,staff_mistakenly_throw_valuable_item_during_cleaning_service,,,,No,No,,No
5675,no_evident_not_staff_welcome_in_French,staff_welcome_in_French,staff_not_provide_good_solution,,,,No,No,,No
5676,no_evident_not_staff_welcome_in_French,staff_welcome_in_French,staff_has_unaceptable_manner,,,,No,No,,No
5677,no_evident_not_staff_welcome_in_French,staff_welcome_in_French,staff_not_speak_Cypriot_language,,,,No,No,,No
5678,no_evident_not_staff_welcome_in_French,staff_welcome_in_French,no_staff_at_night,,,,No,No,,No
5679,no_evident_not_staff_welcome_in_French,staff_welcome_in_French,staff_not_understand_English_well,,,,No,No,,No
5680,no_evident_not_staff_welcome_in_French,staff_welcome_in_French,staff_cannot_give_bus_to_airport_information,,,,No,No,,No
5681,no_evident_not_staff_welcome_in_French,staff_welcome_in_French,only_one_staff_wear_mask,,,,No,No,,No
5682,no_evident_not_top_notch_staff,top_notch_staff,staff_not_speak_English_properly,,,,Yes,Yes,,Yes
5683,no_evident_not_top_notch_staff,top_notch_staff,staff_clean_after_complaint,,,,No,No,,No
5684,no_evident_not_top_notch_staff,top_notch_staff,staff_should_learn_better_English,,,,Yes,Yes,,Yes
5685,no_evident_not_top_notch_staff,top_notch_staff,staff_need_improve_organization,,,,Yes,Yes,,Yes
5686,no_evident_not_top_notch_staff,top_notch_staff,staff_need_improve_collaboration,,,,Yes,Yes,,Yes
5687,no_evident_not_top_notch_staff,top_notch_staff,staff_need_keep_update,,,,Yes,Yes,,Yes
5688,no_evident_not_top_notch_staff,top_notch_staff,not_kind_staff,,,,Yes,Yes,,Yes
5689,no_evident_not_top_notch_staff,top_notch_staff,no_empathy_staff,,,,Yes,Yes,,Yes
5690,no_evident_not_top_notch_staff,top_notch_staff,staff_fail_to_communicate_with_taxi,,,,Yes,Yes,,Yes
5691,no_evident_not_top_notch_staff,top_notch_staff,staff_fail_to_guest_request,,,,Yes,Yes,,Yes
5692,no_evident_not_top_notch_staff,top_notch_staff,staff_cannot_provide_double_bed,,,,No,No,,No
5693,no_evident_not_top_notch_staff,top_notch_staff,offended_staff,,,,Yes,Yes,,Yes
5694,no_evident_not_top_notch_staff,top_notch_staff,staff_not_justify_booking_issue,,,,Yes,Yes,,Yes
5695,no_evident_not_top_notch_staff,top_notch_staff,staff_charge_for_cancellation_while_no_cancellation_charge_in_Booking.com,,,,Yes,Yes,,Yes
5696,no_evident_not_top_notch_staff,top_notch_staff,staff_enforce_cancellation_charge,,,,No,No,,No
5697,no_evident_not_top_notch_staff,top_notch_staff,staff_mistakenly_throw_valuable_item_during_cleaning_service,,,,Yes,Yes,,Yes
5698,no_evident_not_top_notch_staff,top_notch_staff,staff_not_provide_good_solution,,,,Yes,Yes,,Yes
5699,no_evident_not_top_notch_staff,top_notch_staff,staff_has_unaceptable_manner,,,,Yes,Yes,,Yes
5700,no_evident_not_top_notch_staff,top_notch_staff,staff_not_speak_Cypriot_language,,,,Yes,Yes,,Yes
5701,no_evident_not_top_notch_staff,top_notch_staff,no_staff_at_night,,,,Yes,Yes,,Yes
5702,no_evident_not_top_notch_staff,top_notch_staff,staff_not_understand_English_well,,,,Yes,Yes,,Yes
5703,no_evident_not_top_notch_staff,top_notch_staff,staff_cannot_give_bus_to_airport_information,,,,Yes,Yes,,Yes
5704,no_evident_not_top_notch_staff,top_notch_staff,only_one_staff_wear_mask,,,,No,No,,No
5705,no_evident_not_sympathy_of_restaurant_staff,sympathy_of_restaurant_staff,staff_not_speak_English_properly,,,,No,No,,No
5706,no_evident_not_sympathy_of_restaurant_staff,sympathy_of_restaurant_staff,staff_clean_after_complaint,,,,No,No,,No
5707,no_evident_not_sympathy_of_restaurant_staff,sympathy_of_restaurant_staff,staff_should_learn_better_English,,,,No,No,,No
5708,no_evident_not_sympathy_of_restaurant_staff,sympathy_of_restaurant_staff,staff_need_improve_organization,,,,No,No,,No
5709,no_evident_not_sympathy_of_restaurant_staff,sympathy_of_restaurant_staff,staff_need_improve_collaboration,,,,No,No,,No
5710,no_evident_not_sympathy_of_restaurant_staff,sympathy_of_restaurant_staff,staff_need_keep_update,,,,No,No,,No
5711,no_evident_not_sympathy_of_restaurant_staff,sympathy_of_restaurant_staff,not_kind_staff,,,,No,Yes,Yes,Yes
5712,no_evident_not_sympathy_of_restaurant_staff,sympathy_of_restaurant_staff,no_empathy_staff,,,,Yes,No,Yes,Yes
5713,no_evident_not_sympathy_of_restaurant_staff,sympathy_of_restaurant_staff,staff_fail_to_communicate_with_taxi,,,,No,No,,No
5714,no_evident_not_sympathy_of_restaurant_staff,sympathy_of_restaurant_staff,staff_fail_to_guest_request,,,,No,No,,No
5715,no_evident_not_sympathy_of_restaurant_staff,sympathy_of_restaurant_staff,staff_cannot_provide_double_bed,,,,No,No,,No
5716,no_evident_not_sympathy_of_restaurant_staff,sympathy_of_restaurant_staff,offended_staff,,,,No,No,,No
5717,no_evident_not_sympathy_of_restaurant_staff,sympathy_of_restaurant_staff,staff_not_justify_booking_issue,,,,No,No,,No
5718,no_evident_not_sympathy_of_restaurant_staff,sympathy_of_restaurant_staff,staff_charge_for_cancellation_while_no_cancellation_charge_in_Booking.com,,,,No,No,,No
5719,no_evident_not_sympathy_of_restaurant_staff,sympathy_of_restaurant_staff,staff_enforce_cancellation_charge,,,,No,No,,No
5720,no_evident_not_sympathy_of_restaurant_staff,sympathy_of_restaurant_staff,staff_mistakenly_throw_valuable_item_during_cleaning_service,,,,No,No,,No
5721,no_evident_not_sympathy_of_restaurant_staff,sympathy_of_restaurant_staff,staff_not_provide_good_solution,,,,No,No,,No
5722,no_evident_not_sympathy_of_restaurant_staff,sympathy_of_restaurant_staff,staff_has_unaceptable_manner,,,,No,No,,No
5723,no_evident_not_sympathy_of_restaurant_staff,sympathy_of_restaurant_staff,staff_not_speak_Cypriot_language,,,,No,No,,No
5724,no_evident_not_sympathy_of_restaurant_staff,sympathy_of_restaurant_staff,no_staff_at_night,,,,No,No,,No
5725,no_evident_not_sympathy_of_restaurant_staff,sympathy_of_restaurant_staff,staff_not_understand_English_well,,,,No,No,,No
5726,no_evident_not_sympathy_of_restaurant_staff,sympathy_of_restaurant_staff,staff_cannot_give_bus_to_airport_information,,,,No,No,,No
5727,no_evident_not_sympathy_of_restaurant_staff,sympathy_of_restaurant_staff,only_one_staff_wear_mask,,,,No,No,,No
5728,no_evident_not_super_service_staff,super_service_staff,staff_not_speak_English_properly,,,No,No,No,,No
5729,no_evident_not_super_service_staff,super_service_staff,staff_clean_after_complaint,,,No,No,No,,No
5730,no_evident_not_super_service_staff,super_service_staff,staff_should_learn_better_English,,,No,No,No,,No
5731,no_evident_not_super_service_staff,super_service_staff,staff_need_improve_organization,,,No,No,No,,No
5732,no_evident_not_super_service_staff,super_service_staff,staff_need_improve_collaboration,,,No,No,No,,No
5733,no_evident_not_super_service_staff,super_service_staff,staff_need_keep_update,,,No,No,No,,No
5734,no_evident_not_super_service_staff,super_service_staff,not_kind_staff,,,No,Yes,Yes,,Yes
5735,no_evident_not_super_service_staff,super_service_staff,no_empathy_staff,,,No,Yes,Yes,,Yes
5736,no_evident_not_super_service_staff,super_service_staff,staff_fail_to_communicate_with_taxi,,,No,Yes,Yes,,Yes
5737,no_evident_not_super_service_staff,super_service_staff,staff_fail_to_guest_request,,,Yes,Yes,Yes,,Yes
5738,no_evident_not_super_service_staff,super_service_staff,staff_cannot_provide_double_bed,,,Yes,Yes,No,,Yes
5739,no_evident_not_super_service_staff,super_service_staff,offended_staff,,,Yes,Yes,Yes,,Yes
5740,no_evident_not_super_service_staff,super_service_staff,staff_not_justify_booking_issue,,,Yes,Yes,Yes,,Yes
5741,no_evident_not_super_service_staff,super_service_staff,staff_charge_for_cancellation_while_no_cancellation_charge_in_Booking.com,,,No,Yes,Yes,,Yes
5742,no_evident_not_super_service_staff,super_service_staff,staff_enforce_cancellation_charge,,,No,Yes,No,,No
5743,no_evident_not_super_service_staff,super_service_staff,staff_mistakenly_throw_valuable_item_during_cleaning_service,,,Yes,Yes,No,,Yes
5744,no_evident_not_super_service_staff,super_service_staff,staff_not_provide_good_solution,,,Yes,Yes,Yes,,Yes
5745,no_evident_not_super_service_staff,super_service_staff,staff_has_unaceptable_manner,,,Yes,Yes,Yes,,Yes
5746,no_evident_not_super_service_staff,super_service_staff,staff_not_speak_Cypriot_language,,,No,No,No,,No
5747,no_evident_not_super_service_staff,super_service_staff,no_staff_at_night,,,No,Yes,Yes,,Yes
5748,no_evident_not_super_service_staff,super_service_staff,staff_not_understand_English_well,,,No,No,No,,No
5749,no_evident_not_super_service_staff,super_service_staff,staff_cannot_give_bus_to_airport_information,,,Yes,Yes,Yes,,Yes
5750,no_evident_not_super_service_staff,super_service_staff,only_one_staff_wear_mask,,,No,Yes,No,,No
5751,no_evident_not_staff_help_immediately_with_adapter,staff_help_immediately_with_adapter,staff_not_speak_English_properly,,,,Yes,No,No,No
5752,no_evident_not_staff_help_immediately_with_adapter,staff_help_immediately_with_adapter,staff_clean_after_complaint,,,,Yes,No,No,No
5753,no_evident_not_staff_help_immediately_with_adapter,staff_help_immediately_with_adapter,staff_should_learn_better_English,,,,Yes,No,No,No
5754,no_evident_not_staff_help_immediately_with_adapter,staff_help_immediately_with_adapter,staff_need_improve_organization,,,,Yes,No,Yes,Yes
5755,no_evident_not_staff_help_immediately_with_adapter,staff_help_immediately_with_adapter,staff_need_improve_collaboration,,,,Yes,No,Yes,Yes
5756,no_evident_not_staff_help_immediately_with_adapter,staff_help_immediately_with_adapter,staff_need_keep_update,,,,Yes,No,Yes,Yes
5757,no_evident_not_staff_help_immediately_with_adapter,staff_help_immediately_with_adapter,not_kind_staff,,,,Yes,Yes,,Yes
5758,no_evident_not_staff_help_immediately_with_adapter,staff_help_immediately_with_adapter,no_empathy_staff,,,,Yes,Yes,,Yes
5759,no_evident_not_staff_help_immediately_with_adapter,staff_help_immediately_with_adapter,staff_fail_to_communicate_with_taxi,,,,No,No,,No
5760,no_evident_not_staff_help_immediately_with_adapter,staff_help_immediately_with_adapter,staff_fail_to_guest_request,,,,No,No,,No
5761,no_evident_not_staff_help_immediately_with_adapter,staff_help_immediately_with_adapter,staff_cannot_provide_double_bed,,,,No,No,,No
5762,no_evident_not_staff_help_immediately_with_adapter,staff_help_immediately_with_adapter,offended_staff,,,,No,No,,No
5763,no_evident_not_staff_help_immediately_with_adapter,staff_help_immediately_with_adapter,staff_not_justify_booking_issue,,,,No,No,,No
5764,no_evident_not_staff_help_immediately_with_adapter,staff_help_immediately_with_adapter,staff_charge_for_cancellation_while_no_cancellation_charge_in_Booking.com,,,,No,No,,No
5765,no_evident_not_staff_help_immediately_with_adapter,staff_help_immediately_with_adapter,staff_enforce_cancellation_charge,,,,No,No,,No
5766,no_evident_not_staff_help_immediately_with_adapter,staff_help_immediately_with_adapter,staff_mistakenly_throw_valuable_item_during_cleaning_service,,,,No,No,,No
5767,no_evident_not_staff_help_immediately_with_adapter,staff_help_immediately_with_adapter,staff_not_provide_good_solution,,,,No,Yes,Yes,Yes
5768,no_evident_not_staff_help_immediately_with_adapter,staff_help_immediately_with_adapter,staff_has_unaceptable_manner,,,,No,Yes,Yes,Yes
5769,no_evident_not_staff_help_immediately_with_adapter,staff_help_immediately_with_adapter,staff_not_speak_Cypriot_language,,,,No,No,,No
5770,no_evident_not_staff_help_immediately_with_adapter,staff_help_immediately_with_adapter,no_staff_at_night,,,,No,No,,No
5771,no_evident_not_staff_help_immediately_with_adapter,staff_help_immediately_with_adapter,staff_not_understand_English_well,,,,No,No,,No
5772,no_evident_not_staff_help_immediately_with_adapter,staff_help_immediately_with_adapter,staff_cannot_give_bus_to_airport_information,,,,No,No,,No
5773,no_evident_not_staff_help_immediately_with_adapter,staff_help_immediately_with_adapter,only_one_staff_wear_mask,,,,No,No,,No
5774,no_evident_not_staff_drive_me_to_airport,staff_drive_me_to_airport,staff_not_speak_English_properly,,,No,No,No,,No
5775,no_evident_not_staff_drive_me_to_airport,staff_drive_me_to_airport,staff_clean_after_complaint,,,No,No,No,,No
5776,no_evident_not_staff_drive_me_to_airport,staff_drive_me_to_airport,staff_should_learn_better_English,,,No,No,No,,No
5777,no_evident_not_staff_drive_me_to_airport,staff_drive_me_to_airport,staff_need_improve_organization,,,No,No,No,,No
5778,no_evident_not_staff_drive_me_to_airport,staff_drive_me_to_airport,staff_need_improve_collaboration,,,No,No,No,,No
5779,no_evident_not_staff_drive_me_to_airport,staff_drive_me_to_airport,staff_need_keep_update,,,No,No,No,,No
5780,no_evident_not_staff_drive_me_to_airport,staff_drive_me_to_airport,not_kind_staff,,,Yes,Yes,Yes,,Yes
5781,no_evident_not_staff_drive_me_to_airport,staff_drive_me_to_airport,no_empathy_staff,,,No,Yes,Yes,,Yes
5782,no_evident_not_staff_drive_me_to_airport,staff_drive_me_to_airport,staff_fail_to_communicate_with_taxi,,,No,No,No,,No
5783,no_evident_not_staff_drive_me_to_airport,staff_drive_me_to_airport,staff_fail_to_guest_request,,,Yes,Yes,No,,Yes
5784,no_evident_not_staff_drive_me_to_airport,staff_drive_me_to_airport,staff_cannot_provide_double_bed,,,No,No,No,,No
5785,no_evident_not_staff_drive_me_to_airport,staff_drive_me_to_airport,offended_staff,,,No,No,No,,No
5786,no_evident_not_staff_drive_me_to_airport,staff_drive_me_to_airport,staff_not_justify_booking_issue,,,No,No,No,,No
5787,no_evident_not_staff_drive_me_to_airport,staff_drive_me_to_airport,staff_charge_for_cancellation_while_no_cancellation_charge_in_Booking.com,,,No,No,No,,No
5788,no_evident_not_staff_drive_me_to_airport,staff_drive_me_to_airport,staff_enforce_cancellation_charge,,,No,No,No,,No
5789,no_evident_not_staff_drive_me_to_airport,staff_drive_me_to_airport,staff_mistakenly_throw_valuable_item_during_cleaning_service,,,No,No,No,,No
5790,no_evident_not_staff_drive_me_to_airport,staff_drive_me_to_airport,staff_not_provide_good_solution,,,No,No,Yes,,No
5791,no_evident_not_staff_drive_me_to_airport,staff_drive_me_to_airport,staff_has_unaceptable_manner,,,No,No,Yes,,No
5792,no_evident_not_staff_drive_me_to_airport,staff_drive_me_to_airport,staff_not_speak_Cypriot_language,,,No,No,No,,No
5793,no_evident_not_staff_drive_me_to_airport,staff_drive_me_to_airport,no_staff_at_night,,,No,No,Yes,,No
5794,no_evident_not_staff_drive_me_to_airport,staff_drive_me_to_airport,staff_not_understand_English_well,,,No,No,No,,No
5795,no_evident_not_staff_drive_me_to_airport,staff_drive_me_to_airport,staff_cannot_give_bus_to_airport_information,,,No,No,No,,No
5796,no_evident_not_staff_drive_me_to_airport,staff_drive_me_to_airport,only_one_staff_wear_mask,,,No,No,No,,No
5797,no_evident_not_can_request_adapter,can_request_adapter,staff_not_speak_English_properly,,,No,No,No,,No
5798,no_evident_not_can_request_adapter,can_request_adapter,staff_clean_after_complaint,,,No,No,No,,No
5799,no_evident_not_can_request_adapter,can_request_adapter,staff_should_learn_better_English,,,No,No,No,,No
5800,no_evident_not_can_request_adapter,can_request_adapter,staff_need_improve_organization,,,No,No,No,,No
5801,no_evident_not_can_request_adapter,can_request_adapter,staff_need_improve_collaboration,,,No,No,No,,No
5802,no_evident_not_can_request_adapter,can_request_adapter,staff_need_keep_update,,,No,No,No,,No
5803,no_evident_not_can_request_adapter,can_request_adapter,not_kind_staff,,,No,Yes,No,,No
5804,no_evident_not_can_request_adapter,can_request_adapter,no_empathy_staff,,,No,Yes,No,,No
5805,no_evident_not_can_request_adapter,can_request_adapter,staff_fail_to_communicate_with_taxi,,,No,No,No,,No
5806,no_evident_not_can_request_adapter,can_request_adapter,staff_fail_to_guest_request,,,Yes,Yes,Yes,,Yes
5807,no_evident_not_can_request_adapter,can_request_adapter,staff_cannot_provide_double_bed,,,No,No,No,,No
5808,no_evident_not_can_request_adapter,can_request_adapter,offended_staff,,,No,No,No,,No
5809,no_evident_not_can_request_adapter,can_request_adapter,staff_not_justify_booking_issue,,,No,No,No,,No
5810,no_evident_not_can_request_adapter,can_request_adapter,staff_charge_for_cancellation_while_no_cancellation_charge_in_Booking.com,,,No,No,No,,No
5811,no_evident_not_can_request_adapter,can_request_adapter,staff_enforce_cancellation_charge,,,No,No,No,,No
5812,no_evident_not_can_request_adapter,can_request_adapter,staff_mistakenly_throw_valuable_item_during_cleaning_service,,,No,No,No,,No
5813,no_evident_not_can_request_adapter,can_request_adapter,staff_not_provide_good_solution,,,No,No,Yes,,No
5814,no_evident_not_can_request_adapter,can_request_adapter,staff_has_unaceptable_manner,,,No,No,No,,No
5815,no_evident_not_can_request_adapter,can_request_adapter,staff_not_speak_Cypriot_language,,,No,No,No,,No
5816,no_evident_not_can_request_adapter,can_request_adapter,no_staff_at_night,,,No,No,No,,No
5817,no_evident_not_can_request_adapter,can_request_adapter,staff_not_understand_English_well,,,No,No,No,,No
5818,no_evident_not_can_request_adapter,can_request_adapter,staff_cannot_give_bus_to_airport_information,,,No,No,No,,No
5819,no_evident_not_can_request_adapter,can_request_adapter,only_one_staff_wear_mask,,,No,No,No,,No
5820,no_evident_not_can_request_socket,can_request_socket,staff_not_speak_English_properly,,,No,No,No,,No
5821,no_evident_not_can_request_socket,can_request_socket,staff_clean_after_complaint,,,No,No,No,,No
5822,no_evident_not_can_request_socket,can_request_socket,staff_should_learn_better_English,,,No,No,No,,No
5823,no_evident_not_can_request_socket,can_request_socket,staff_need_improve_organization,,,No,No,No,,No
5824,no_evident_not_can_request_socket,can_request_socket,staff_need_improve_collaboration,,,No,No,No,,No
5825,no_evident_not_can_request_socket,can_request_socket,staff_need_keep_update,,,No,No,No,,No
5826,no_evident_not_can_request_socket,can_request_socket,not_kind_staff,,,No,Yes,No,,No
5827,no_evident_not_can_request_socket,can_request_socket,no_empathy_staff,,,No,Yes,No,,No
5828,no_evident_not_can_request_socket,can_request_socket,staff_fail_to_communicate_with_taxi,,,No,No,No,,No
5829,no_evident_not_can_request_socket,can_request_socket,staff_fail_to_guest_request,,,Yes,Yes,Yes,,Yes
5830,no_evident_not_can_request_socket,can_request_socket,staff_cannot_provide_double_bed,,,No,No,No,,No
5831,no_evident_not_can_request_socket,can_request_socket,offended_staff,,,No,No,No,,No
5832,no_evident_not_can_request_socket,can_request_socket,staff_not_justify_booking_issue,,,No,No,No,,No
5833,no_evident_not_can_request_socket,can_request_socket,staff_charge_for_cancellation_while_no_cancellation_charge_in_Booking.com,,,No,No,No,,No
5834,no_evident_not_can_request_socket,can_request_socket,staff_enforce_cancellation_charge,,,No,No,No,,No
5835,no_evident_not_can_request_socket,can_request_socket,staff_mistakenly_throw_valuable_item_during_cleaning_service,,,No,No,No,,No
5836,no_evident_not_can_request_socket,can_request_socket,staff_not_provide_good_solution,,,No,No,Yes,,No
5837,no_evident_not_can_request_socket,can_request_socket,staff_has_unaceptable_manner,,,No,No,No,,No
5838,no_evident_not_can_request_socket,can_request_socket,staff_not_speak_Cypriot_language,,,No,No,No,,No
5839,no_evident_not_can_request_socket,can_request_socket,no_staff_at_night,,,No,No,No,,No
5840,no_evident_not_can_request_socket,can_request_socket,staff_not_understand_English_well,,,No,No,No,,No
5841,no_evident_not_can_request_socket,can_request_socket,staff_cannot_give_bus_to_airport_information,,,No,No,No,,No
5842,no_evident_not_can_request_socket,can_request_socket,only_one_staff_wear_mask,,,No,No,No,,No
5843,no_evident_not_efficient_staff,efficient_staff,staff_not_speak_English_properly,,,No,Yes,No,,No
5844,no_evident_not_efficient_staff,efficient_staff,staff_clean_after_complaint,,,No,No,No,,No
5845,no_evident_not_efficient_staff,efficient_staff,staff_should_learn_better_English,,,No,Yes,No,,No
5846,no_evident_not_efficient_staff,efficient_staff,staff_need_improve_organization,,,Yes,Yes,Yes,,Yes
5847,no_evident_not_efficient_staff,efficient_staff,staff_need_improve_collaboration,,,Yes,Yes,Yes,,Yes
5848,no_evident_not_efficient_staff,efficient_staff,staff_need_keep_update,,,Yes,Yes,Yes,,Yes
5849,no_evident_not_efficient_staff,efficient_staff,not_kind_staff,,,No,Yes,Yes,,Yes
5850,no_evident_not_efficient_staff,efficient_staff,no_empathy_staff,,,No,Yes,Yes,,Yes
5851,no_evident_not_efficient_staff,efficient_staff,staff_fail_to_communicate_with_taxi,,,No,Yes,Yes,,Yes
5852,no_evident_not_efficient_staff,efficient_staff,staff_fail_to_guest_request,,,Yes,Yes,Yes,,Yes
5853,no_evident_not_efficient_staff,efficient_staff,staff_cannot_provide_double_bed,,,No,No,No,,No
5854,no_evident_not_efficient_staff,efficient_staff,offended_staff,,,No,Yes,Yes,,Yes
5855,no_evident_not_efficient_staff,efficient_staff,staff_not_justify_booking_issue,,,Yes,Yes,Yes,,Yes
5856,no_evident_not_efficient_staff,efficient_staff,staff_charge_for_cancellation_while_no_cancellation_charge_in_Booking.com,,,No,No,Yes,,No
5857,no_evident_not_efficient_staff,efficient_staff,staff_enforce_cancellation_charge,,,No,Yes,No,,No
5858,no_evident_not_efficient_staff,efficient_staff,staff_mistakenly_throw_valuable_item_during_cleaning_service,,,No,Yes,Yes,,Yes
5859,no_evident_not_efficient_staff,efficient_staff,staff_not_provide_good_solution,,,Yes,Yes,Yes,,Yes
5860,no_evident_not_efficient_staff,efficient_staff,staff_has_unaceptable_manner,,,No,Yes,Yes,,Yes
5861,no_evident_not_efficient_staff,efficient_staff,staff_not_speak_Cypriot_language,,,No,Yes,No,,No
5862,no_evident_not_efficient_staff,efficient_staff,no_staff_at_night,,,No,Yes,No,,No
5863,no_evident_not_efficient_staff,efficient_staff,staff_not_understand_English_well,,,No,Yes,No,,No
5864,no_evident_not_efficient_staff,efficient_staff,staff_cannot_give_bus_to_airport_information,,,Yes,Yes,Yes,,Yes
5865,no_evident_not_efficient_staff,efficient_staff,only_one_staff_wear_mask,,,No,No,No,,No
5866,no_evident_not_cordial_staff,cordial_staff,staff_not_speak_English_properly,,,No,No,No,,No
5867,no_evident_not_cordial_staff,cordial_staff,staff_clean_after_complaint,,,No,No,No,,No
5868,no_evident_not_cordial_staff,cordial_staff,staff_should_learn_better_English,,,No,No,No,,No
5869,no_evident_not_cordial_staff,cordial_staff,staff_need_improve_organization,,,No,No,No,,No
5870,no_evident_not_cordial_staff,cordial_staff,staff_need_improve_collaboration,,,No,No,No,,No
5871,no_evident_not_cordial_staff,cordial_staff,staff_need_keep_update,,,No,Yes,No,,No
5872,no_evident_not_cordial_staff,cordial_staff,not_kind_staff,,,Yes,Yes,Yes,,Yes
5873,no_evident_not_cordial_staff,cordial_staff,no_empathy_staff,,,Yes,No,Yes,,Yes
5874,no_evident_not_cordial_staff,cordial_staff,staff_fail_to_communicate_with_taxi,,,No,No,No,,No
5875,no_evident_not_cordial_staff,cordial_staff,staff_fail_to_guest_request,,,No,No,No,,No
5876,no_evident_not_cordial_staff,cordial_staff,staff_cannot_provide_double_bed,,,No,No,No,,No
5877,no_evident_not_cordial_staff,cordial_staff,offended_staff,,,Yes,Yes,Yes,,Yes
5878,no_evident_not_cordial_staff,cordial_staff,staff_not_justify_booking_issue,,,No,No,No,,No
5879,no_evident_not_cordial_staff,cordial_staff,staff_charge_for_cancellation_while_no_cancellation_charge_in_Booking.com,,,No,No,No,,No
5880,no_evident_not_cordial_staff,cordial_staff,staff_enforce_cancellation_charge,,,No,No,No,,No
5881,no_evident_not_cordial_staff,cordial_staff,staff_mistakenly_throw_valuable_item_during_cleaning_service,,,No,No,No,,No
5882,no_evident_not_cordial_staff,cordial_staff,staff_not_provide_good_solution,,,No,No,No,,No
5883,no_evident_not_cordial_staff,cordial_staff,staff_has_unaceptable_manner,,,Yes,Yes,Yes,,Yes
5884,no_evident_not_cordial_staff,cordial_staff,staff_not_speak_Cypriot_language,,,No,No,No,,No
5885,no_evident_not_cordial_staff,cordial_staff,no_staff_at_night,,,No,No,No,,No
5886,no_evident_not_cordial_staff,cordial_staff,staff_not_understand_English_well,,,No,No,No,,No
5887,no_evident_not_cordial_staff,cordial_staff,staff_cannot_give_bus_to_airport_information,,,No,No,No,,No
5888,no_evident_not_cordial_staff,cordial_staff,only_one_staff_wear_mask,,,No,No,No,,No
5889,no_evident_not_quiet_staff,quiet_staff,staff_not_speak_English_properly,,,No,No,No,,No
5890,no_evident_not_quiet_staff,quiet_staff,staff_clean_after_complaint,,,No,No,No,,No
5891,no_evident_not_quiet_staff,quiet_staff,staff_should_learn_better_English,,,No,No,No,,No
5892,no_evident_not_quiet_staff,quiet_staff,staff_need_improve_organization,,,No,No,No,,No
5893,no_evident_not_quiet_staff,quiet_staff,staff_need_improve_collaboration,,,No,No,No,,No
5894,no_evident_not_quiet_staff,quiet_staff,staff_need_keep_update,,,No,No,No,,No
5895,no_evident_not_quiet_staff,quiet_staff,not_kind_staff,,,No,No,No,,No
5896,no_evident_not_quiet_staff,quiet_staff,no_empathy_staff,,,No,No,No,,No
5897,no_evident_not_quiet_staff,quiet_staff,staff_fail_to_communicate_with_taxi,,,No,No,No,,No
5898,no_evident_not_quiet_staff,quiet_staff,staff_fail_to_guest_request,,,No,No,No,,No
5899,no_evident_not_quiet_staff,quiet_staff,staff_cannot_provide_double_bed,,,No,No,No,,No
5900,no_evident_not_quiet_staff,quiet_staff,offended_staff,,,No,No,No,,No
5901,no_evident_not_quiet_staff,quiet_staff,staff_not_justify_booking_issue,,,No,No,No,,No
5902,no_evident_not_quiet_staff,quiet_staff,staff_charge_for_cancellation_while_no_cancellation_charge_in_Booking.com,,,No,No,No,,No
5903,no_evident_not_quiet_staff,quiet_staff,staff_enforce_cancellation_charge,,,No,No,No,,No
5904,no_evident_not_quiet_staff,quiet_staff,staff_mistakenly_throw_valuable_item_during_cleaning_service,,,No,No,No,,No
5905,no_evident_not_quiet_staff,quiet_staff,staff_not_provide_good_solution,,,No,No,No,,No
5906,no_evident_not_quiet_staff,quiet_staff,staff_has_unaceptable_manner,,,No,No,No,,No
5907,no_evident_not_quiet_staff,quiet_staff,staff_not_speak_Cypriot_language,,,No,No,No,,No
5908,no_evident_not_quiet_staff,quiet_staff,no_staff_at_night,,,No,No,No,,No
5909,no_evident_not_quiet_staff,quiet_staff,staff_not_understand_English_well,,,No,No,No,,No
5910,no_evident_not_quiet_staff,quiet_staff,staff_cannot_give_bus_to_airport_information,,,No,No,No,,No
5911,no_evident_not_quiet_staff,quiet_staff,only_one_staff_wear_mask,,,No,No,No,,No
5912,no_evident_not_top_staff,top_staff,staff_not_speak_English_properly,,,Yes,Yes,Yes,,Yes
5913,no_evident_not_top_staff,top_staff,staff_clean_after_complaint,,,No,No,No,,No
5914,no_evident_not_top_staff,top_staff,staff_should_learn_better_English,,,Yes,Yes,Yes,,Yes
5915,no_evident_not_top_staff,top_staff,staff_need_improve_organization,,,Yes,Yes,Yes,,Yes
5916,no_evident_not_top_staff,top_staff,staff_need_improve_collaboration,,,Yes,Yes,Yes,,Yes
5917,no_evident_not_top_staff,top_staff,staff_need_keep_update,,,Yes,Yes,Yes,,Yes
5918,no_evident_not_top_staff,top_staff,not_kind_staff,,,No,Yes,Yes,,Yes
5919,no_evident_not_top_staff,top_staff,no_empathy_staff,,,No,Yes,Yes,,Yes
5920,no_evident_not_top_staff,top_staff,staff_fail_to_communicate_with_taxi,,,Yes,Yes,Yes,,Yes
5921,no_evident_not_top_staff,top_staff,staff_fail_to_guest_request,,,Yes,Yes,Yes,,Yes
5922,no_evident_not_top_staff,top_staff,staff_cannot_provide_double_bed,,,Yes,No,No,,No
5923,no_evident_not_top_staff,top_staff,offended_staff,,,Yes,Yes,Yes,,Yes
5924,no_evident_not_top_staff,top_staff,staff_not_justify_booking_issue,,,Yes,Yes,Yes,,Yes
5925,no_evident_not_top_staff,top_staff,staff_charge_for_cancellation_while_no_cancellation_charge_in_Booking.com,,,No,Yes,Yes,,Yes
5926,no_evident_not_top_staff,top_staff,staff_enforce_cancellation_charge,,,No,No,No,,No
5927,no_evident_not_top_staff,top_staff,staff_mistakenly_throw_valuable_item_during_cleaning_service,,,Yes,Yes,Yes,,Yes
5928,no_evident_not_top_staff,top_staff,staff_not_provide_good_solution,,,Yes,Yes,Yes,,Yes
5929,no_evident_not_top_staff,top_staff,staff_has_unaceptable_manner,,,Yes,Yes,Yes,,Yes
5930,no_evident_not_top_staff,top_staff,staff_not_speak_Cypriot_language,,,Yes,Yes,Yes,,Yes
5931,no_evident_not_top_staff,top_staff,no_staff_at_night,,,No,Yes,No,,No
5932,no_evident_not_top_staff,top_staff,staff_not_understand_English_well,,,Yes,Yes,Yes,,Yes
5933,no_evident_not_top_staff,top_staff,staff_cannot_give_bus_to_airport_information,,,Yes,Yes,Yes,,Yes
5934,no_evident_not_top_staff,top_staff,only_one_staff_wear_mask,,,No,No,No,,No
5935,no_evident_not_constructive_attitude_staff,constructive_attitude_staff,staff_not_speak_English_properly,,,No,No,No,,No
5936,no_evident_not_constructive_attitude_staff,constructive_attitude_staff,staff_clean_after_complaint,,,No,No,No,,No
5937,no_evident_not_constructive_attitude_staff,constructive_attitude_staff,staff_should_learn_better_English,,,No,No,No,,No
5938,no_evident_not_constructive_attitude_staff,constructive_attitude_staff,staff_need_improve_organization,,,No,No,No,,No
5939,no_evident_not_constructive_attitude_staff,constructive_attitude_staff,staff_need_improve_collaboration,,,No,No,No,,No
5940,no_evident_not_constructive_attitude_staff,constructive_attitude_staff,staff_need_keep_update,,,No,No,No,,No
5941,no_evident_not_constructive_attitude_staff,constructive_attitude_staff,not_kind_staff,,,No,No,No,,No
5942,no_evident_not_constructive_attitude_staff,constructive_attitude_staff,no_empathy_staff,,,No,No,No,,No
5943,no_evident_not_constructive_attitude_staff,constructive_attitude_staff,staff_fail_to_communicate_with_taxi,,,No,No,No,,No
5944,no_evident_not_constructive_attitude_staff,constructive_attitude_staff,staff_fail_to_guest_request,,,No,No,No,,No
5945,no_evident_not_constructive_attitude_staff,constructive_attitude_staff,staff_cannot_provide_double_bed,,,No,No,No,,No
5946,no_evident_not_constructive_attitude_staff,constructive_attitude_staff,offended_staff,,,Yes,Yes,Yes,,Yes
5947,no_evident_not_constructive_attitude_staff,constructive_attitude_staff,staff_not_justify_booking_issue,,,Yes,Yes,No,,Yes
5948,no_evident_not_constructive_attitude_staff,constructive_attitude_staff,staff_charge_for_cancellation_while_no_cancellation_charge_in_Booking.com,,,No,No,No,,No
5949,no_evident_not_constructive_attitude_staff,constructive_attitude_staff,staff_enforce_cancellation_charge,,,No,No,No,,No
5950,no_evident_not_constructive_attitude_staff,constructive_attitude_staff,staff_mistakenly_throw_valuable_item_during_cleaning_service,,,No,No,No,,No
5951,no_evident_not_constructive_attitude_staff,constructive_attitude_staff,staff_not_provide_good_solution,,,Yes,Yes,No,,Yes
5952,no_evident_not_constructive_attitude_staff,constructive_attitude_staff,staff_has_unaceptable_manner,,,No,Yes,Yes,,Yes
5953,no_evident_not_constructive_attitude_staff,constructive_attitude_staff,staff_not_speak_Cypriot_language,,,No,No,No,,No
5954,no_evident_not_constructive_attitude_staff,constructive_attitude_staff,no_staff_at_night,,,No,No,No,,No
5955,no_evident_not_constructive_attitude_staff,constructive_attitude_staff,staff_not_understand_English_well,,,No,No,No,,No
5956,no_evident_not_constructive_attitude_staff,constructive_attitude_staff,staff_cannot_give_bus_to_airport_information,,,Yes,No,No,,No
5957,no_evident_not_constructive_attitude_staff,constructive_attitude_staff,only_one_staff_wear_mask,,,No,No,No,,No
5958,no_evident_not_staff_explain,staff_explain,staff_not_speak_English_properly,,,No,No,No,,No
5959,no_evident_not_staff_explain,staff_explain,staff_clean_after_complaint,,,No,No,No,,No
5960,no_evident_not_staff_explain,staff_explain,staff_should_learn_better_English,,,No,No,No,,No
5961,no_evident_not_staff_explain,staff_explain,staff_need_improve_organization,,,No,No,No,,No
5962,no_evident_not_staff_explain,staff_explain,staff_need_improve_collaboration,,,No,No,No,,No
5963,no_evident_not_staff_explain,staff_explain,staff_need_keep_update,,,No,No,No,,No
5964,no_evident_not_staff_explain,staff_explain,not_kind_staff,,,No,No,No,,No
5965,no_evident_not_staff_explain,staff_explain,no_empathy_staff,,,No,No,No,,No
5966,no_evident_not_staff_explain,staff_explain,staff_fail_to_communicate_with_taxi,,,No,No,No,,No
5967,no_evident_not_staff_explain,staff_explain,staff_fail_to_guest_request,,,No,No,No,,No
5968,no_evident_not_staff_explain,staff_explain,staff_cannot_provide_double_bed,,,No,No,No,,No
5969,no_evident_not_staff_explain,staff_explain,offended_staff,,,No,No,No,,No
5970,no_evident_not_staff_explain,staff_explain,staff_not_justify_booking_issue,,,No,Yes,Yes,,Yes
5971,no_evident_not_staff_explain,staff_explain,staff_charge_for_cancellation_while_no_cancellation_charge_in_Booking.com,,,No,No,No,,No
5972,no_evident_not_staff_explain,staff_explain,staff_enforce_cancellation_charge,,,Yes,Yes,No,,Yes
5973,no_evident_not_staff_explain,staff_explain,staff_mistakenly_throw_valuable_item_during_cleaning_service,,,No,No,No,,No
5974,no_evident_not_staff_explain,staff_explain,staff_not_provide_good_solution,,,No,No,No,,No
5975,no_evident_not_staff_explain,staff_explain,staff_has_unaceptable_manner,,,No,No,No,,No
5976,no_evident_not_staff_explain,staff_explain,staff_not_speak_Cypriot_language,,,No,No,No,,No
5977,no_evident_not_staff_explain,staff_explain,no_staff_at_night,,,No,Yes,Yes,,Yes
5978,no_evident_not_staff_explain,staff_explain,staff_not_understand_English_well,,,No,No,No,,No
5979,no_evident_not_staff_explain,staff_explain,staff_cannot_give_bus_to_airport_information,,,Yes,No,No,,No
5980,no_evident_not_staff_explain,staff_explain,only_one_staff_wear_mask,,,No,No,No,,No
5981,no_evident_not_staff_do_everything_to_compensate_inconvenience,staff_do_everything_to_compensate_inconvenience,staff_not_speak_English_properly,,,No,No,No,,No
5982,no_evident_not_staff_do_everything_to_compensate_inconvenience,staff_do_everything_to_compensate_inconvenience,staff_clean_after_complaint,,,No,No,No,,No
5983,no_evident_not_staff_do_everything_to_compensate_inconvenience,staff_do_everything_to_compensate_inconvenience,staff_should_learn_better_English,,,No,No,No,,No
5984,no_evident_not_staff_do_everything_to_compensate_inconvenience,staff_do_everything_to_compensate_inconvenience,staff_need_improve_organization,,,No,No,No,,No
5985,no_evident_not_staff_do_everything_to_compensate_inconvenience,staff_do_everything_to_compensate_inconvenience,staff_need_improve_collaboration,,,No,No,No,,No
5986,no_evident_not_staff_do_everything_to_compensate_inconvenience,staff_do_everything_to_compensate_inconvenience,staff_need_keep_update,,,No,No,No,,No
5987,no_evident_not_staff_do_everything_to_compensate_inconvenience,staff_do_everything_to_compensate_inconvenience,not_kind_staff,,,No,Yes,Yes,,Yes
5988,no_evident_not_staff_do_everything_to_compensate_inconvenience,staff_do_everything_to_compensate_inconvenience,no_empathy_staff,,,No,Yes,Yes,,Yes
5989,no_evident_not_staff_do_everything_to_compensate_inconvenience,staff_do_everything_to_compensate_inconvenience,staff_fail_to_communicate_with_taxi,,,No,No,No,,No
5990,no_evident_not_staff_do_everything_to_compensate_inconvenience,staff_do_everything_to_compensate_inconvenience,staff_fail_to_guest_request,,,No,No,No,,No
5991,no_evident_not_staff_do_everything_to_compensate_inconvenience,staff_do_everything_to_compensate_inconvenience,staff_cannot_provide_double_bed,,,No,No,No,,No
5992,no_evident_not_staff_do_everything_to_compensate_inconvenience,staff_do_everything_to_compensate_inconvenience,offended_staff,,,No,Yes,No,,No
5993,no_evident_not_staff_do_everything_to_compensate_inconvenience,staff_do_everything_to_compensate_inconvenience,staff_not_justify_booking_issue,,,No,No,No,,No
5994,no_evident_not_staff_do_everything_to_compensate_inconvenience,staff_do_everything_to_compensate_inconvenience,staff_charge_for_cancellation_while_no_cancellation_charge_in_Booking.com,,,No,No,No,,No
5995,no_evident_not_staff_do_everything_to_compensate_inconvenience,staff_do_everything_to_compensate_inconvenience,staff_enforce_cancellation_charge,,,No,No,No,,No
5996,no_evident_not_staff_do_everything_to_compensate_inconvenience,staff_do_everything_to_compensate_inconvenience,staff_mistakenly_throw_valuable_item_during_cleaning_service,,,No,No,No,,No
5997,no_evident_not_staff_do_everything_to_compensate_inconvenience,staff_do_everything_to_compensate_inconvenience,staff_not_provide_good_solution,,,Yes,No,No,,No
5998,no_evident_not_staff_do_everything_to_compensate_inconvenience,staff_do_everything_to_compensate_inconvenience,staff_has_unaceptable_manner,,,No,Yes,Yes,,Yes
5999,no_evident_not_staff_do_everything_to_compensate_inconvenience,staff_do_everything_to_compensate_inconvenience,staff_not_speak_Cypriot_language,,,No,No,No,,No
6000,no_evident_not_staff_do_everything_to_compensate_inconvenience,staff_do_everything_to_compensate_inconvenience,no_staff_at_night,,,No,No,No,,No
6001,no_evident_not_staff_do_everything_to_compensate_inconvenience,staff_do_everything_to_compensate_inconvenience,staff_not_understand_English_well,,,No,No,No,,No
6002,no_evident_not_staff_do_everything_to_compensate_inconvenience,staff_do_everything_to_compensate_inconvenience,staff_cannot_give_bus_to_airport_information,,,No,No,No,,No
6003,no_evident_not_staff_do_everything_to_compensate_inconvenience,staff_do_everything_to_compensate_inconvenience,only_one_staff_wear_mask,,,No,No,No,,No
6004,no_evident_not_staff_prepare_a_lot,staff_prepare_a_lot,staff_not_speak_English_properly,,,No,No,No,,No
6005,no_evident_not_staff_prepare_a_lot,staff_prepare_a_lot,staff_clean_after_complaint,,,No,No,No,,No
6006,no_evident_not_staff_prepare_a_lot,staff_prepare_a_lot,staff_should_learn_better_English,,,No,No,No,,No
6007,no_evident_not_staff_prepare_a_lot,staff_prepare_a_lot,staff_need_improve_organization,,,No,No,Yes,,No
6008,no_evident_not_staff_prepare_a_lot,staff_prepare_a_lot,staff_need_improve_collaboration,,,Yes,No,Yes,,Yes
6009,no_evident_not_staff_prepare_a_lot,staff_prepare_a_lot,staff_need_keep_update,,,Yes,No,Yes,,Yes
6010,no_evident_not_staff_prepare_a_lot,staff_prepare_a_lot,not_kind_staff,,,No,Yes,No,,No
6011,no_evident_not_staff_prepare_a_lot,staff_prepare_a_lot,no_empathy_staff,,,No,Yes,No,,No
6012,no_evident_not_staff_prepare_a_lot,staff_prepare_a_lot,staff_fail_to_communicate_with_taxi,,,No,No,No,,No
6013,no_evident_not_staff_prepare_a_lot,staff_prepare_a_lot,staff_fail_to_guest_request,,,Yes,No,No,,No
6014,no_evident_not_staff_prepare_a_lot,staff_prepare_a_lot,staff_cannot_provide_double_bed,,,No,No,No,,No
6015,no_evident_not_staff_prepare_a_lot,staff_prepare_a_lot,offended_staff,,,No,No,No,,No
6016,no_evident_not_staff_prepare_a_lot,staff_prepare_a_lot,staff_not_justify_booking_issue,,,No,No,No,,No
6017,no_evident_not_staff_prepare_a_lot,staff_prepare_a_lot,staff_charge_for_cancellation_while_no_cancellation_charge_in_Booking.com,,,No,No,No,,No
6018,no_evident_not_staff_prepare_a_lot,staff_prepare_a_lot,staff_enforce_cancellation_charge,,,No,No,No,,No
6019,no_evident_not_staff_prepare_a_lot,staff_prepare_a_lot,staff_mistakenly_throw_valuable_item_during_cleaning_service,,,No,No,No,,No
6020,no_evident_not_staff_prepare_a_lot,staff_prepare_a_lot,staff_not_provide_good_solution,,,Yes,No,No,,No
6021,no_evident_not_staff_prepare_a_lot,staff_prepare_a_lot,staff_has_unaceptable_manner,,,No,No,No,,No
6022,no_evident_not_staff_prepare_a_lot,staff_prepare_a_lot,staff_not_speak_Cypriot_language,,,No,No,No,,No
6023,no_evident_not_staff_prepare_a_lot,staff_prepare_a_lot,no_staff_at_night,,,No,No,No,,No
6024,no_evident_not_staff_prepare_a_lot,staff_prepare_a_lot,staff_not_understand_English_well,,,No,No,No,,No
6025,no_evident_not_staff_prepare_a_lot,staff_prepare_a_lot,staff_cannot_give_bus_to_airport_information,,,Yes,No,No,,No
6026,no_evident_not_staff_prepare_a_lot,staff_prepare_a_lot,only_one_staff_wear_mask,,,No,No,No,,No
6027,no_evident_not_staff_prepare_pool,staff_prepare_pool,staff_not_speak_English_properly,,,No,No,No,,No
6028,no_evident_not_staff_prepare_pool,staff_prepare_pool,staff_clean_after_complaint,,,No,No,No,,No
6029,no_evident_not_staff_prepare_pool,staff_prepare_pool,staff_should_learn_better_English,,,No,No,No,,No
6030,no_evident_not_staff_prepare_pool,staff_prepare_pool,staff_need_improve_organization,,,No,No,Yes,,No
6031,no_evident_not_staff_prepare_pool,staff_prepare_pool,staff_need_improve_collaboration,,,No,No,No,,No
6032,no_evident_not_staff_prepare_pool,staff_prepare_pool,staff_need_keep_update,,,No,No,No,,No
6033,no_evident_not_staff_prepare_pool,staff_prepare_pool,not_kind_staff,,,No,Yes,No,,No
6034,no_evident_not_staff_prepare_pool,staff_prepare_pool,no_empathy_staff,,,No,Yes,No,,No
6035,no_evident_not_staff_prepare_pool,staff_prepare_pool,staff_fail_to_communicate_with_taxi,,,No,No,No,,No
6036,no_evident_not_staff_prepare_pool,staff_prepare_pool,staff_fail_to_guest_request,,,No,No,No,,No
6037,no_evident_not_staff_prepare_pool,staff_prepare_pool,staff_cannot_provide_double_bed,,,No,No,No,,No
6038,no_evident_not_staff_prepare_pool,staff_prepare_pool,offended_staff,,,No,No,No,,No
6039,no_evident_not_staff_prepare_pool,staff_prepare_pool,staff_not_justify_booking_issue,,,No,No,No,,No
6040,no_evident_not_staff_prepare_pool,staff_prepare_pool,staff_charge_for_cancellation_while_no_cancellation_charge_in_Booking.com,,,No,No,No,,No
6041,no_evident_not_staff_prepare_pool,staff_prepare_pool,staff_enforce_cancellation_charge,,,No,No,No,,No
6042,no_evident_not_staff_prepare_pool,staff_prepare_pool,staff_mistakenly_throw_valuable_item_during_cleaning_service,,,No,No,No,,No
6043,no_evident_not_staff_prepare_pool,staff_prepare_pool,staff_not_provide_good_solution,,,No,No,No,,No
6044,no_evident_not_staff_prepare_pool,staff_prepare_pool,staff_has_unaceptable_manner,,,No,No,No,,No
6045,no_evident_not_staff_prepare_pool,staff_prepare_pool,staff_not_speak_Cypriot_language,,,No,No,No,,No
6046,no_evident_not_staff_prepare_pool,staff_prepare_pool,no_staff_at_night,,,No,No,No,,No
6047,no_evident_not_staff_prepare_pool,staff_prepare_pool,staff_not_understand_English_well,,,No,No,No,,No
6048,no_evident_not_staff_prepare_pool,staff_prepare_pool,staff_cannot_give_bus_to_airport_information,,,No,No,No,,No
6049,no_evident_not_staff_prepare_pool,staff_prepare_pool,only_one_staff_wear_mask,,,No,No,No,,No
6050,no_evident_not_staff_prepare_play_room,staff_prepare_play_room,staff_not_speak_English_properly,,,No,No,No,,No
6051,no_evident_not_staff_prepare_play_room,staff_prepare_play_room,staff_clean_after_complaint,,,No,No,No,,No
6052,no_evident_not_staff_prepare_play_room,staff_prepare_play_room,staff_should_learn_better_English,,,No,No,No,,No
6053,no_evident_not_staff_prepare_play_room,staff_prepare_play_room,staff_need_improve_organization,,,No,No,Yes,,No
6054,no_evident_not_staff_prepare_play_room,staff_prepare_play_room,staff_need_improve_collaboration,,,No,No,No,,No
6055,no_evident_not_staff_prepare_play_room,staff_prepare_play_room,staff_need_keep_update,,,No,No,No,,No
6056,no_evident_not_staff_prepare_play_room,staff_prepare_play_room,not_kind_staff,,,No,Yes,No,,No
6057,no_evident_not_staff_prepare_play_room,staff_prepare_play_room,no_empathy_staff,,,No,Yes,No,,No
6058,no_evident_not_staff_prepare_play_room,staff_prepare_play_room,staff_fail_to_communicate_with_taxi,,,No,No,No,,No
6059,no_evident_not_staff_prepare_play_room,staff_prepare_play_room,staff_fail_to_guest_request,,,No,No,No,,No
6060,no_evident_not_staff_prepare_play_room,staff_prepare_play_room,staff_cannot_provide_double_bed,,,No,No,No,,No
6061,no_evident_not_staff_prepare_play_room,staff_prepare_play_room,offended_staff,,,No,No,No,,No
6062,no_evident_not_staff_prepare_play_room,staff_prepare_play_room,staff_not_justify_booking_issue,,,No,No,No,,No
6063,no_evident_not_staff_prepare_play_room,staff_prepare_play_room,staff_charge_for_cancellation_while_no_cancellation_charge_in_Booking.com,,,No,No,No,,No
6064,no_evident_not_staff_prepare_play_room,staff_prepare_play_room,staff_enforce_cancellation_charge,,,No,No,No,,No
6065,no_evident_not_staff_prepare_play_room,staff_prepare_play_room,staff_mistakenly_throw_valuable_item_during_cleaning_service,,,No,No,No,,No
6066,no_evident_not_staff_prepare_play_room,staff_prepare_play_room,staff_not_provide_good_solution,,,No,No,No,,No
6067,no_evident_not_staff_prepare_play_room,staff_prepare_play_room,staff_has_unaceptable_manner,,,No,No,No,,No
6068,no_evident_not_staff_prepare_play_room,staff_prepare_play_room,staff_not_speak_Cypriot_language,,,No,No,No,,No
6069,no_evident_not_staff_prepare_play_room,staff_prepare_play_room,no_staff_at_night,,,No,No,No,,No
6070,no_evident_not_staff_prepare_play_room,staff_prepare_play_room,staff_not_understand_English_well,,,No,No,No,,No
6071,no_evident_not_staff_prepare_play_room,staff_prepare_play_room,staff_cannot_give_bus_to_airport_information,,,No,No,No,,No
6072,no_evident_not_staff_prepare_play_room,staff_prepare_play_room,only_one_staff_wear_mask,,,No,No,No,,No
6073,no_evident_not_staff_prepare_roof_garden,staff_prepare_roof_garden,staff_not_speak_English_properly,,,No,No,No,,No
6074,no_evident_not_staff_prepare_roof_garden,staff_prepare_roof_garden,staff_clean_after_complaint,,,No,No,No,,No
6075,no_evident_not_staff_prepare_roof_garden,staff_prepare_roof_garden,staff_should_learn_better_English,,,No,No,No,,No
6076,no_evident_not_staff_prepare_roof_garden,staff_prepare_roof_garden,staff_need_improve_organization,,,No,No,Yes,,No
6077,no_evident_not_staff_prepare_roof_garden,staff_prepare_roof_garden,staff_need_improve_collaboration,,,No,No,No,,No
6078,no_evident_not_staff_prepare_roof_garden,staff_prepare_roof_garden,staff_need_keep_update,,,No,No,No,,No
6079,no_evident_not_staff_prepare_roof_garden,staff_prepare_roof_garden,not_kind_staff,,,No,Yes,No,,No
6080,no_evident_not_staff_prepare_roof_garden,staff_prepare_roof_garden,no_empathy_staff,,,No,Yes,No,,No
6081,no_evident_not_staff_prepare_roof_garden,staff_prepare_roof_garden,staff_fail_to_communicate_with_taxi,,,No,No,No,,No
6082,no_evident_not_staff_prepare_roof_garden,staff_prepare_roof_garden,staff_fail_to_guest_request,,,No,No,No,,No
6083,no_evident_not_staff_prepare_roof_garden,staff_prepare_roof_garden,staff_cannot_provide_double_bed,,,No,No,No,,No
6084,no_evident_not_staff_prepare_roof_garden,staff_prepare_roof_garden,offended_staff,,,No,No,No,,No
6085,no_evident_not_staff_prepare_roof_garden,staff_prepare_roof_garden,staff_not_justify_booking_issue,,,No,No,No,,No
6086,no_evident_not_staff_prepare_roof_garden,staff_prepare_roof_garden,staff_charge_for_cancellation_while_no_cancellation_charge_in_Booking.com,,,No,No,No,,No
6087,no_evident_not_staff_prepare_roof_garden,staff_prepare_roof_garden,staff_enforce_cancellation_charge,,,No,No,No,,No
6088,no_evident_not_staff_prepare_roof_garden,staff_prepare_roof_garden,staff_mistakenly_throw_valuable_item_during_cleaning_service,,,No,No,No,,No
6089,no_evident_not_staff_prepare_roof_garden,staff_prepare_roof_garden,staff_not_provide_good_solution,,,No,No,No,,No
6090,no_evident_not_staff_prepare_roof_garden,staff_prepare_roof_garden,staff_has_unaceptable_manner,,,No,No,No,,No
6091,no_evident_not_staff_prepare_roof_garden,staff_prepare_roof_garden,staff_not_speak_Cypriot_language,,,No,No,No,,No
6092,no_evident_not_staff_prepare_roof_garden,staff_prepare_roof_garden,no_staff_at_night,,,No,No,No,,No
6093,no_evident_not_staff_prepare_roof_garden,staff_prepare_roof_garden,staff_not_understand_English_well,,,No,No,No,,No
6094,no_evident_not_staff_prepare_roof_garden,staff_prepare_roof_garden,staff_cannot_give_bus_to_airport_information,,,No,No,No,,No
6095,no_evident_not_staff_prepare_roof_garden,staff_prepare_roof_garden,only_one_staff_wear_mask,,,No,No,No,,No
6096,no_evident_not_staff_communicate_well_French,staff_communicate_well_French,staff_not_speak_English_properly,,,No,No,No,,No
6097,no_evident_not_staff_communicate_well_French,staff_communicate_well_French,staff_clean_after_complaint,,,No,No,No,,No
6098,no_evident_not_staff_communicate_well_French,staff_communicate_well_French,staff_should_learn_better_English,,,No,No,No,,No
6099,no_evident_not_staff_communicate_well_French,staff_communicate_well_French,staff_need_improve_organization,,,No,No,No,,No
6100,no_evident_not_staff_communicate_well_French,staff_communicate_well_French,staff_need_improve_collaboration,,,No,No,No,,No
6101,no_evident_not_staff_communicate_well_French,staff_communicate_well_French,staff_need_keep_update,,,No,No,No,,No
6102,no_evident_not_staff_communicate_well_French,staff_communicate_well_French,not_kind_staff,,,No,No,No,,No
6103,no_evident_not_staff_communicate_well_French,staff_communicate_well_French,no_empathy_staff,,,No,No,No,,No
6104,no_evident_not_staff_communicate_well_French,staff_communicate_well_French,staff_fail_to_communicate_with_taxi,,,No,No,No,,No
6105,no_evident_not_staff_communicate_well_French,staff_communicate_well_French,staff_fail_to_guest_request,,,No,No,No,,No
6106,no_evident_not_staff_communicate_well_French,staff_communicate_well_French,staff_cannot_provide_double_bed,,,No,No,No,,No
6107,no_evident_not_staff_communicate_well_French,staff_communicate_well_French,offended_staff,,,No,No,No,,No
6108,no_evident_not_staff_communicate_well_French,staff_communicate_well_French,staff_not_justify_booking_issue,,,No,No,No,,No
6109,no_evident_not_staff_communicate_well_French,staff_communicate_well_French,staff_charge_for_cancellation_while_no_cancellation_charge_in_Booking.com,,,No,No,No,,No
6110,no_evident_not_staff_communicate_well_French,staff_communicate_well_French,staff_enforce_cancellation_charge,,,No,No,No,,No
6111,no_evident_not_staff_communicate_well_French,staff_communicate_well_French,staff_mistakenly_throw_valuable_item_during_cleaning_service,,,No,No,No,,No
6112,no_evident_not_staff_communicate_well_French,staff_communicate_well_French,staff_not_provide_good_solution,,,No,No,No,,No
6113,no_evident_not_staff_communicate_well_French,staff_communicate_well_French,staff_has_unaceptable_manner,,,No,No,No,,No
6114,no_evident_not_staff_communicate_well_French,staff_communicate_well_French,staff_not_speak_Cypriot_language,,,No,No,No,,No
6115,no_evident_not_staff_communicate_well_French,staff_communicate_well_French,no_staff_at_night,,,No,No,No,,No
6116,no_evident_not_staff_communicate_well_French,staff_communicate_well_French,staff_not_understand_English_well,,,No,No,No,,No
6117,no_evident_not_staff_communicate_well_French,staff_communicate_well_French,staff_cannot_give_bus_to_airport_information,,,No,No,No,,No
6118,no_evident_not_staff_communicate_well_French,staff_communicate_well_French,only_one_staff_wear_mask,,,No,No,No,,No
6119,no_evident_not_willing_to_help_staff,willing_to_help_staff,staff_not_speak_English_properly,,,No,No,No,,No
6120,no_evident_not_willing_to_help_staff,willing_to_help_staff,staff_clean_after_complaint,,,No,No,No,,No
6121,no_evident_not_willing_to_help_staff,willing_to_help_staff,staff_should_learn_better_English,,,No,No,No,,No
6122,no_evident_not_willing_to_help_staff,willing_to_help_staff,staff_need_improve_organization,,,No,No,No,,No
6123,no_evident_not_willing_to_help_staff,willing_to_help_staff,staff_need_improve_collaboration,,,No,No,No,,No
6124,no_evident_not_willing_to_help_staff,willing_to_help_staff,staff_need_keep_update,,,No,No,No,,No
6125,no_evident_not_willing_to_help_staff,willing_to_help_staff,not_kind_staff,,,No,Yes,Yes,,Yes
6126,no_evident_not_willing_to_help_staff,willing_to_help_staff,no_empathy_staff,,,No,Yes,Yes,,Yes
6127,no_evident_not_willing_to_help_staff,willing_to_help_staff,staff_fail_to_communicate_with_taxi,,,No,No,No,,No
6128,no_evident_not_willing_to_help_staff,willing_to_help_staff,staff_fail_to_guest_request,,,No,No,No,,No
6129,no_evident_not_willing_to_help_staff,willing_to_help_staff,staff_cannot_provide_double_bed,,,No,No,No,,No
6130,no_evident_not_willing_to_help_staff,willing_to_help_staff,offended_staff,,,Yes,Yes,Yes,,Yes
6131,no_evident_not_willing_to_help_staff,willing_to_help_staff,staff_not_justify_booking_issue,,,Yes,Yes,No,,Yes
6132,no_evident_not_willing_to_help_staff,willing_to_help_staff,staff_charge_for_cancellation_while_no_cancellation_charge_in_Booking.com,,,No,No,No,,No
6133,no_evident_not_willing_to_help_staff,willing_to_help_staff,staff_enforce_cancellation_charge,,,Yes,Yes,No,,Yes
6134,no_evident_not_willing_to_help_staff,willing_to_help_staff,staff_mistakenly_throw_valuable_item_during_cleaning_service,,,No,No,No,,No
6135,no_evident_not_willing_to_help_staff,willing_to_help_staff,staff_not_provide_good_solution,,,No,Yes,No,,No
6136,no_evident_not_willing_to_help_staff,willing_to_help_staff,staff_has_unaceptable_manner,,,Yes,No,Yes,,Yes
6137,no_evident_not_willing_to_help_staff,willing_to_help_staff,staff_not_speak_Cypriot_language,,,No,No,No,,No
6138,no_evident_not_willing_to_help_staff,willing_to_help_staff,no_staff_at_night,,,No,Yes,No,,No
6139,no_evident_not_willing_to_help_staff,willing_to_help_staff,staff_not_understand_English_well,,,No,No,No,,No
6140,no_evident_not_willing_to_help_staff,willing_to_help_staff,staff_cannot_give_bus_to_airport_information,,,Yes,No,No,,No
6141,no_evident_not_willing_to_help_staff,willing_to_help_staff,only_one_staff_wear_mask,,,No,No,No,,No
6142,no_evident_not_warm_welcome_in_French,warm_welcome_in_French,staff_not_speak_English_properly,,,No,No,No,,No
6143,no_evident_not_warm_welcome_in_French,warm_welcome_in_French,staff_clean_after_complaint,,,No,No,No,,No
6144,no_evident_not_warm_welcome_in_French,warm_welcome_in_French,staff_should_learn_better_English,,,No,No,No,,No
6145,no_evident_not_warm_welcome_in_French,warm_welcome_in_French,staff_need_improve_organization,,,No,No,No,,No
6146,no_evident_not_warm_welcome_in_French,warm_welcome_in_French,staff_need_improve_collaboration,,,No,No,No,,No
6147,no_evident_not_warm_welcome_in_French,warm_welcome_in_French,staff_need_keep_update,,,No,No,No,,No
6148,no_evident_not_warm_welcome_in_French,warm_welcome_in_French,not_kind_staff,,,Yes,Yes,No,,Yes
6149,no_evident_not_warm_welcome_in_French,warm_welcome_in_French,no_empathy_staff,,,Yes,Yes,No,,Yes
6150,no_evident_not_warm_welcome_in_French,warm_welcome_in_French,staff_fail_to_communicate_with_taxi,,,No,No,No,,No
6151,no_evident_not_warm_welcome_in_French,warm_welcome_in_French,staff_fail_to_guest_request,,,No,No,No,,No
6152,no_evident_not_warm_welcome_in_French,warm_welcome_in_French,staff_cannot_provide_double_bed,,,No,No,No,,No
6153,no_evident_not_warm_welcome_in_French,warm_welcome_in_French,offended_staff,,,Yes,Yes,No,,Yes
6154,no_evident_not_warm_welcome_in_French,warm_welcome_in_French,staff_not_justify_booking_issue,,,No,No,No,,No
6155,no_evident_not_warm_welcome_in_French,warm_welcome_in_French,staff_charge_for_cancellation_while_no_cancellation_charge_in_Booking.com,,,No,No,No,,No
6156,no_evident_not_warm_welcome_in_French,warm_welcome_in_French,staff_enforce_cancellation_charge,,,No,No,No,,No
6157,no_evident_not_warm_welcome_in_French,warm_welcome_in_French,staff_mistakenly_throw_valuable_item_during_cleaning_service,,,No,No,No,,No
6158,no_evident_not_warm_welcome_in_French,warm_welcome_in_French,staff_not_provide_good_solution,,,No,No,No,,No
6159,no_evident_not_warm_welcome_in_French,warm_welcome_in_French,staff_has_unaceptable_manner,,,Yes,Yes,No,,Yes
6160,no_evident_not_warm_welcome_in_French,warm_welcome_in_French,staff_not_speak_Cypriot_language,,,No,No,No,,No
6161,no_evident_not_warm_welcome_in_French,warm_welcome_in_French,no_staff_at_night,,,No,No,No,,No
6162,no_evident_not_warm_welcome_in_French,warm_welcome_in_French,staff_not_understand_English_well,,,No,No,No,,No
6163,no_evident_not_warm_welcome_in_French,warm_welcome_in_French,staff_cannot_give_bus_to_airport_information,,,No,No,No,,No
6164,no_evident_not_warm_welcome_in_French,warm_welcome_in_French,only_one_staff_wear_mask,,,No,No,No,,No
6165,no_evident_not_perfect_welcome_at4am_arrival,perfect_welcome_at4am_arrival,staff_not_speak_English_properly,,,No,No,No,,No
6166,no_evident_not_perfect_welcome_at4am_arrival,perfect_welcome_at4am_arrival,staff_clean_after_complaint,,,No,No,No,,No
6167,no_evident_not_perfect_welcome_at4am_arrival,perfect_welcome_at4am_arrival,staff_should_learn_better_English,,,No,No,No,,No
6168,no_evident_not_perfect_welcome_at4am_arrival,perfect_welcome_at4am_arrival,staff_need_improve_organization,,,No,No,No,,No
6169,no_evident_not_perfect_welcome_at4am_arrival,perfect_welcome_at4am_arrival,staff_need_improve_collaboration,,,No,No,No,,No
6170,no_evident_not_perfect_welcome_at4am_arrival,perfect_welcome_at4am_arrival,staff_need_keep_update,,,No,No,No,,No
6171,no_evident_not_perfect_welcome_at4am_arrival,perfect_welcome_at4am_arrival,not_kind_staff,,,Yes,Yes,No,,Yes
6172,no_evident_not_perfect_welcome_at4am_arrival,perfect_welcome_at4am_arrival,no_empathy_staff,,,No,Yes,No,,No
6173,no_evident_not_perfect_welcome_at4am_arrival,perfect_welcome_at4am_arrival,staff_fail_to_communicate_with_taxi,,,No,No,No,,No
6174,no_evident_not_perfect_welcome_at4am_arrival,perfect_welcome_at4am_arrival,staff_fail_to_guest_request,,,Yes,No,No,,No
6175,no_evident_not_perfect_welcome_at4am_arrival,perfect_welcome_at4am_arrival,staff_cannot_provide_double_bed,,,Yes,No,No,,No
6176,no_evident_not_perfect_welcome_at4am_arrival,perfect_welcome_at4am_arrival,offended_staff,,,Yes,Yes,No,,Yes
6177,no_evident_not_perfect_welcome_at4am_arrival,perfect_welcome_at4am_arrival,staff_not_justify_booking_issue,,,Yes,No,No,,No
6178,no_evident_not_perfect_welcome_at4am_arrival,perfect_welcome_at4am_arrival,staff_charge_for_cancellation_while_no_cancellation_charge_in_Booking.com,,,No,No,No,,No
6179,no_evident_not_perfect_welcome_at4am_arrival,perfect_welcome_at4am_arrival,staff_enforce_cancellation_charge,,,No,No,No,,No
6180,no_evident_not_perfect_welcome_at4am_arrival,perfect_welcome_at4am_arrival,staff_mistakenly_throw_valuable_item_during_cleaning_service,,,No,No,No,,No
6181,no_evident_not_perfect_welcome_at4am_arrival,perfect_welcome_at4am_arrival,staff_not_provide_good_solution,,,Yes,No,No,,No
6182,no_evident_not_perfect_welcome_at4am_arrival,perfect_welcome_at4am_arrival,staff_has_unaceptable_manner,,,Yes,Yes,Yes,,Yes
6183,no_evident_not_perfect_welcome_at4am_arrival,perfect_welcome_at4am_arrival,staff_not_speak_Cypriot_language,,,No,No,No,,No
6184,no_evident_not_perfect_welcome_at4am_arrival,perfect_welcome_at4am_arrival,no_staff_at_night,,,Yes,Yes,No,,Yes
6185,no_evident_not_perfect_welcome_at4am_arrival,perfect_welcome_at4am_arrival,staff_not_understand_English_well,,,No,No,No,,No
6186,no_evident_not_perfect_welcome_at4am_arrival,perfect_welcome_at4am_arrival,staff_cannot_give_bus_to_airport_information,,,No,No,No,,No
6187,no_evident_not_perfect_welcome_at4am_arrival,perfect_welcome_at4am_arrival,only_one_staff_wear_mask,,,No,No,No,,No
6188,no_evident_not_staff_alway_smile,staff_alway_smile,staff_not_speak_English_properly,,,No,No,No,,No
6189,no_evident_not_staff_alway_smile,staff_alway_smile,staff_clean_after_complaint,,,No,No,No,,No
6190,no_evident_not_staff_alway_smile,staff_alway_smile,staff_should_learn_better_English,,,No,No,No,,No
6191,no_evident_not_staff_alway_smile,staff_alway_smile,staff_need_improve_organization,,,No,No,No,,No
6192,no_evident_not_staff_alway_smile,staff_alway_smile,staff_need_improve_collaboration,,,No,No,No,,No
6193,no_evident_not_staff_alway_smile,staff_alway_smile,staff_need_keep_update,,,No,No,No,,No
6194,no_evident_not_staff_alway_smile,staff_alway_smile,not_kind_staff,,,Yes,Yes,Yes,,Yes
6195,no_evident_not_staff_alway_smile,staff_alway_smile,no_empathy_staff,,,No,Yes,Yes,,Yes
6196,no_evident_not_staff_alway_smile,staff_alway_smile,staff_fail_to_communicate_with_taxi,,,No,No,No,,No
6197,no_evident_not_staff_alway_smile,staff_alway_smile,staff_fail_to_guest_request,,,No,No,No,,No
6198,no_evident_not_staff_alway_smile,staff_alway_smile,staff_cannot_provide_double_bed,,,No,No,No,,No
6199,no_evident_not_staff_alway_smile,staff_alway_smile,offended_staff,,,Yes,Yes,Yes,,Yes
6200,no_evident_not_staff_alway_smile,staff_alway_smile,staff_not_justify_booking_issue,,,No,No,No,,No
6201,no_evident_not_staff_alway_smile,staff_alway_smile,staff_charge_for_cancellation_while_no_cancellation_charge_in_Booking.com,,,No,No,No,,No
6202,no_evident_not_staff_alway_smile,staff_alway_smile,staff_enforce_cancellation_charge,,,No,No,No,,No
6203,no_evident_not_staff_alway_smile,staff_alway_smile,staff_mistakenly_throw_valuable_item_during_cleaning_service,,,No,No,No,,No
6204,no_evident_not_staff_alway_smile,staff_alway_smile,staff_not_provide_good_solution,,,No,No,No,,No
6205,no_evident_not_staff_alway_smile,staff_alway_smile,staff_has_unaceptable_manner,,,Yes,Yes,Yes,,Yes
6206,no_evident_not_staff_alway_smile,staff_alway_smile,staff_not_speak_Cypriot_language,,,No,No,No,,No
6207,no_evident_not_staff_alway_smile,staff_alway_smile,no_staff_at_night,,,No,No,No,,No
6208,no_evident_not_staff_alway_smile,staff_alway_smile,staff_not_understand_English_well,,,No,No,No,,No
6209,no_evident_not_staff_alway_smile,staff_alway_smile,staff_cannot_give_bus_to_airport_information,,,No,No,No,,No
6210,no_evident_not_staff_alway_smile,staff_alway_smile,only_one_staff_wear_mask,,,No,No,No,,No
6211,no_evident_not_willingness_staff,willingness_staff,staff_not_speak_English_properly,,,No,No,No,,No
6212,no_evident_not_willingness_staff,willingness_staff,staff_clean_after_complaint,,,No,No,No,,No
6213,no_evident_not_willingness_staff,willingness_staff,staff_should_learn_better_English,,,No,No,No,,No
6214,no_evident_not_willingness_staff,willingness_staff,staff_need_improve_organization,,,No,No,No,,No
6215,no_evident_not_willingness_staff,willingness_staff,staff_need_improve_collaboration,,,No,No,No,,No
6216,no_evident_not_willingness_staff,willingness_staff,staff_need_keep_update,,,No,No,No,,No
6217,no_evident_not_willingness_staff,willingness_staff,not_kind_staff,,,No,Yes,Yes,,Yes
6218,no_evident_not_willingness_staff,willingness_staff,no_empathy_staff,,,No,Yes,Yes,,Yes
6219,no_evident_not_willingness_staff,willingness_staff,staff_fail_to_communicate_with_taxi,,,No,No,No,,No
6220,no_evident_not_willingness_staff,willingness_staff,staff_fail_to_guest_request,,,No,No,No,,No
6221,no_evident_not_willingness_staff,willingness_staff,staff_cannot_provide_double_bed,,,No,No,No,,No
6222,no_evident_not_willingness_staff,willingness_staff,offended_staff,,,Yes,Yes,Yes,,Yes
6223,no_evident_not_willingness_staff,willingness_staff,staff_not_justify_booking_issue,,,Yes,Yes,No,,Yes
6224,no_evident_not_willingness_staff,willingness_staff,staff_charge_for_cancellation_while_no_cancellation_charge_in_Booking.com,,,No,No,No,,No
6225,no_evident_not_willingness_staff,willingness_staff,staff_enforce_cancellation_charge,,,Yes,No,No,,No
6226,no_evident_not_willingness_staff,willingness_staff,staff_mistakenly_throw_valuable_item_during_cleaning_service,,,No,No,No,,No
6227,no_evident_not_willingness_staff,willingness_staff,staff_not_provide_good_solution,,,No,No,No,,No
6228,no_evident_not_willingness_staff,willingness_staff,staff_has_unaceptable_manner,,,Yes,Yes,Yes,,Yes
6229,no_evident_not_willingness_staff,willingness_staff,staff_not_speak_Cypriot_language,,,No,No,No,,No
6230,no_evident_not_willingness_staff,willingness_staff,no_staff_at_night,,,No,No,No,,No
6231,no_evident_not_willingness_staff,willingness_staff,staff_not_understand_English_well,,,No,No,No,,No
6232,no_evident_not_willingness_staff,willingness_staff,staff_cannot_give_bus_to_airport_information,,,Yes,No,No,,No
6233,no_evident_not_willingness_staff,willingness_staff,only_one_staff_wear_mask,,,No,No,No,,No
6234,no_evident_not_warm_service_staff,warm_service_staff,staff_not_speak_English_properly,,,No,No,No,,No
6235,no_evident_not_warm_service_staff,warm_service_staff,staff_clean_after_complaint,,,No,No,No,,No
6236,no_evident_not_warm_service_staff,warm_service_staff,staff_should_learn_better_English,,,No,No,No,,No
6237,no_evident_not_warm_service_staff,warm_service_staff,staff_need_improve_organization,,,No,No,No,,No
6238,no_evident_not_warm_service_staff,warm_service_staff,staff_need_improve_collaboration,,,No,No,No,,No
6239,no_evident_not_warm_service_staff,warm_service_staff,staff_need_keep_update,,,No,No,No,,No
6240,no_evident_not_warm_service_staff,warm_service_staff,not_kind_staff,,,Yes,Yes,Yes,,Yes
6241,no_evident_not_warm_service_staff,warm_service_staff,no_empathy_staff,,,Yes,Yes,Yes,,Yes
6242,no_evident_not_warm_service_staff,warm_service_staff,staff_fail_to_communicate_with_taxi,,,No,No,No,,No
6243,no_evident_not_warm_service_staff,warm_service_staff,staff_fail_to_guest_request,,,No,No,No,,No
6244,no_evident_not_warm_service_staff,warm_service_staff,staff_cannot_provide_double_bed,,,No,No,No,,No
6245,no_evident_not_warm_service_staff,warm_service_staff,offended_staff,,,Yes,Yes,Yes,,Yes
6246,no_evident_not_warm_service_staff,warm_service_staff,staff_not_justify_booking_issue,,,Yes,No,No,,No
6247,no_evident_not_warm_service_staff,warm_service_staff,staff_charge_for_cancellation_while_no_cancellation_charge_in_Booking.com,,,No,No,No,,No
6248,no_evident_not_warm_service_staff,warm_service_staff,staff_enforce_cancellation_charge,,,Yes,No,No,,No
6249,no_evident_not_warm_service_staff,warm_service_staff,staff_mistakenly_throw_valuable_item_during_cleaning_service,,,No,No,No,,No
6250,no_evident_not_warm_service_staff,warm_service_staff,staff_not_provide_good_solution,,,Yes,No,No,,No
6251,no_evident_not_warm_service_staff,warm_service_staff,staff_has_unaceptable_manner,,,Yes,Yes,Yes,,Yes
6252,no_evident_not_warm_service_staff,warm_service_staff,staff_not_speak_Cypriot_language,,,No,No,No,,No
6253,no_evident_not_warm_service_staff,warm_service_staff,no_staff_at_night,,,No,No,No,,No
6254,no_evident_not_warm_service_staff,warm_service_staff,staff_not_understand_English_well,,,No,No,No,,No
6255,no_evident_not_warm_service_staff,warm_service_staff,staff_cannot_give_bus_to_airport_information,,,No,No,No,,No
6256,no_evident_not_warm_service_staff,warm_service_staff,only_one_staff_wear_mask,,,No,No,No,,No